history_id,product,material,operation_type,machine_id,quantity,planned_time,actual_time,machine_temp,vibration,start_time,end_time,time_per_unit,hist_avg_time_per_unit,delay_ratio
H676,Shaft,Steel,Drilling,M6,121,0.905,0.725,67.7,2.2,2025-07-09 21:00:00,2025-07-09 21:43:30.261661206,0.005991735537190082,0.006152225361391351,0.8011049723756906
H1039,Housing,Aluminium,Turning,M3,272,2.476,1.635,60.5,2.59,2025-07-09 22:00:00,2025-07-09 23:38:07.635624871,0.006011029411764706,0.009229465136558769,0.6603392568659128
H118,Bracket,Aluminium,Assembly,M8,555,6.96,4.461,57.4,2.85,2025-07-09 23:00:00,2025-07-10 03:27:41.284609527,0.008037837837837838,0.01127217730061883,0.640948275862069
H311,Valve,Titanium,Turning,M3,383,3.364,4.202,63.3,1.85,2025-07-09 23:00:00,2025-07-10 03:12:08.871509788,0.010971279373368146,0.006011029411764706,1.2491082045184305
H240,Gear,Steel,Drilling,M6,558,3.09,2.374,54.2,2.67,2025-07-10 00:00:00,2025-07-10 02:22:25.776169048,0.0042544802867383515,0.005991735537190082,0.768284789644013
H1442,Valve,Titanium,Turning,M3,271,2.468,3.599,78.0,2.65,2025-07-10 01:00:00,2025-07-10 04:35:55.075575090,0.013280442804428045,0.008491154392566426,1.4582658022690438
H1528,Valve,Titanium,Assembly,M8,154,2.148,2.804,57.0,2.34,2025-07-10 02:00:00,2025-07-10 04:48:14.423027873,0.018207792207792207,0.008037837837837838,1.3054003724394785
H1343,Shaft,Steel,Drilling,M6,248,1.54,1.245,72.4,1.85,2025-07-10 02:00:00,2025-07-10 03:14:40.817998321,0.0050201612903225815,0.005123107911964217,0.8084415584415585
H1258,Gear,Steel,Turning,M3,98,1.084,1.01,54.0,1.41,2025-07-10 02:00:00,2025-07-10 03:00:35.006616805,0.010306122448979592,0.010087583863186965,0.9317343173431734
H894,Housing,Aluminium,Cutting,M1,447,4.77,3.039,65.4,2.81,2025-07-10 03:00:00,2025-07-10 06:02:19.582691680,0.0067986577181208055,0.010217940189606249,0.6371069182389938
H1656,Valve,Titanium,Cutting,M1,95,1.25,1.574,64.5,2.14,2025-07-10 03:00:00,2025-07-10 04:34:25.291009949,0.01656842105263158,0.0067986577181208055,1.2592
H884,Shaft,Steel,Cutting,M2,535,5.65,5.728,57.1,2.55,2025-07-10 05:00:00,2025-07-10 10:43:39.072403279,0.010706542056074766,0.010217940189606249,1.0138053097345132
H646,Gear,Steel,Drilling,M6,95,0.775,0.632,68.1,2.82,2025-07-10 06:00:00,2025-07-10 06:37:56.594421216,0.006652631578947368,0.005088792371417006,0.8154838709677419
H1971,Housing,Aluminium,Turning,M3,260,2.38,1.724,75.0,0.87,2025-07-10 06:00:00,2025-07-10 07:43:24.830668539,0.006630769230769231,0.010142218509635122,0.7243697478991596
H601,Gear,Steel,Turning,M4,108,1.164,1.087,62.5,1.98,2025-07-10 06:00:00,2025-07-10 07:05:13.094600344,0.010064814814814815,0.009229465136558769,0.9338487972508591
H611,Valve,Titanium,Assembly,M8,124,1.788,2.519,67.5,2.3,2025-07-10 06:00:00,2025-07-10 08:31:08.670622004,0.02031451612903226,0.013122815022815024,1.4088366890380313
H2103,Valve,Titanium,Cutting,M1,333,3.63,4.652,67.0,1.98,2025-07-10 06:00:00,2025-07-10 10:39:07.097330265,0.013969969969969971,0.011683539385376192,1.281542699724518
H2101,Bracket,Aluminium,Assembly,M8,93,1.416,0.956,58.5,1.45,2025-07-10 08:00:00,2025-07-10 08:57:22.874645092,0.010279569892473119,0.015520048724887436,0.6751412429378532
H1833,Bracket,Aluminium,Cutting,M2,425,4.55,4.015,59.2,2.24,2025-07-10 22:00:00,2025-07-11 02:00:52.365114115,0.00944705882352941,0.010706542056074766,0.8824175824175824
H166,Shaft,Steel,Turning,M3,489,4.212,4.013,79.9,2.87,2025-07-10 22:00:00,2025-07-11 02:00:46.960619218,0.008206543967280164,0.009439928653861944,0.9527540360873694
H2064,Bracket,Aluminium,Assembly,M8,553,6.936,5.747,82.0,3.11,2025-07-10 22:00:00,2025-07-11 03:44:50.211098457,0.010392405063291138,0.014209929016783855,0.8285755478662052
H2047,Housing,Aluminium,Assembly,M8,78,1.236,0.87,54.9,1.64,2025-07-11 01:00:00,2025-07-11 01:52:12.693770815,0.011153846153846153,0.013446424226085312,0.7038834951456311
H2323,Gear,Steel,Turning,M4,351,3.108,3.209,76.7,2.97,2025-07-11 01:00:00,2025-07-11 04:12:33.663796182,0.009142450142450142,0.010064814814814815,1.0324967824967826
H1119,Gear,Steel,Drilling,M5,516,2.88,3.257,77.9,2.05,2025-07-11 01:00:00,2025-07-11 04:15:26.119053322,0.006312015503875969,0.006152225361391351,1.1309027777777778
H3000,Valve,Titanium,Drilling,M6,199,1.295,1.887,64.2,3.44,2025-07-11 01:00:00,2025-07-11 02:53:13.911304120,0.009482412060301508,0.005479752173299596,1.4571428571428573
H2796,Cover,Plastic,Assembly,M8,80,1.26,0.707,61.7,2.31,2025-07-11 02:00:00,2025-07-11 02:42:23.676005273,0.0088375,0.01306432788071212,0.5611111111111111
H748,Valve,Titanium,Turning,M4,187,1.796,2.182,67.5,2.55,2025-07-11 02:00:00,2025-07-11 04:10:55.751597098,0.011668449197860963,0.009603632478632478,1.2149220489977728
H631,Shaft,Steel,Cutting,M1,439,4.69,4.356,69.4,3.15,2025-07-11 02:00:00,2025-07-11 06:21:22.642297731,0.00992255125284738,0.012445682913574119,0.9287846481876332
H871,Gear,Steel,Assembly,M8,474,5.988,5.043,65.1,1.27,2025-07-11 03:00:00,2025-07-11 08:02:33.754270559,0.010639240506329114,0.012460495326324674,0.8421843687374749
H521,Housing,Aluminium,Turning,M4,523,4.484,3.452,80.9,2.54,2025-07-11 03:00:00,2025-07-11 06:27:05.637965966,0.00660038240917782,0.010291904718375306,0.7698483496877787
H1292,Shaft,Steel,Cutting,M1,588,6.18,5.436,65.8,1.86,2025-07-11 04:00:00,2025-07-11 09:26:10.294650874,0.009244897959183674,0.011814899998392435,0.8796116504854369
H1948,Shaft,Steel,Cutting,M1,489,5.19,5.665,73.7,2.58,2025-07-11 04:00:00,2025-07-11 09:39:53.047589770,0.011584867075664623,0.011300899590550683,1.0915221579961463
H1968,Housing,Aluminium,Turning,M4,529,4.532,3.321,56.0,2.69,2025-07-11 05:00:00,2025-07-11 08:19:15.888018176,0.006277882797731569,0.009369024141075936,0.7327890556045896
H1902,Valve,Titanium,Assembly,M8,78,1.236,1.624,73.5,1.66,2025-07-11 05:00:00,2025-07-11 06:37:27.596158193,0.02082051282051282,0.012232838473825228,1.3139158576051782
H1876,Shaft,Steel,Turning,M4,596,5.068,4.843,62.9,2.37,2025-07-11 05:00:00,2025-07-11 09:50:34.357717871,0.008125838926174496,0.008750795872407062,0.9556037884767167
H2574,Bracket,Aluminium,Drilling,M5,528,2.94,2.649,55.8,1.56,2025-07-11 06:00:00,2025-07-11 08:38:58.060989263,0.005017045454545455,0.006312015503875969,0.9010204081632653
H2317,Bracket,Aluminium,Cutting,M1,555,5.85,3.876,57.4,2.24,2025-07-11 06:00:00,2025-07-11 09:52:32.072152655,0.006983783783783784,0.011348227504736338,0.6625641025641026
H392,Housing,Aluminium,Turning,M4,125,1.3,1.016,67.9,3.75,2025-07-11 07:00:00,2025-07-11 08:00:58.295061024,0.008128,0.0086466363813683,0.7815384615384615
H1376,Bracket,Aluminium,Cutting,M2,35,0.65,0.507,55.6,2.2,2025-07-11 08:00:00,2025-07-11 08:30:24.545907011,0.014485714285714286,0.010076800439802087,0.78
H1744,Housing,Aluminium,Assembly,M8,494,6.228,4.507,70.7,3.71,2025-07-11 21:00:00,2025-07-12 01:30:24.580390154,0.009123481781376518,0.013187024512346072,0.7236673089274245
H2483,Bracket,Aluminium,Assembly,M7,40,0.78,0.588,66.6,2.15,2025-07-11 21:00:00,2025-07-11 21:35:15.438650641,0.0147,0.01127217730061883,0.7538461538461538
H1546,Gear,Steel,Drilling,M6,393,2.265,2.003,62.0,2.87,2025-07-11 22:00:00,2025-07-12 00:00:11.555853823,0.005096692111959288,0.006280284150699977,0.884326710816777
H2615,Gear,Steel,Assembly,M7,538,6.756,6.082,76.8,2.91,2025-07-11 22:00:00,2025-07-12 04:04:56.923491650,0.011304832713754646,0.0147,0.9002368265245707
H2192,Bracket,Aluminium,Cutting,M2,373,4.03,3.101,70.1,1.95,2025-07-11 23:00:00,2025-07-12 02:06:03.438201792,0.00831367292225201,0.011546438388439488,0.7694789081885856
H1822,Shaft,Steel,Drilling,M6,465,2.625,2.132,66.1,1.54,2025-07-12 00:00:00,2025-07-12 02:07:55.316684052,0.00458494623655914,0.006083018810909863,0.8121904761904762
H1502,Cover,Plastic,Drilling,M5,585,3.225,2.463,69.6,2.53,2025-07-12 00:00:00,2025-07-12 02:27:45.580619559,0.00421025641025641,0.005664530479210712,0.7637209302325582
H2747,Valve,Titanium,Cutting,M1,549,5.79,8.949,63.0,3.61,2025-07-12 00:00:00,2025-07-12 08:56:57.769540413,0.01630054644808743,0.010724735544600258,1.5455958549222797
H2481,Shaft,Steel,Cutting,M2,269,2.99,2.997,54.0,1.24,2025-07-12 01:00:00,2025-07-12 03:59:48.740905511,0.011141263940520446,0.010738247021892619,1.0023411371237456
H1801,Gear,Steel,Cutting,M1,504,5.34,5.076,57.6,2.97,2025-07-12 03:00:00,2025-07-12 08:04:32.662115648,0.010071428571428571,0.011421711907536155,0.9505617977528089
H83,Housing,Aluminium,Cutting,M1,138,1.68,1.452,79.7,2.23,2025-07-12 04:00:00,2025-07-12 05:27:06.401174377,0.010521739130434781,0.011271680425746423,0.8642857142857143
H992,Gear,Steel,Cutting,M2,586,6.16,6.165,59.7,2.4,2025-07-12 05:00:00,2025-07-12 11:09:54.256988390,0.01052047781569966,0.010818850405618185,1.0008116883116882
H2068,Housing,Aluminium,Assembly,M7,201,2.712,1.83,66.4,2.58,2025-07-12 05:00:00,2025-07-12 06:49:49.404377716,0.009104477611940298,0.013002416356877322,0.6747787610619469
H2867,Gear,Steel,Turning,M3,257,2.356,2.057,61.8,3.53,2025-07-12 06:00:00,2025-07-12 08:03:23.849902572,0.008003891050583658,0.009234364539431647,0.8730899830220713
H349,Valve,Titanium,Cutting,M1,131,1.61,2.255,81.9,2.04,2025-07-12 06:00:00,2025-07-12 08:15:19.656126368,0.017213740458015266,0.01119668629621526,1.4006211180124222
H217,Shaft,Steel,Turning,M4,451,3.908,3.776,69.0,0.57,2025-07-12 06:00:00,2025-07-12 09:46:34.338296013,0.008372505543237251,0.008572545469744258,0.9662231320368475
H2013,Bracket,Aluminium,Drilling,M6,264,1.62,1.263,46.2,2.21,2025-07-12 07:00:00,2025-07-12 08:15:45.360486935,0.004784090909090909,0.005869008443145474,0.7796296296296296
H1895,Valve,Titanium,Cutting,M1,336,3.66,5.478,51.1,1.87,2025-07-12 21:00:00,2025-07-13 02:28:40.940196414,0.016303571428571428,0.011743691220015258,1.4967213114754097
H1122,Shaft,Steel,Turning,M4,227,2.116,1.727,65.6,2.88,2025-07-12 21:00:00,2025-07-12 22:43:37.859021523,0.007607929515418502,0.008547540478930882,0.8161625708884688
H2112,Housing,Aluminium,Cutting,M1,88,1.18,0.984,65.0,4.01,2025-07-12 21:00:00,2025-07-12 21:59:01.484917439,0.011181818181818182,0.012123681237394941,0.8338983050847458
H2990,Gear,Steel,Assembly,M8,433,5.496,4.954,49.5,1.84,2025-07-12 23:00:00,2025-07-13 03:57:14.742899116,0.01144110854503464,0.012780670239249118,0.9013828238719067
H1527,Gear,Steel,Drilling,M6,150,1.05,0.912,52.8,1.67,2025-07-12 23:00:00,2025-07-12 23:54:43.337033094,0.00608,0.005733393751388653,0.8685714285714285
H2943,Gear,Steel,Assembly,M7,408,5.196,5.345,69.2,2.55,2025-07-13 00:00:00,2025-07-13 05:20:40.668553272,0.01310049019607843,0.011703103441898316,1.0286759045419553
H789,Valve,Titanium,Turning,M4,538,4.604,5.474,63.6,3.16,2025-07-13 03:00:00,2025-07-13 08:28:28.001604083,0.010174721189591078,0.008443139260762839,1.1889661164205039
H1416,Shaft,Steel,Drilling,M6,397,2.285,1.659,64.8,0.75,2025-07-13 04:00:00,2025-07-13 05:39:34.120523614,0.004178841309823678,0.0057719055567899144,0.7260393873085339
H909,Gear,Steel,Cutting,M1,297,3.27,3.259,74.1,3.11,2025-07-13 05:00:00,2025-07-13 08:15:33.769547890,0.010973063973063973,0.012051230233119806,0.9966360856269113
H1601,Shaft,Steel,Turning,M4,121,1.268,1.169,71.0,3.55,2025-07-13 06:00:00,2025-07-13 07:10:09.984468390,0.009661157024793388,0.008616297453645663,0.9219242902208202
H1302,Valve,Titanium,Assembly,M7,564,7.068,9.959,68.4,1.63,2025-07-13 06:00:00,2025-07-13 15:57:31.048418515,0.017657801418439714,0.012052450130443343,1.409026598754952
H2197,Gear,Steel,Turning,M4,22,0.476,0.418,76.1,0.76,2025-07-13 06:00:00,2025-07-13 06:25:05.390374323,0.019,0.008711284687386366,0.8781512605042017
H2496,Cover,Plastic,Assembly,M7,558,6.996,4.14,70.2,3.35,2025-07-13 07:00:00,2025-07-13 11:08:24.212012718,0.007419354838709677,0.013173520388042616,0.5917667238421954
H2359,Shaft,Steel,Turning,M4,572,4.876,4.263,72.0,1.93,2025-07-13 07:00:00,2025-07-13 11:15:45.443985601,0.007452797202797202,0.009568677630104168,0.8742821985233797
H1484,Bracket,Aluminium,Assembly,M7,493,6.216,4.48,68.8,2.66,2025-07-13 07:00:00,2025-07-13 11:28:46.561795264,0.009087221095334686,0.012214492796487127,0.7207207207207208
H522,Valve,Titanium,Cutting,M2,109,1.39,2.014,61.6,3.28,2025-07-13 08:00:00,2025-07-13 10:00:50.636051092,0.018477064220183484,0.010769121640631762,1.4489208633093524
H2283,Housing,Aluminium,Cutting,M1,206,2.36,1.876,65.5,2.01,2025-07-13 08:00:00,2025-07-13 09:52:34.288209586,0.009106796116504853,0.011974218357401532,0.7949152542372881
H2465,Shaft,Steel,Cutting,M2,440,4.7,4.481,56.1,2.06,2025-07-13 21:00:00,2025-07-14 01:28:50.523755560,0.010184090909090908,0.011870256294853438,0.9534042553191489
H1420,Valve,Titanium,Drilling,M6,350,2.05,2.259,63.4,1.3,2025-07-14 00:00:00,2025-07-14 02:15:33.013676572,0.006454285714285714,0.0056125991320932905,1.1019512195121952
H2881,Housing,Aluminium,Assembly,M7,63,1.056,0.767,62.2,2.27,2025-07-14 00:00:00,2025-07-14 00:46:00.712066199,0.012174603174603175,0.011767739696322494,0.7263257575757576
H2391,Housing,Aluminium,Turning,M3,193,1.844,1.395,60.1,1.92,2025-07-14 02:00:00,2025-07-14 03:23:40.243088927,0.007227979274611399,0.009058582612453363,0.7565075921908894
H1114,Cover,Plastic,Assembly,M8,203,2.736,1.668,78.7,3.98,2025-07-14 03:00:00,2025-07-14 04:40:05.316690600,0.008216748768472906,0.012658891903411436,0.6096491228070174
H2311,Housing,Aluminium,Cutting,M2,48,0.78,0.6,63.2,1.94,2025-07-14 04:00:00,2025-07-14 04:35:59.227163645,0.012499999999999999,0.01165948562163312,0.7692307692307692
H645,Housing,Aluminium,Turning,M4,516,4.428,3.316,58.7,3.46,2025-07-14 04:00:00,2025-07-14 07:18:57.803942084,0.006426356589147287,0.009405917597234402,0.7488708220415538
H735,Bracket,Aluminium,Drilling,M5,428,2.44,2.08,68.4,2.22,2025-07-14 04:00:00,2025-07-14 06:04:46.354810110,0.00485981308411215,0.005179772456225945,0.8524590163934427
H2003,Bracket,Aluminium,Assembly,M8,317,4.104,2.736,61.8,1.75,2025-07-14 04:00:00,2025-07-14 06:44:08.970196162,0.008630914826498423,0.012288713308833228,0.6666666666666667
H1549,Bracket,Aluminium,Cutting,M1,447,4.77,3.24,68.2,1.89,2025-07-14 05:00:00,2025-07-14 08:14:25.111051898,0.0072483221476510075,0.011783056874675088,0.679245283018868
H1503,Cover,Plastic,Assembly,M8,227,3.024,1.466,48.8,2.45,2025-07-14 05:00:00,2025-07-14 06:27:58.882000824,0.006458149779735683,0.012007344194807472,0.48478835978835977
H2958,Valve,Titanium,Drilling,M5,373,2.165,3.19,62.1,2.28,2025-07-14 05:00:00,2025-07-14 08:11:23.931915863,0.008552278820375335,0.005099782613197496,1.4734411085450345
H1248,Gear,Steel,Turning,M3,144,1.452,1.15,70.0,1.46,2025-07-14 06:00:00,2025-07-14 07:08:59.357852860,0.00798611111111111,0.008829757195223118,0.7920110192837465
H1834,Bracket,Aluminium,Cutting,M1,447,4.77,3.352,67.5,2.86,2025-07-14 06:00:00,2025-07-14 09:21:06.094758368,0.007498881431767338,0.011499635954236082,0.7027253668763103
H1270,Bracket,Aluminium,Drilling,M6,92,0.76,0.534,70.7,2.17,2025-07-14 06:00:00,2025-07-14 06:32:02.565729470,0.005804347826086957,0.0056891160941107835,0.7026315789473685
H1390,Shaft,Steel,Cutting,M1,257,2.87,2.567,63.9,2.36,2025-07-14 06:00:00,2025-07-14 08:34:01.551374243,0.009988326848249027,0.011264297452914391,0.8944250871080139
H243,Housing,Aluminium,Turning,M3,466,4.028,2.73,50.2,2.24,2025-07-14 07:00:00,2025-07-14 09:43:46.805356851,0.005858369098712447,0.008736018741432894,0.6777557100297915
H1487,Gear,Steel,Turning,M4,318,2.844,3.151,66.6,2.09,2025-07-14 08:00:00,2025-07-14 11:09:02.895933614,0.00990880503144654,0.009193091810942465,1.1079465541490858
H2030,Gear,Steel,Drilling,M6,155,1.075,0.957,59.4,1.03,2025-07-14 08:00:00,2025-07-14 08:57:23.441581803,0.006174193548387097,0.005698718738442131,0.8902325581395348
H1146,Gear,Steel,Turning,M4,209,1.972,1.791,57.7,3.23,2025-07-14 21:00:00,2025-07-14 22:47:27.688956806,0.008569377990430622,0.009240806025642737,0.9082150101419878
H1347,Valve,Titanium,Cutting,M1,169,1.99,2.394,74.3,2.42,2025-07-14 21:00:00,2025-07-14 23:23:40.167836021,0.014165680473372782,0.011193410197099648,1.2030150753768845
H931,Housing,Aluminium,Turning,M4,515,4.42,3.4,68.7,4.11,2025-07-15 00:00:00,2025-07-15 03:24:01.252259923,0.006601941747572815,0.00919884177344198,0.7692307692307693
H1713,Housing,Aluminium,Assembly,M8,301,3.912,2.882,60.6,2.9,2025-07-15 00:00:00,2025-07-15 02:52:56.643532348,0.009574750830564785,0.011610973165159489,0.7367075664621677
H2168,Housing,Aluminium,Cutting,M1,513,5.43,4.065,51.7,1.89,2025-07-15 02:00:00,2025-07-15 06:03:54.980686072,0.007923976608187135,0.011349845474798234,0.7486187845303869
H517,Shaft,Steel,Drilling,M6,459,2.595,2.222,65.9,3.26,2025-07-15 02:00:00,2025-07-15 04:13:17.523922807,0.0048409586056644876,0.005735293723822513,0.85626204238921
H2932,Shaft,Steel,Drilling,M6,436,2.48,2.198,66.7,2.71,2025-07-15 03:00:00,2025-07-15 05:11:53.875963642,0.005041284403669724,0.0056714126439540834,0.8862903225806451
H1755,Valve,Titanium,Drilling,M6,187,1.235,1.589,73.7,1.74,2025-07-15 04:00:00,2025-07-15 05:35:22.112570435,0.008497326203208555,0.005629404094601792,1.2866396761133603
H1289,Cover,Plastic,Assembly,M8,315,4.08,2.058,62.1,2.61,2025-07-15 04:00:00,2025-07-15 06:03:27.362517581,0.006533333333333333,0.01147522500951984,0.5044117647058823
H2502,Housing,Aluminium,Cutting,M1,333,3.63,2.737,57.0,1.11,2025-07-15 04:00:00,2025-07-15 06:44:14.086552245,0.008219219219219219,0.01117855203146768,0.7539944903581268
H265,Valve,Titanium,Drilling,M6,201,1.305,1.763,60.3,1.69,2025-07-15 06:00:00,2025-07-15 07:45:46.774323516,0.008771144278606965,0.005808649226389715,1.3509578544061303
H1332,Valve,Titanium,Cutting,M1,271,3.01,4.476,66.8,1.59,2025-07-15 07:00:00,2025-07-15 11:28:34.601711086,0.01651660516605166,0.01103763142136061,1.4870431893687708
H351,Housing,Aluminium,Cutting,M2,373,4.03,3.491,57.1,2.72,2025-07-15 21:00:00,2025-07-16 00:29:28.577078072,0.009359249329758713,0.011752876108118331,0.8662531017369727
H218,Shaft,Steel,Turning,M4,313,2.804,2.476,74.4,2.36,2025-07-15 22:00:00,2025-07-16 00:28:33.323466042,0.007910543130990415,0.009046082948390852,0.8830242510699002
H2146,Housing,Aluminium,Cutting,M2,34,0.64,0.567,67.3,2.02,2025-07-15 22:00:00,2025-07-15 22:34:02.072159568,0.016676470588235293,0.011513513430282368,0.8859374999999999
H919,Gear,Steel,Turning,M3,340,3.02,2.529,58.8,2.83,2025-07-15 22:00:00,2025-07-16 00:31:45.039368037,0.0074382352941176465,0.008448253777160849,0.8374172185430463
H2185,Bracket,Aluminium,Assembly,M7,25,0.6,0.459,60.1,0.94,2025-07-15 23:00:00,2025-07-15 23:27:33.213692760,0.01836,0.011818597631107578,0.765
H2191,Gear,Steel,Turning,M4,213,2.004,2.181,72.5,3.77,2025-07-16 01:00:00,2025-07-16 03:10:50.083130984,0.01023943661971831,0.008982997402979717,1.0883233532934131
H164,Housing,Aluminium,Assembly,M7,238,3.156,2.436,52.5,2.68,2025-07-16 02:00:00,2025-07-16 04:26:08.487369259,0.01023529411764706,0.012545420116540069,0.7718631178707224
H42,Cover,Plastic,Assembly,M8,220,2.94,1.509,51.8,1.48,2025-07-16 03:00:00,2025-07-16 04:30:32.566323934,0.006859090909090908,0.011166356779758184,0.5132653061224489
H1587,Bracket,Aluminium,Cutting,M1,221,2.51,1.958,40.3,2.34,2025-07-16 03:00:00,2025-07-16 04:57:29.224516948,0.00885972850678733,0.011286675682482929,0.7800796812749005
H1189,Gear,Steel,Turning,M4,511,4.388,3.813,69.6,3.23,2025-07-16 04:00:00,2025-07-16 07:48:45.503455757,0.007461839530332681,0.009049125782808065,0.8689608021877849
H2445,Cover,Plastic,Assembly,M7,74,1.188,0.605,63.8,4.48,2025-07-16 04:00:00,2025-07-16 04:36:18.643950214,0.008175675675675675,0.012314407516650768,0.5092592592592593
H1927,Shaft,Steel,Turning,M4,555,4.74,4.537,58.2,1.59,2025-07-16 04:00:00,2025-07-16 08:32:12.027940587,0.008174774774774775,0.008969761470184296,0.9571729957805907
H1866,Cover,Plastic,Drilling,M5,523,2.915,1.714,55.8,3.3,2025-07-16 06:00:00,2025-07-16 07:42:48.955933759,0.003277246653919694,0.005790281854633064,0.5879931389365352
H1155,Cover,Plastic,Drilling,M5,497,2.785,1.751,60.4,2.35,2025-07-16 21:00:00,2025-07-16 22:45:04.269778872,0.0035231388329979877,0.005371442654514169,0.6287253141831238
H839,Housing,Aluminium,Turning,M3,23,0.484,0.336,78.0,4.12,2025-07-16 21:00:00,2025-07-16 21:20:10.198514412,0.014608695652173913,0.008356433915066012,0.6942148760330579
H2420,Gear,Steel,Drilling,M5,536,2.98,3.331,67.6,2.13,2025-07-16 21:00:00,2025-07-17 00:19:51.813026157,0.00621455223880597,0.005107399251440429,1.117785234899329
H1158,Cover,Plastic,Cutting,M1,28,0.58,0.274,57.4,1.32,2025-07-16 22:00:00,2025-07-16 22:16:27.032887861,0.009785714285714286,0.011181156240061383,0.47241379310344833
H136,Cover,Plastic,Drilling,M5,280,1.7,1.304,65.9,2.5,2025-07-16 22:00:00,2025-07-16 23:18:14.568161474,0.004657142857142857,0.005245793374861122,0.7670588235294118
H2972,Housing,Aluminium,Assembly,M7,77,1.224,0.945,67.3,3.29,2025-07-16 22:00:00,2025-07-16 22:56:43.093159738,0.012272727272727272,0.011938159167471214,0.7720588235294117
H2557,Cover,Plastic,Assembly,M8,399,5.088,2.641,67.6,1.61,2025-07-16 23:00:00,2025-07-17 01:38:26.638007497,0.006619047619047619,0.010912988199130697,0.519064465408805
H685,Cover,Plastic,Cutting,M2,462,4.92,3.071,58.1,3.49,2025-07-16 23:00:00,2025-07-17 02:04:15.046132683,0.006647186147186147,0.011982873171914453,0.6241869918699188
H880,Valve,Titanium,Assembly,M8,51,0.912,1.118,69.1,3.57,2025-07-16 23:00:00,2025-07-17 00:07:03.191664300,0.021921568627450982,0.010674435944681638,1.2258771929824561
H904,Gear,Steel,Turning,M3,535,4.58,3.118,58.6,3.19,2025-07-16 23:00:00,2025-07-17 02:07:04.670203220,0.00582803738317757,0.008877455726491672,0.6807860262008734
H319,Housing,Aluminium,Cutting,M2,42,0.72,0.573,52.3,1.9,2025-07-17 00:00:00,2025-07-17 00:34:24.545018738,0.013642857142857142,0.011538232586520427,0.7958333333333333
H2787,Shaft,Steel,Cutting,M1,471,5.01,5.096,63.4,3.64,2025-07-17 01:00:00,2025-07-17 06:05:45.555401874,0.010819532908704884,0.011123012825296921,1.0171656686626747
H1882,Valve,Titanium,Turning,M4,229,2.132,3.015,60.2,3.08,2025-07-17 02:00:00,2025-07-17 05:00:52.607375670,0.013165938864628822,0.00893190496087908,1.4141651031894935
H1616,Cover,Plastic,Assembly,M7,499,6.288,3.356,66.9,2.64,2025-07-17 05:00:00,2025-07-17 08:21:22.589181038,0.006725450901803607,0.01196603984290922,0.5337150127226463
H2227,Bracket,Aluminium,Assembly,M8,539,6.768,4.57,67.9,2.17,2025-07-17 05:00:00,2025-07-17 09:34:11.655055332,0.008478664192949908,0.01126639029640634,0.6752364066193854
H1208,Shaft,Steel,Turning,M3,204,1.932,1.537,58.8,3.28,2025-07-17 07:00:00,2025-07-17 08:32:13.866293157,0.007534313725490196,0.008642885084698279,0.7955486542443064
H2938,Bracket,Aluminium,Cutting,M2,230,2.6,2.204,70.7,2.74,2025-07-17 21:00:00,2025-07-17 23:12:15.591520734,0.009582608695652174,0.011700126783161714,0.8476923076923077
H1350,Bracket,Aluminium,Assembly,M8,447,5.664,3.367,58.9,0.59,2025-07-17 22:00:00,2025-07-18 01:22:01.191485924,0.007532438478747203,0.011127003991233519,0.5944562146892656
H728,Housing,Aluminium,Cutting,M2,598,6.28,5.486,72.1,3.54,2025-07-17 22:00:00,2025-07-18 03:29:09.472261385,0.00917391304347826,0.011548875491196747,0.8735668789808917
H1493,Gear,Steel,Cutting,M1,39,0.69,0.48,57.5,3.42,2025-07-17 23:00:00,2025-07-17 23:28:49.636208157,0.012307692307692308,0.011110873628633238,0.6956521739130435
H1905,Housing,Aluminium,Assembly,M8,590,7.38,4.802,58.4,0.2,2025-07-18 00:00:00,2025-07-18 04:48:08.990883315,0.008138983050847457,0.010955834204924646,0.6506775067750677
H2084,Bracket,Aluminium,Drilling,M5,266,1.63,1.387,65.5,2.69,2025-07-18 01:00:00,2025-07-18 02:23:12.530267228,0.005214285714285715,0.005180387761781314,0.8509202453987731
H1110,Valve,Titanium,Turning,M4,351,3.108,4.026,54.2,2.32,2025-07-18 01:00:00,2025-07-18 05:01:32.602177337,0.01147008547008547,0.00912436104741316,1.2953667953667953
H1697,Housing,Aluminium,Cutting,M1,427,4.57,2.707,51.3,2.24,2025-07-18 01:00:00,2025-07-18 03:42:26.835747864,0.006339578454332553,0.011156905116289358,0.5923413566739606
H1804,Cover,Plastic,Assembly,M8,26,0.612,0.295,73.9,2.72,2025-07-18 02:00:00,2025-07-18 02:17:41.886800137,0.011346153846153846,0.010827795516102955,0.4820261437908497
H2694,Cover,Plastic,Cutting,M2,399,4.29,2.367,49.5,2.16,2025-07-18 03:00:00,2025-07-18 05:22:02.778120833,0.005932330827067669,0.011390544661348846,0.5517482517482517
H2222,Gear,Steel,Drilling,M5,374,2.17,2.506,71.8,3.75,2025-07-18 06:00:00,2025-07-18 08:30:21.945362593,0.006700534759358288,0.005183777557031755,1.1548387096774193
H2368,Bracket,Aluminium,Cutting,M2,570,6.0,4.341,42.7,4.62,2025-07-18 07:00:00,2025-07-18 11:20:28.847981336,0.007615789473684211,0.011049406296706274,0.7235
H1737,Cover,Plastic,Cutting,M1,58,0.88,0.504,62.0,2.29,2025-07-18 21:00:00,2025-07-18 21:30:13.796022698,0.008689655172413793,0.010978485610290956,0.5727272727272728
H2179,Shaft,Steel,Turning,M3,179,1.732,1.482,60.6,2.63,2025-07-18 21:00:00,2025-07-18 22:28:54.155411694,0.008279329608938547,0.008563701416183416,0.8556581986143187
H266,Bracket,Aluminium,Cutting,M2,289,3.19,2.327,58.1,3.53,2025-07-18 22:00:00,2025-07-19 00:19:38.929588489,0.008051903114186852,0.010847428836528505,0.7294670846394984
H2743,Gear,Steel,Cutting,M1,131,1.61,1.381,79.0,2.37,2025-07-18 23:00:00,2025-07-19 00:22:51.548964496,0.010541984732824427,0.010896741666081058,0.8577639751552795
H2861,Gear,Steel,Drilling,M6,149,1.045,0.909,78.5,3.56,2025-07-19 00:00:00,2025-07-19 00:54:33.632697971,0.006100671140939598,0.005982913641226024,0.8698564593301437
H1102,Cover,Plastic,Drilling,M5,92,0.76,0.509,66.0,1.14,2025-07-19 01:00:00,2025-07-19 01:30:31.325970033,0.005532608695652174,0.005321664575425076,0.6697368421052632
H1016,Shaft,Steel,Drilling,M6,49,0.545,0.56,77.9,3.0,2025-07-19 01:00:00,2025-07-19 01:33:35.166989458,0.01142857142857143,0.005989455724543445,1.0275229357798166
H1680,Shaft,Steel,Turning,M4,62,0.796,0.807,57.0,1.83,2025-07-19 02:00:00,2025-07-19 02:48:26.007807654,0.013016129032258066,0.009226349065790215,1.013819095477387
H2715,Shaft,Steel,Drilling,M6,95,0.775,0.787,73.8,1.5,2025-07-19 02:00:00,2025-07-19 02:47:12.030108924,0.00828421052631579,0.006275724972123866,1.0154838709677418
H950,Gear,Steel,Drilling,M5,218,1.39,1.586,59.0,3.7,2025-07-19 02:00:00,2025-07-19 03:35:10.396313533,0.0072752293577981655,0.005339243252110667,1.1410071942446045
H474,Bracket,Aluminium,Assembly,M7,185,2.52,1.853,70.4,1.98,2025-07-19 02:00:00,2025-07-19 03:51:09.907881759,0.010016216216216216,0.011562917616670325,0.7353174603174603
H630,Bracket,Aluminium,Assembly,M8,487,6.144,4.308,83.2,2.55,2025-07-19 03:00:00,2025-07-19 07:18:27.445527964,0.008845995893223818,0.01085033283480082,0.701171875
H476,Housing,Aluminium,Assembly,M7,294,3.828,2.789,50.9,3.19,2025-07-19 03:00:00,2025-07-19 05:47:20.947734931,0.00948639455782313,0.01145243894520932,0.7285788923719959
H2151,Gear,Steel,Drilling,M6,178,1.19,0.997,55.8,2.04,2025-07-19 04:00:00,2025-07-19 04:59:48.477204521,0.005601123595505618,0.0063761492498334614,0.8378151260504202
H1018,Valve,Titanium,Turning,M3,510,4.38,5.215,57.8,3.08,2025-07-19 05:00:00,2025-07-19 10:12:53.768692637,0.010225490196078432,0.008544743295700425,1.1906392694063928
H874,Housing,Aluminium,Cutting,M1,326,3.56,2.67,64.7,1.92,2025-07-19 05:00:00,2025-07-19 07:40:12.194896179,0.008190184049079754,0.010884508668382554,0.75
H289,Bracket,Aluminium,Drilling,M5,28,0.44,0.389,69.2,2.34,2025-07-19 07:00:00,2025-07-19 07:23:21.118550594,0.013892857142857143,0.005488165260240475,0.8840909090909091
H122,Valve,Titanium,Assembly,M8,87,1.344,1.658,63.2,1.23,2025-07-19 07:00:00,2025-07-19 08:39:30.324756564,0.019057471264367815,0.010766818795568444,1.2336309523809523
H2778,Cover,Plastic,Assembly,M8,136,1.932,0.942,65.5,3.57,2025-07-19 08:00:00,2025-07-19 08:56:32.128876130,0.0069264705882352935,0.01109844489432042,0.48757763975155277
H1243,Bracket,Aluminium,Cutting,M1,378,4.08,2.648,74.0,2.42,2025-07-19 21:00:00,2025-07-19 23:38:51.653023418,0.007005291005291006,0.010794697847739126,0.6490196078431373
H465,Valve,Titanium,Turning,M4,305,2.74,4.156,58.5,2.69,2025-07-20 00:00:00,2025-07-20 04:09:20.565476286,0.013626229508196721,0.009384256564393043,1.516788321167883
H2352,Valve,Titanium,Cutting,M2,506,5.36,7.84,55.2,2.09,2025-07-20 00:00:00,2025-07-20 07:50:22.752443532,0.01549407114624506,0.010692121851953968,1.4626865671641789
H232,Gear,Steel,Assembly,M7,385,4.92,4.318,64.3,2.48,2025-07-20 00:00:00,2025-07-20 04:19:05.383008213,0.011215584415584415,0.011321369319383573,0.8776422764227642
H2565,Valve,Titanium,Cutting,M1,378,4.08,5.852,58.9,1.1,2025-07-20 00:00:00,2025-07-20 05:51:06.689271114,0.015481481481481481,0.010672458917337575,1.434313725490196
H1564,Bracket,Aluminium,Assembly,M8,229,3.048,2.541,66.5,3.46,2025-07-20 01:00:00,2025-07-20 03:32:27.007407966,0.011096069868995632,0.010937984344086375,0.8336614173228346
H385,Shaft,Steel,Drilling,M5,527,2.935,3.3,70.5,3.47,2025-07-20 04:00:00,2025-07-20 07:18:01.655311964,0.0062618595825426945,0.006088500394713094,1.1243611584327087
H1851,Shaft,Steel,Cutting,M1,542,5.72,4.915,70.6,2.23,2025-07-20 04:00:00,2025-07-20 08:54:53.365448023,0.009068265682656826,0.010822740872467072,0.8592657342657343
H2208,Bracket,Aluminium,Drilling,M6,131,0.955,0.656,68.3,1.11,2025-07-20 05:00:00,2025-07-20 05:39:21.505789953,0.00500763358778626,0.006339243266294041,0.686910994764398
H1412,Cover,Plastic,Cutting,M1,101,1.31,0.789,72.6,3.06,2025-07-20 06:00:00,2025-07-20 06:47:20.716250030,0.007811881188118812,0.010769574957624338,0.6022900763358778
H1890,Valve,Titanium,Turning,M4,292,2.636,3.694,74.2,2.14,2025-07-20 06:00:00,2025-07-20 09:41:37.132544835,0.01265068493150685,0.00955393548214519,1.4013657056145674
H2287,Bracket,Aluminium,Drilling,M6,25,0.425,0.317,58.4,2.74,2025-07-20 06:00:00,2025-07-20 06:19:02.250442589,0.01268,0.0062787155536345955,0.7458823529411766
H1291,Housing,Aluminium,Assembly,M8,544,6.828,5.406,67.7,3.49,2025-07-20 06:00:00,2025-07-20 11:24:21.466919505,0.0099375,0.01094383936352746,0.7917398945518452
H943,Gear,Steel,Assembly,M7,131,1.872,1.443,67.0,2.99,2025-07-20 07:00:00,2025-07-20 08:26:33.667728559,0.011015267175572519,0.011314757762896125,0.7708333333333334
H2913,Cover,Plastic,Cutting,M1,335,3.65,1.924,65.3,0.77,2025-07-20 07:00:00,2025-07-20 08:55:27.449906108,0.005743283582089552,0.010682583964403587,0.5271232876712328
H461,Cover,Plastic,Cutting,M2,551,5.81,3.254,70.9,1.57,2025-07-20 07:00:00,2025-07-20 10:15:15.483378121,0.00590562613430127,0.01094485602533771,0.5600688468158348
H1140,Valve,Titanium,Cutting,M2,96,1.26,1.98,68.3,2.78,2025-07-20 07:00:00,2025-07-20 08:58:48.486095953,0.020625,0.010692894530785887,1.5714285714285714
H1675,Valve,Titanium,Assembly,M8,398,5.076,7.627,75.4,2.63,2025-07-20 08:00:00,2025-07-20 15:37:38.474931932,0.019163316582914574,0.010907898671972909,1.502561071710008
H1849,Housing,Aluminium,Turning,M3,307,2.756,1.897,66.4,1.43,2025-07-20 22:00:00,2025-07-20 23:53:50.667957987,0.006179153094462541,0.00864978997697405,0.6883164005805515
H741,Housing,Aluminium,Cutting,M2,181,2.11,1.663,64.2,2.44,2025-07-20 23:00:00,2025-07-21 00:39:46.089216511,0.009187845303867404,0.011165851934081797,0.7881516587677726
H1844,Shaft,Steel,Turning,M3,97,1.076,0.856,57.2,2.36,2025-07-21 00:00:00,2025-07-21 00:51:20.308398400,0.008824742268041237,0.008504458395649844,0.795539033457249
H947,Valve,Titanium,Turning,M4,580,4.94,8.165,77.8,2.45,2025-07-21 01:00:00,2025-07-21 09:09:53.204463748,0.01407758620689655,0.009673041230197561,1.6528340080971657
H1450,Cover,Plastic,Assembly,M7,413,5.256,2.949,54.2,3.19,2025-07-21 01:00:00,2025-07-21 03:56:58.097239383,0.007140435835351089,0.011297140669524149,0.5610730593607305
H2745,Gear,Steel,Drilling,M5,502,2.81,2.644,67.7,2.29,2025-07-21 01:00:00,2025-07-21 03:38:39.341732679,0.005266932270916335,0.006100057673901734,0.9409252669039146
H2236,Cover,Plastic,Drilling,M6,208,1.34,0.664,74.9,3.83,2025-07-21 02:00:00,2025-07-21 02:39:50.088566019,0.0031923076923076926,0.006557032268693961,0.4955223880597015
H58,Shaft,Steel,Turning,M3,79,0.932,0.831,61.3,2.16,2025-07-21 03:00:00,2025-07-21 03:49:51.801207914,0.010518987341772151,0.008522251944116032,0.8916309012875535
H677,Cover,Plastic,Cutting,M1,545,5.75,3.267,63.6,2.39,2025-07-21 03:00:00,2025-07-21 06:16:01.963962950,0.005994495412844037,0.010541461096337471,0.5681739130434782
H1865,Housing,Aluminium,Cutting,M1,191,2.21,1.399,73.5,2.57,2025-07-21 04:00:00,2025-07-21 05:23:56.343835189,0.007324607329842932,0.010415156494018208,0.6330316742081448
H161,Housing,Aluminium,Turning,M3,347,3.076,2.362,45.2,1.7,2025-07-21 04:00:00,2025-07-21 06:21:41.907568524,0.006806916426512969,0.008627343280834776,0.7678803641092328
H2131,Housing,Aluminium,Assembly,M8,323,4.176,2.978,62.3,3.74,2025-07-21 05:00:00,2025-07-21 07:58:39.064216983,0.009219814241486069,0.011192568255108826,0.7131226053639846
H2722,Bracket,Aluminium,Assembly,M7,419,5.328,3.951,54.0,2.31,2025-07-21 05:00:00,2025-07-21 08:57:02.585474986,0.009429594272076373,0.0110662126231812,0.7415540540540541
H1793,Cover,Plastic,Cutting,M2,310,3.4,1.883,63.6,1.73,2025-07-21 06:00:00,2025-07-21 07:52:58.423507222,0.0060741935483870965,0.011075942541799326,0.5538235294117647
H123,Gear,Steel,Turning,M3,379,3.332,3.012,60.3,3.65,2025-07-21 07:00:00,2025-07-21 10:00:42.844280668,0.007947229551451187,0.008536321938118685,0.9039615846338536
H2156,Shaft,Steel,Turning,M3,504,4.332,3.461,68.1,2.21,2025-07-21 07:00:00,2025-07-21 10:27:39.532055798,0.006867063492063492,0.008508269919705947,0.798938134810711
H1148,Housing,Aluminium,Cutting,M1,533,5.63,4.266,79.4,3.18,2025-07-21 22:00:00,2025-07-22 02:15:58.858924729,0.00800375234521576,0.010331628138229687,0.7577264653641208
H2430,Valve,Titanium,Turning,M3,397,3.476,4.872,55.7,3.94,2025-07-21 22:00:00,2025-07-22 02:52:18.547012255,0.012272040302267003,0.00843366962754038,1.4016110471806673
H2335,Housing,Aluminium,Cutting,M1,142,1.72,1.263,56.5,2.72,2025-07-21 22:00:00,2025-07-21 23:15:45.968834492,0.008894366197183099,0.010270368248939848,0.7343023255813953
H1391,Bracket,Aluminium,Assembly,M7,338,4.356,2.99,68.2,3.16,2025-07-21 22:00:00,2025-07-22 00:59:25.527115132,0.008846153846153847,0.010980074815228315,0.6864095500459138
H1677,Gear,Steel,Drilling,M5,574,3.17,3.377,61.9,1.59,2025-07-21 23:00:00,2025-07-22 02:22:38.118300328,0.005883275261324042,0.006047987336215146,1.0652996845425866
H433,Bracket,Aluminium,Cutting,M2,338,3.68,2.796,66.8,1.48,2025-07-21 23:00:00,2025-07-22 01:47:45.830658931,0.008272189349112426,0.010858475194259663,0.7597826086956521
H2346,Gear,Steel,Drilling,M6,135,0.975,0.71,68.4,2.7,2025-07-22 00:00:00,2025-07-22 00:42:36.324027054,0.005259259259259259,0.006416835411344533,0.7282051282051282
H340,Valve,Titanium,Cutting,M1,134,1.64,2.185,64.1,3.77,2025-07-22 00:00:00,2025-07-22 02:11:04.468128634,0.01630597014925373,0.010235086145048648,1.332317073170732
H406,Valve,Titanium,Turning,M4,413,3.604,4.392,72.0,1.94,2025-07-22 00:00:00,2025-07-22 04:23:32.187354099,0.010634382566585956,0.009836172525630857,1.218645948945616
H138,Valve,Titanium,Drilling,M5,500,2.8,4.81,79.4,2.17,2025-07-22 01:00:00,2025-07-22 05:48:37.700937263,0.00962,0.006038298390633317,1.7178571428571427
H1724,Valve,Titanium,Turning,M3,396,3.468,5.01,53.1,2.14,2025-07-22 03:00:00,2025-07-22 08:00:34.814583723,0.012651515151515151,0.008600555309050234,1.444636678200692
H612,Gear,Steel,Cutting,M2,255,2.85,2.672,62.1,1.41,2025-07-22 03:00:00,2025-07-22 05:40:19.376189927,0.010478431372549021,0.010750713284045194,0.9375438596491228
H102,Bracket,Aluminium,Drilling,M6,108,0.84,0.533,68.8,1.57,2025-07-22 04:00:00,2025-07-22 04:32:00.365315689,0.004935185185185186,0.0063705323652611225,0.6345238095238096
H2683,Gear,Steel,Assembly,M8,489,6.168,5.965,66.7,2.8,2025-07-22 04:00:00,2025-07-22 09:57:52.859376260,0.012198364008179958,0.01112680978798807,0.9670881971465629
H851,Shaft,Steel,Cutting,M1,269,2.99,2.806,58.4,2.73,2025-07-22 05:00:00,2025-07-22 07:48:20.035444615,0.010431226765799257,0.010386858245153775,0.9384615384615385
H2684,Shaft,Steel,Turning,M3,408,3.564,2.819,62.2,1.53,2025-07-22 05:00:00,2025-07-22 07:49:10.097872570,0.006909313725490196,0.008769345302486272,0.7909652076318743
H2437,Bracket,Aluminium,Cutting,M1,569,5.99,4.223,72.8,4.27,2025-07-22 06:00:00,2025-07-22 10:13:22.043595205,0.007421792618629174,0.01038794040419391,0.705008347245409
H2443,Bracket,Aluminium,Assembly,M8,288,3.756,2.393,60.5,1.31,2025-07-22 06:00:00,2025-07-22 08:23:35.388903851,0.008309027777777776,0.011161376053155548,0.6371139510117145
H1277,Bracket,Aluminium,Drilling,M6,191,1.255,1.012,65.9,2.97,2025-07-22 07:00:00,2025-07-22 08:00:42.031262499,0.005298429319371728,0.006315326704488971,0.806374501992032
H2162,Housing,Aluminium,Assembly,M7,570,7.14,5.011,59.4,2.96,2025-07-22 07:00:00,2025-07-22 12:00:40.902949413,0.008791228070175438,0.010873378766774591,0.7018207282913166
H2944,Cover,Plastic,Assembly,M8,102,1.524,0.849,67.0,0.98,2025-07-22 08:00:00,2025-07-22 08:50:57.033148201,0.008323529411764705,0.011072240169549994,0.5570866141732284
H2713,Bracket,Aluminium,Cutting,M2,544,5.74,4.431,62.7,1.96,2025-07-22 08:00:00,2025-07-22 12:25:49.860585932,0.008145220588235294,0.010739822007585349,0.7719512195121951
H1718,Gear,Steel,Cutting,M2,121,1.51,1.497,67.0,1.46,2025-07-22 21:00:00,2025-07-22 22:29:47.955469626,0.012371900826446281,0.010640029645302656,0.9913907284768213
H834,Gear,Steel,Turning,M4,243,2.244,2.107,76.7,1.91,2025-07-22 21:00:00,2025-07-22 23:06:24.266321592,0.008670781893004116,0.00986468002709354,0.9389483065953654
H1331,Shaft,Steel,Cutting,M2,463,4.93,5.09,55.6,1.7,2025-07-22 22:00:00,2025-07-23 03:05:23.481474198,0.010993520518358531,0.010704173022382047,1.0324543610547667
H2599,Bracket,Aluminium,Cutting,M2,521,5.51,4.557,62.7,3.02,2025-07-23 00:00:00,2025-07-23 04:33:26.239659009,0.008746641074856046,0.010714506861524064,0.8270417422867514
H1837,Shaft,Steel,Turning,M3,22,0.476,0.348,62.6,2.13,2025-07-23 01:00:00,2025-07-23 01:20:53.930336191,0.015818181818181818,0.008694944039406429,0.7310924369747899
H744,Valve,Titanium,Cutting,M2,414,4.44,7.188,66.4,4.79,2025-07-23 01:00:00,2025-07-23 08:11:16.535293667,0.017362318840579708,0.01064664942060448,1.6189189189189188
H2442,Gear,Steel,Drilling,M5,150,1.05,1.157,72.7,3.05,2025-07-23 01:00:00,2025-07-23 02:09:25.426730721,0.007713333333333333,0.00623728181337591,1.101904761904762
H1807,Shaft,Steel,Turning,M3,421,3.668,3.774,60.9,1.73,2025-07-23 01:00:00,2025-07-23 04:46:26.404452861,0.00896437054631829,0.008968914723205483,1.028898582333697
H1002,Housing,Aluminium,Turning,M3,416,3.628,2.416,65.6,1.81,2025-07-23 03:00:00,2025-07-23 05:24:57.138290479,0.005807692307692307,0.008968746420357809,0.6659316427783902
H1217,Housing,Aluminium,Assembly,M7,516,6.492,4.127,62.2,2.11,2025-07-23 03:00:00,2025-07-23 07:07:35.673015784,0.007998062015503876,0.010774228733603203,0.6357054836722119
H564,Bracket,Aluminium,Cutting,M1,324,3.54,2.518,56.5,1.52,2025-07-23 04:00:00,2025-07-23 06:31:06.174591493,0.007771604938271604,0.01031731783787094,0.7112994350282486
H2282,Gear,Steel,Cutting,M2,149,1.79,1.727,67.3,2.19,2025-07-23 05:00:00,2025-07-23 06:43:37.074169570,0.011590604026845638,0.010870505067936987,0.9648044692737431
H148,Shaft,Steel,Turning,M3,207,1.956,1.78,60.4,2.95,2025-07-23 06:00:00,2025-07-23 07:46:46.854900575,0.008599033816425121,0.008855851630619754,0.9100204498977505
H73,Valve,Titanium,Drilling,M5,120,0.9,1.528,65.5,1.46,2025-07-23 08:00:00,2025-07-23 09:31:40.153717459,0.012733333333333334,0.006314968735478933,1.6977777777777778
H2009,Gear,Steel,Turning,M4,384,3.372,3.178,63.7,1.81,2025-07-23 08:00:00,2025-07-23 11:10:39.512658962,0.008276041666666666,0.009823511125918042,0.9424673784104389
H1384,Valve,Titanium,Turning,M3,406,3.548,5.017,64.0,2.11,2025-07-23 21:00:00,2025-07-24 02:01:01.533358423,0.012357142857142858,0.008846995843923388,1.4140360766629088
H203,Gear,Steel,Drilling,M6,131,0.955,0.8,71.2,3.15,2025-07-23 22:00:00,2025-07-23 22:48:01.579298829,0.0061068702290076335,0.006277663838373517,0.8376963350785341
H1229,Housing,Aluminium,Turning,M4,204,1.932,1.537,64.7,3.94,2025-07-23 23:00:00,2025-07-24 00:32:13.740248526,0.007534313725490196,0.009771928810609664,0.7955486542443064
H1929,Shaft,Steel,Turning,M4,117,1.236,1.205,51.2,3.67,2025-07-24 00:00:00,2025-07-24 01:12:19.399813099,0.0102991452991453,0.009699747678831616,0.9749190938511327
H330,Housing,Aluminium,Assembly,M8,50,0.9,0.679,76.0,2.54,2025-07-24 00:00:00,2025-07-24 00:40:43.482021242,0.013580000000000002,0.01098894590416256,0.7544444444444445
H2189,Shaft,Steel,Drilling,M5,255,1.575,1.879,62.5,4.04,2025-07-24 01:00:00,2025-07-24 02:52:43.048108111,0.007368627450980392,0.006635886965371653,1.193015873015873
H742,Cover,Plastic,Drilling,M6,86,0.73,0.394,56.6,1.1,2025-07-24 01:00:00,2025-07-24 01:23:40.140714982,0.004581395348837209,0.006271564066610449,0.5397260273972603
H2645,Gear,Steel,Turning,M4,462,3.996,3.715,72.2,2.34,2025-07-24 01:00:00,2025-07-24 04:42:53.222139785,0.008041125541125542,0.009718478854466419,0.9296796796796797
H1049,Valve,Titanium,Assembly,M7,481,6.072,8.032,74.4,1.69,2025-07-24 01:00:00,2025-07-24 09:01:54.382454411,0.016698544698544697,0.01064803933732596,1.3227931488801055
H183,Gear,Steel,Drilling,M6,273,1.665,1.53,41.4,1.5,2025-07-24 03:00:00,2025-07-24 04:31:49.494705029,0.005604395604395605,0.006213282386687235,0.918918918918919
H297,Cover,Plastic,Drilling,M6,266,1.63,0.836,65.5,2.59,2025-07-24 03:00:00,2025-07-24 03:50:10.008131514,0.0031428571428571426,0.006192986160610847,0.5128834355828221
H2637,Cover,Plastic,Assembly,M8,136,1.932,0.94,56.5,2.77,2025-07-24 05:00:00,2025-07-24 05:56:24.427814736,0.0069117647058823525,0.011065153377569545,0.4865424430641822
H2952,Shaft,Steel,Drilling,M5,64,0.62,0.716,58.1,2.76,2025-07-24 06:00:00,2025-07-24 06:42:58.471175755,0.0111875,0.006670779369448258,1.1548387096774193
H763,Bracket,Aluminium,Assembly,M7,428,5.436,3.573,54.2,1.54,2025-07-24 06:00:00,2025-07-24 09:34:21.202922071,0.008348130841121496,0.010911104787813732,0.6572847682119205
H722,Housing,Aluminium,Cutting,M1,41,0.71,0.447,56.7,1.09,2025-07-24 07:00:00,2025-07-24 07:26:50.848450916,0.010902439024390245,0.010258115212298862,0.6295774647887324
H305,Valve,Titanium,Assembly,M8,284,3.708,5.279,75.4,3.01,2025-07-24 07:00:00,2025-07-24 12:16:44.533651411,0.018588028169014083,0.010946485129807053,1.4236785329018338
H694,Valve,Titanium,Cutting,M2,231,2.61,3.687,58.5,2.74,2025-07-24 08:00:00,2025-07-24 11:41:12.996716809,0.01596103896103896,0.01089373406661146,1.4126436781609195
H1340,Housing,Aluminium,Turning,M3,112,1.196,0.827,69.9,1.8,2025-07-24 08:00:00,2025-07-24 08:49:37.793061816,0.007383928571428571,0.008964000744364037,0.6914715719063546
H282,Gear,Steel,Turning,M3,182,1.756,1.47,44.2,2.66,2025-07-24 21:00:00,2025-07-24 22:28:10.769792315,0.008076923076923077,0.008913030674269346,0.837129840546697
H1055,Bracket,Aluminium,Assembly,M7,247,3.264,2.471,70.1,2.68,2025-07-24 21:00:00,2025-07-24 23:28:15.414171026,0.010004048582995952,0.010804314206701556,0.757046568627451
H846,Cover,Plastic,Drilling,M6,157,1.085,0.563,60.6,3.95,2025-07-24 21:00:00,2025-07-24 21:33:46.505604290,0.0035859872611464965,0.006094594901973631,0.5188940092165898
H113,Shaft,Steel,Cutting,M2,179,2.09,2.148,62.3,3.0,2025-07-24 22:00:00,2025-07-25 00:08:51.384394843,0.012,0.011052087344562318,1.027751196172249
H2801,Bracket,Aluminium,Drilling,M5,96,0.78,0.9,77.6,2.84,2025-07-24 22:00:00,2025-07-24 22:53:59.439036089,0.009375,0.006876084852655157,1.1538461538461537
H2640,Bracket,Aluminium,Cutting,M1,49,0.79,0.494,56.4,1.36,2025-07-24 22:00:00,2025-07-24 22:29:37.277081374,0.010081632653061225,0.010272758935300939,0.6253164556962025
H2139,Cover,Plastic,Cutting,M1,75,1.05,0.547,54.1,3.18,2025-07-24 22:00:00,2025-07-24 22:32:49.535809380,0.007293333333333334,0.010268511684584501,0.520952380952381
H312,Gear,Steel,Turning,M3,360,3.18,2.705,73.6,2.26,2025-07-24 23:00:00,2025-07-25 01:42:18.066923608,0.007513888888888889,0.008886902311852274,0.85062893081761
H1108,Cover,Plastic,Cutting,M1,298,3.28,1.724,52.0,1.83,2025-07-25 00:00:00,2025-07-25 01:43:26.959447471,0.005785234899328859,0.01020383389433991,0.525609756097561
H112,Cover,Plastic,Cutting,M2,134,1.64,0.905,61.0,1.18,2025-07-25 00:00:00,2025-07-25 00:54:18.284946015,0.006753731343283582,0.011080811970484673,0.551829268292683
H156,Gear,Steel,Assembly,M8,355,4.56,4.594,65.2,2.02,2025-07-25 02:00:00,2025-07-25 06:35:37.730394677,0.012940845070422535,0.01115875021422947,1.0074561403508773
H1800,Valve,Titanium,Cutting,M2,520,5.5,9.314,71.9,2.13,2025-07-25 03:00:00,2025-07-25 12:18:49.551398865,0.01791153846153846,0.010953544893214052,1.6934545454545455
H17,Shaft,Steel,Turning,M3,565,4.82,4.31,68.1,2.4,2025-07-25 03:00:00,2025-07-25 07:18:35.629995839,0.0076283185840707955,0.008845295844489749,0.8941908713692944
H2727,Housing,Aluminium,Assembly,M8,175,2.4,1.743,76.3,3.37,2025-07-25 03:00:00,2025-07-25 04:44:34.758536468,0.00996,0.011206914940072527,0.7262500000000001
H445,Valve,Titanium,Turning,M3,161,1.588,2.077,64.5,4.41,2025-07-25 04:00:00,2025-07-25 06:04:36.562882706,0.012900621118012422,0.008809502395653895,1.3079345088161207
H1663,Shaft,Steel,Cutting,M1,235,2.65,2.425,63.7,2.79,2025-07-25 04:00:00,2025-07-25 06:25:28.616081332,0.010319148936170213,0.010109821149765207,0.9150943396226415
H379,Bracket,Aluminium,Drilling,M6,81,0.705,0.48,60.6,3.63,2025-07-25 04:00:00,2025-07-25 04:28:46.244784587,0.005925925925925926,0.006016200913197783,0.6808510638297872
H2250,Shaft,Steel,Turning,M4,476,4.108,3.715,51.5,2.87,2025-07-25 04:00:00,2025-07-25 07:42:54.704036404,0.007804621848739496,0.009667649966183361,0.9043330087633885
H2577,Housing,Aluminium,Turning,M4,355,3.14,2.263,56.6,3.56,2025-07-25 04:00:00,2025-07-25 06:15:48.427068662,0.006374647887323943,0.009612855021552659,0.720700636942675
H1407,Bracket,Aluminium,Assembly,M7,474,5.988,4.725,71.5,3.01,2025-07-25 04:00:00,2025-07-25 08:43:31.359575211,0.009968354430379746,0.01077230358175333,0.7890781563126251
H1421,Housing,Aluminium,Cutting,M2,586,6.16,4.903,67.4,2.61,2025-07-25 06:00:00,2025-07-25 10:54:09.198720917,0.008366894197952219,0.011152344709451893,0.7959415584415583
H2621,Cover,Plastic,Assembly,M7,45,0.84,0.434,73.2,2.33,2025-07-25 06:00:00,2025-07-25 06:26:00.993903965,0.009644444444444445,0.010741382460546654,0.5166666666666667
H2121,Valve,Titanium,Turning,M4,339,3.012,3.44,60.3,2.13,2025-07-25 06:00:00,2025-07-25 09:26:22.455507573,0.010147492625368732,0.009520334817717552,1.142098273572377
H965,Housing,Aluminium,Turning,M3,423,3.684,2.35,55.8,1.73,2025-07-25 06:00:00,2025-07-25 08:20:59.717384708,0.005555555555555556,0.008926391502006997,0.6378935939196525
H129,Valve,Titanium,Assembly,M7,304,3.948,5.321,63.1,2.58,2025-07-25 07:00:00,2025-07-25 12:19:15.664862223,0.017503289473684208,0.010700755126616944,1.347771023302938
H1888,Gear,Steel,Assembly,M7,301,3.912,3.647,69.5,2.76,2025-07-25 08:00:00,2025-07-25 11:38:49.255281888,0.01211627906976744,0.010943702781869347,0.9322597137014315
H1818,Bracket,Aluminium,Drilling,M6,427,2.435,1.592,61.7,1.45,2025-07-25 22:00:00,2025-07-25 23:35:31.435322519,0.003728337236533958,0.006013465307522878,0.6537987679671458
H1118,Shaft,Steel,Turning,M3,343,3.044,2.841,76.6,1.01,2025-07-25 23:00:00,2025-07-26 01:50:27.285813123,0.008282798833819242,0.008832757170161123,0.9333114323258871
H1614,Bracket,Aluminium,Drilling,M5,217,1.385,1.35,57.5,2.96,2025-07-26 00:00:00,2025-07-26 01:20:59.813227785,0.006221198156682028,0.006984733337322324,0.9747292418772564
H358,Housing,Aluminium,Turning,M4,390,3.42,2.915,71.1,2.28,2025-07-26 01:00:00,2025-07-26 03:54:55.582788332,0.007474358974358974,0.009537755867930086,0.8523391812865497
H774,Valve,Titanium,Drilling,M6,369,2.145,2.792,70.6,1.74,2025-07-26 05:00:00,2025-07-26 07:47:30.481481070,0.007566395663956639,0.005946255658376145,1.3016317016317016
H2148,Gear,Steel,Cutting,M2,550,5.8,6.755,62.8,2.71,2025-07-26 06:00:00,2025-07-26 12:45:17.681142142,0.012281818181818182,0.011074971084132457,1.164655172413793
H2582,Shaft,Steel,Drilling,M5,599,3.295,3.545,65.1,2.01,2025-07-26 07:00:00,2025-07-26 10:32:40.330824402,0.005918196994991653,0.0069529193714623115,1.0758725341426403
H9,Bracket,Aluminium,Cutting,M2,470,5.0,4.196,71.6,2.19,2025-07-26 08:00:00,2025-07-26 12:11:47.011972189,0.008927659574468085,0.011107588573259098,0.8392
H1460,Cover,Plastic,Cutting,M1,213,2.43,1.372,56.8,2.2,2025-07-26 21:00:00,2025-07-26 22:22:18.673988107,0.006441314553990611,0.010114182145315311,0.5646090534979424
H531,Gear,Steel,Assembly,M8,479,6.048,5.726,63.1,3.56,2025-07-26 23:00:00,2025-07-27 04:43:32.633292887,0.011954070981210856,0.011174101389017987,0.9467592592592593
H2728,Housing,Aluminium,Assembly,M7,288,3.756,2.725,79.9,2.96,2025-07-26 23:00:00,2025-07-27 01:43:31.701990343,0.009461805555555557,0.01098413644696928,0.7255058572949947
H1626,Cover,Plastic,Assembly,M8,62,1.044,0.565,60.0,3.8,2025-07-26 23:00:00,2025-07-26 23:33:52.969459924,0.00911290322580645,0.011194100609330624,0.5411877394636014
H827,Valve,Titanium,Drilling,M5,145,1.025,1.629,76.8,3.13,2025-07-26 23:00:00,2025-07-27 00:37:45.853039872,0.01123448275862069,0.006911530476403484,1.589268292682927
H2428,Valve,Titanium,Cutting,M2,481,5.11,9.122,68.0,4.42,2025-07-27 01:00:00,2025-07-27 10:07:20.017525963,0.018964656964656965,0.011050222020659334,1.7851272015655575
H2221,Bracket,Aluminium,Assembly,M8,488,6.156,3.943,60.9,2.55,2025-07-27 01:00:00,2025-07-27 04:56:35.700124638,0.008079918032786886,0.01114207067474252,0.6405133203378818
H2267,Gear,Steel,Cutting,M2,517,5.47,5.355,67.0,1.86,2025-07-27 03:00:00,2025-07-27 08:21:16.618502363,0.010357833655705997,0.011253156249992607,0.9789762340036564
H2319,Gear,Steel,Assembly,M7,45,0.84,0.826,66.1,2.17,2025-07-27 04:00:00,2025-07-27 04:49:32.979099761,0.018355555555555556,0.010933392083922156,0.9833333333333333
H804,Valve,Titanium,Turning,M4,347,3.076,4.46,63.4,1.93,2025-07-27 05:00:00,2025-07-27 09:27:37.406503897,0.012853025936599424,0.009481988384320055,1.4499349804941482
H48,Housing,Aluminium,Assembly,M7,157,2.184,1.958,45.7,3.79,2025-07-27 05:00:00,2025-07-27 06:57:29.472374587,0.012471337579617834,0.011172816712039362,0.8965201465201464
H1852,Bracket,Aluminium,Drilling,M6,434,2.47,1.676,52.1,3.21,2025-07-27 05:00:00,2025-07-27 06:40:34.781991938,0.0038617511520737326,0.005992545372821303,0.6785425101214574
H276,Gear,Steel,Assembly,M8,566,7.092,6.372,66.9,3.27,2025-07-27 05:00:00,2025-07-27 11:22:19.124766800,0.011257950530035336,0.011067384024938724,0.8984771573604061
H555,Gear,Steel,Assembly,M8,563,7.056,6.997,62.8,1.32,2025-07-27 06:00:00,2025-07-27 12:59:49.875386353,0.012428063943161633,0.01107192132267912,0.9916383219954649
H2590,Cover,Plastic,Drilling,M5,62,0.61,0.466,75.0,0.77,2025-07-27 06:00:00,2025-07-27 06:27:57.204240166,0.007516129032258065,0.007077797871873378,0.7639344262295082
H1286,Shaft,Steel,Cutting,M2,241,2.71,2.857,68.7,2.29,2025-07-27 06:00:00,2025-07-27 08:51:23.905530698,0.011854771784232367,0.011230773185135441,1.0542435424354244
H2229,Housing,Aluminium,Turning,M3,350,3.1,2.06,49.2,2.31,2025-07-27 07:00:00,2025-07-27 09:03:35.435863518,0.005885714285714286,0.008817893431341072,0.6645161290322581
H2350,Housing,Aluminium,Cutting,M1,374,4.04,2.391,62.8,1.36,2025-07-27 21:00:00,2025-07-27 23:23:26.227906205,0.006393048128342246,0.010039225663859706,0.5918316831683168
H1621,Bracket,Aluminium,Cutting,M1,415,4.45,3.314,64.3,2.31,2025-07-27 23:00:00,2025-07-28 02:18:51.515856128,0.0079855421686747,0.009966302113149356,0.7447191011235955
H1602,Housing,Aluminium,Cutting,M1,575,6.05,4.521,62.5,2.05,2025-07-27 23:00:00,2025-07-28 03:31:14.548694725,0.007862608695652173,0.00992746368286554,0.7472727272727273
H1855,Bracket,Aluminium,Cutting,M2,215,2.45,2.282,63.3,2.27,2025-07-27 23:00:00,2025-07-28 01:16:56.593666623,0.010613953488372093,0.011245992663162195,0.9314285714285714
H2632,Gear,Steel,Cutting,M1,170,2.0,1.92,79.8,2.15,2025-07-28 00:00:00,2025-07-28 01:55:13.519015000,0.011294117647058823,0.009887754933111436,0.96
H2918,Housing,Aluminium,Assembly,M7,122,1.764,1.279,63.5,1.71,2025-07-28 00:00:00,2025-07-28 01:16:44.378879985,0.010483606557377049,0.01121339548915119,0.7250566893424035
H2102,Housing,Aluminium,Cutting,M1,504,5.34,3.655,62.5,3.1,2025-07-28 01:00:00,2025-07-28 04:39:17.396579576,0.007251984126984127,0.009914290078657614,0.6844569288389513
H1339,Gear,Steel,Drilling,M5,140,1.0,1.119,59.8,2.88,2025-07-28 01:00:00,2025-07-28 02:07:08.563889857,0.007992857142857144,0.007094032359295032,1.119
H1781,Bracket,Aluminium,Assembly,M8,61,1.032,0.828,79.0,2.95,2025-07-28 02:00:00,2025-07-28 02:49:41.396984218,0.013573770491803278,0.011103459523155458,0.8023255813953488
H2367,Cover,Plastic,Cutting,M1,439,4.69,2.464,81.9,2.76,2025-07-28 02:00:00,2025-07-28 04:27:50.830655391,0.005612756264236902,0.009864988116589587,0.5253731343283582
H2396,Shaft,Steel,Turning,M4,502,4.316,3.537,63.3,2.88,2025-07-28 04:00:00,2025-07-28 07:32:13.777922702,0.007045816733067729,0.009570699898853724,0.8195088044485634
H1901,Bracket,Aluminium,Drilling,M6,482,2.71,1.834,61.5,2.55,2025-07-28 04:00:00,2025-07-28 05:50:01.488919359,0.0038049792531120335,0.0059333566444672034,0.6767527675276753
H441,Gear,Steel,Drilling,M6,378,2.19,1.85,64.7,3.32,2025-07-28 04:00:00,2025-07-28 05:51:00.833664284,0.004894179894179894,0.005875832931187333,0.8447488584474886
H2069,Cover,Plastic,Assembly,M8,108,1.596,0.973,72.1,2.44,2025-07-28 05:00:00,2025-07-28 05:58:22.691454457,0.009009259259259259,0.01115960295426109,0.6096491228070176
H1072,Shaft,Steel,Turning,M3,223,2.084,1.742,56.9,2.5,2025-07-28 05:00:00,2025-07-28 06:44:32.941214644,0.007811659192825112,0.00874073082224563,0.8358925143953935
H699,Housing,Aluminium,Assembly,M7,397,5.064,3.945,61.0,1.31,2025-07-28 06:00:00,2025-07-28 09:56:43.196514375,0.009937027707808565,0.011191280673036822,0.7790284360189573
H1731,Shaft,Steel,Cutting,M1,49,0.79,0.798,55.0,1.76,2025-07-28 07:00:00,2025-07-28 07:47:53.826506287,0.016285714285714285,0.009787674810183172,1.010126582278481
H1891,Cover,Plastic,Drilling,M5,275,1.675,1.111,63.1,1.56,2025-07-28 21:00:00,2025-07-28 22:06:38.824224737,0.00404,0.007126133244422251,0.6632835820895522
H1092,Shaft,Steel,Turning,M4,482,4.156,4.152,83.8,3.35,2025-07-28 22:00:00,2025-07-29 02:09:08.101714959,0.008614107883817428,0.00950595930485921,0.9990375360923966
H808,Bracket,Aluminium,Cutting,M2,533,5.63,4.91,42.0,2.11,2025-07-28 22:00:00,2025-07-29 02:54:36.195148401,0.009212007504690431,0.011230944111381478,0.872113676731794
H2010,Shaft,Steel,Cutting,M2,371,4.01,4.464,65.8,2.32,2025-07-29 00:00:00,2025-07-29 04:27:49.605264756,0.01203234501347709,0.011183992097272385,1.1132169576059852
H341,Gear,Steel,Cutting,M1,421,4.51,3.94,65.3,2.43,2025-07-29 00:00:00,2025-07-29 03:56:22.460059096,0.009358669833729216,0.009903711229389087,0.8736141906873615
H529,Housing,Aluminium,Assembly,M7,197,2.664,1.727,65.7,2.31,2025-07-29 03:00:00,2025-07-29 04:43:37.083450026,0.008766497461928934,0.011154390879941873,0.6482732732732732
H1597,Shaft,Steel,Drilling,M6,259,1.595,1.35,54.4,1.82,2025-07-29 04:00:00,2025-07-29 05:20:59.659745320,0.0052123552123552125,0.005849999956529243,0.8463949843260189
H2087,Housing,Aluminium,Cutting,M2,59,0.89,0.817,50.0,1.6,2025-07-29 04:00:00,2025-07-29 04:49:01.606865369,0.013847457627118644,0.011203272845367946,0.9179775280898875
H855,Housing,Aluminium,Cutting,M1,583,6.13,4.728,51.9,2.99,2025-07-29 05:00:00,2025-07-29 09:43:39.117296693,0.008109777015437393,0.009894149099640667,0.7712887438825449
H2133,Cover,Plastic,Assembly,M7,536,6.732,3.999,74.2,3.0,2025-07-29 06:00:00,2025-07-29 09:59:54.951311369,0.007460820895522388,0.011086165353712932,0.5940285204991087
H2094,Gear,Steel,Assembly,M8,499,6.288,5.338,62.2,2.5,2025-07-29 07:00:00,2025-07-29 12:20:15.282206612,0.010697394789579158,0.011111817538816604,0.8489185750636132
H942,Gear,Steel,Cutting,M1,490,5.2,4.09,63.0,2.48,2025-07-29 08:00:00,2025-07-29 12:05:24.701808443,0.008346938775510205,0.009863384063706128,0.7865384615384615
H1887,Gear,Steel,Drilling,M6,134,0.97,0.963,58.4,3.69,2025-07-29 21:00:00,2025-07-29 21:57:46.049451719,0.007186567164179104,0.0058336500912940115,0.9927835051546392
H2546,Bracket,Aluminium,Cutting,M1,135,1.65,1.085,67.0,3.74,2025-07-29 21:00:00,2025-07-29 22:05:05.640778483,0.008037037037037037,0.009837681601194333,0.6575757575757576
H2140,Housing,Aluminium,Assembly,M7,474,5.988,4.233,84.2,1.12,2025-07-29 22:00:00,2025-07-30 02:13:59.711375943,0.008930379746835443,0.010985461340985415,0.7069138276553105
H1700,Housing,Aluminium,Cutting,M1,268,2.98,1.996,50.4,1.96,2025-07-29 22:00:00,2025-07-29 23:59:44.199266924,0.007447761194029851,0.009807670858458378,0.6697986577181209
H1769,Valve,Titanium,Drilling,M6,110,0.85,1.024,63.1,3.69,2025-07-30 00:00:00,2025-07-30 01:01:26.194838168,0.00930909090909091,0.005867473018116139,1.2047058823529413
H2206,Valve,Titanium,Assembly,M7,518,6.516,9.548,74.9,3.2,2025-07-30 01:00:00,2025-07-30 10:32:52.113747117,0.018432432432432432,0.010929918595197579,1.4653161448741558
H902,Valve,Titanium,Turning,M3,398,3.484,3.92,61.8,2.01,2025-07-30 02:00:00,2025-07-30 05:55:12.463964261,0.00984924623115578,0.008716908472773309,1.1251435132032146
H1861,Valve,Titanium,Drilling,M6,346,2.03,2.431,57.5,3.44,2025-07-30 04:00:00,2025-07-30 06:25:50.487387606,0.007026011560693642,0.005951414917896011,1.197536945812808
H1899,Bracket,Aluminium,Drilling,M6,502,2.81,1.705,69.6,3.03,2025-07-30 04:00:00,2025-07-30 05:42:17.351354861,0.003396414342629482,0.005977000552248335,0.6067615658362989
H901,Bracket,Aluminium,Assembly,M8,163,2.256,1.792,62.2,2.28,2025-07-30 05:00:00,2025-07-30 06:47:30.429524229,0.010993865030674847,0.011102808348615791,0.7943262411347519
H2761,Bracket,Aluminium,Drilling,M6,325,1.925,1.286,74.1,1.68,2025-07-30 05:00:00,2025-07-30 06:17:09.775472528,0.003956923076923077,0.005916986919466502,0.668051948051948
H1749,Valve,Titanium,Turning,M4,147,1.476,1.904,68.3,1.73,2025-07-30 05:00:00,2025-07-30 06:54:12.760728515,0.012952380952380951,0.009483663019333167,1.2899728997289972
H1112,Gear,Steel,Drilling,M6,487,2.735,2.151,63.5,2.43,2025-07-30 06:00:00,2025-07-30 08:09:01.969830483,0.004416837782340862,0.005872440013954151,0.7864716636197441
H1733,Shaft,Steel,Turning,M3,472,4.076,3.72,55.5,3.34,2025-07-30 06:00:00,2025-07-30 09:43:11.842875206,0.00788135593220339,0.008745216916732872,0.912659470068695
H2526,Cover,Plastic,Assembly,M8,195,2.64,1.571,64.2,1.96,2025-07-30 07:00:00,2025-07-30 08:34:15.941807953,0.008056410256410256,0.011100490405680875,0.5950757575757575
H1881,Shaft,Steel,Turning,M3,218,2.044,1.832,64.2,1.84,2025-07-30 08:00:00,2025-07-30 09:49:55.039802929,0.008403669724770642,0.008724147136622395,0.8962818003913895
H613,Shaft,Steel,Turning,M3,179,1.732,1.569,74.6,1.77,2025-07-30 21:00:00,2025-07-30 22:34:07.713834317,0.00876536312849162,0.008716516722054498,0.9058891454965358
H1529,Valve,Titanium,Assembly,M8,374,4.788,6.192,68.7,1.84,2025-07-30 22:00:00,2025-07-31 04:11:32.001369597,0.01655614973262032,0.011037072069237737,1.2932330827067668
H650,Bracket,Aluminium,Drilling,M5,219,1.395,1.299,62.3,2.53,2025-07-30 23:00:00,2025-07-31 00:17:56.580897507,0.005931506849315068,0.007019714856683552,0.9311827956989247
H2815,Bracket,Aluminium,Cutting,M1,528,5.58,4.612,70.6,4.04,2025-07-31 00:00:00,2025-07-31 04:36:44.243480974,0.008734848484848484,0.009768983814779222,0.8265232974910395
H1984,Housing,Aluminium,Assembly,M7,479,6.048,4.061,61.1,2.73,2025-07-31 00:00:00,2025-07-31 04:03:40.313703744,0.008478079331941545,0.011127353169861654,0.6714616402116402
H2765,Valve,Titanium,Cutting,M2,174,2.04,3.357,57.7,2.72,2025-07-31 01:00:00,2025-07-31 04:21:26.590056386,0.019293103448275863,0.01126203250718463,1.6455882352941178
H568,Valve,Titanium,Drilling,M6,562,3.11,3.954,72.5,3.23,2025-07-31 02:00:00,2025-07-31 05:57:14.372654894,0.0070355871886121,0.005840093297696078,1.2713826366559486
H1082,Cover,Plastic,Drilling,M5,424,2.42,1.633,62.6,3.61,2025-07-31 02:00:00,2025-07-31 03:37:59.168749555,0.0038514150943396224,0.006983441256437936,0.6747933884297521
H2614,Valve,Titanium,Cutting,M1,320,3.5,4.42,66.7,1.45,2025-07-31 03:00:00,2025-07-31 07:25:12.202930605,0.0138125,0.009752304212683565,1.262857142857143
H2137,Gear,Steel,Assembly,M7,167,2.304,2.068,59.2,2.57,2025-07-31 03:00:00,2025-07-31 05:04:05.251616124,0.012383233532934131,0.011059423071453448,0.8975694444444445
H981,Cover,Plastic,Cutting,M1,421,4.51,2.749,65.6,2.12,2025-07-31 03:00:00,2025-07-31 05:44:56.848542806,0.006529691211401426,0.00981675176486319,0.6095343680709535
H1225,Cover,Plastic,Assembly,M7,240,3.18,1.655,61.8,3.44,2025-07-31 04:00:00,2025-07-31 05:39:18.994208383,0.006895833333333334,0.011092518332990464,0.520440251572327
H1382,Housing,Aluminium,Assembly,M7,260,3.42,2.554,61.1,4.25,2025-07-31 06:00:00,2025-07-31 08:33:13.303647226,0.009823076923076922,0.010990160162267119,0.7467836257309941
H414,Shaft,Steel,Cutting,M2,380,4.1,3.673,49.7,2.72,2025-07-31 06:00:00,2025-07-31 09:40:21.408245907,0.009665789473684211,0.011436621005904004,0.8958536585365855
H2395,Housing,Aluminium,Cutting,M1,510,5.4,3.691,70.7,4.04,2025-07-31 08:00:00,2025-07-31 11:41:26.513941043,0.007237254901960784,0.009765391443715351,0.6835185185185184
H104,Housing,Aluminium,Turning,M3,390,3.42,2.331,64.7,1.41,2025-07-31 08:00:00,2025-07-31 10:19:51.357751634,0.005976923076923077,0.008717652684994895,0.6815789473684211
H1986,Valve,Titanium,Assembly,M8,570,7.14,9.843,65.7,3.89,2025-07-31 08:00:00,2025-07-31 17:50:36.450047927,0.01726842105263158,0.011149706307265955,1.3785714285714286
H1184,Shaft,Steel,Drilling,M6,409,2.345,2.111,68.7,3.58,2025-07-31 21:00:00,2025-07-31 23:06:41.374391947,0.005161369193154035,0.005866082295324687,0.9002132196162047
H2457,Cover,Plastic,Cutting,M1,455,4.85,2.868,72.5,1.58,2025-07-31 22:00:00,2025-08-01 00:52:05.400226485,0.006303296703296703,0.009726497035380664,0.591340206185567
H2869,Bracket,Aluminium,Cutting,M1,248,2.78,2.099,60.0,2.27,2025-07-31 22:00:00,2025-08-01 00:05:54.972980643,0.008463709677419355,0.009674630363682423,0.7550359712230217
H505,Shaft,Steel,Turning,M3,253,2.324,1.878,66.4,2.93,2025-07-31 22:00:00,2025-07-31 23:52:40.506588401,0.00742292490118577,0.008655363375720536,0.8080895008605852
H1959,Housing,Aluminium,Assembly,M7,326,4.212,3.016,70.2,3.01,2025-07-31 23:00:00,2025-08-01 02:00:58.895484509,0.009251533742331288,0.010962372466095924,0.7160493827160495
H1194,Bracket,Aluminium,Assembly,M7,450,5.7,4.018,68.9,2.24,2025-07-31 23:00:00,2025-08-01 03:01:03.090466026,0.008928888888888889,0.01092258551903163,0.7049122807017544
H848,Bracket,Aluminium,Drilling,M5,527,2.935,2.679,76.1,2.25,2025-07-31 23:00:00,2025-08-01 01:40:44.577518934,0.005083491461100569,0.006882408154434766,0.9127768313458262
H1812,Valve,Titanium,Cutting,M2,320,3.5,6.16,66.8,3.43,2025-07-31 23:00:00,2025-08-01 05:09:36.296842914,0.01925,0.011398943739261027,1.76
H437,Shaft,Steel,Cutting,M1,535,5.65,5.34,66.8,3.78,2025-08-01 00:00:00,2025-08-01 05:20:24.579170404,0.009981308411214952,0.009656556920603871,0.9451327433628318
H1477,Cover,Plastic,Drilling,M6,327,1.935,0.917,62.6,3.25,2025-08-01 01:00:00,2025-08-01 01:54:59.562534440,0.0028042813455657492,0.005851088399533823,0.47390180878552973
H2035,Bracket,Aluminium,Cutting,M2,220,2.5,1.687,64.7,2.64,2025-08-01 01:00:00,2025-08-01 02:41:11.885345185,0.007668181818181819,0.011562507411359758,0.6748000000000001
H1411,Housing,Aluminium,Turning,M3,454,3.932,2.487,76.2,2.54,2025-08-01 01:00:00,2025-08-01 03:29:12.230214234,0.0054779735682819386,0.008627975854064208,0.632502543234995
H1912,Valve,Titanium,Cutting,M1,166,1.96,2.509,49.9,2.03,2025-08-01 02:00:00,2025-08-01 04:30:33.744230798,0.0151144578313253,0.009661332677818739,1.2801020408163264
H2431,Valve,Titanium,Cutting,M2,232,2.62,3.736,50.6,2.67,2025-08-01 02:00:00,2025-08-01 05:44:10.865073984,0.01610344827586207,0.011483031378845921,1.4259541984732824
H2202,Gear,Steel,Cutting,M2,324,3.54,3.072,49.1,1.71,2025-08-01 03:00:00,2025-08-01 06:04:19.988805047,0.009481481481481481,0.011575439716786245,0.8677966101694915
H2946,Valve,Titanium,Drilling,M5,391,2.255,3.784,47.7,2.73,2025-08-01 04:00:00,2025-08-01 07:47:03.703698912,0.00967774936061381,0.006826192007768071,1.6780487804878048
H820,Shaft,Steel,Drilling,M5,423,2.415,2.865,60.6,2.15,2025-08-01 04:00:00,2025-08-01 06:51:53.573938067,0.006773049645390072,0.006912602836642185,1.1863354037267082
H2209,Bracket,Aluminium,Cutting,M1,400,4.3,3.163,77.0,2.83,2025-08-01 04:00:00,2025-08-01 07:09:46.154438045,0.0079075,0.00974036347714492,0.7355813953488372
H2514,Cover,Plastic,Drilling,M5,455,2.575,1.967,55.8,3.42,2025-08-01 05:00:00,2025-08-01 06:58:01.208465962,0.004323076923076923,0.0069084983310171225,0.763883495145631
H2052,Valve,Titanium,Turning,M4,435,3.78,5.127,63.2,2.93,2025-08-01 06:00:00,2025-08-01 11:07:37.212786356,0.011786206896551724,0.009568265895748966,1.3563492063492064
H420,Shaft,Steel,Drilling,M6,53,0.565,0.438,70.9,1.97,2025-08-01 07:00:00,2025-08-01 07:26:17.501345597,0.008264150943396227,0.005787613252576155,0.7752212389380532
H2607,Gear,Steel,Turning,M3,561,4.788,3.816,69.2,1.31,2025-08-01 08:00:00,2025-08-01 11:48:59.079963898,0.006802139037433155,0.008559497543503724,0.7969924812030075
H644,Housing,Aluminium,Assembly,M7,459,5.808,3.982,59.0,1.64,2025-08-01 08:00:00,2025-08-01 11:58:56.772201688,0.008675381263616559,0.010877274231982932,0.6856060606060607
H362,Shaft,Steel,Cutting,M2,421,4.51,4.889,69.4,2.7,2025-08-01 08:00:00,2025-08-01 12:53:20.449956948,0.011612826603325415,0.011534381712172427,1.0840354767184037
H2130,Shaft,Steel,Drilling,M6,398,2.29,1.764,62.2,1.77,2025-08-01 21:00:00,2025-08-01 22:45:52.141769030,0.004432160804020101,0.005838154838103095,0.7703056768558952
H2566,Bracket,Aluminium,Drilling,M5,116,0.88,0.713,64.1,3.47,2025-08-01 21:00:00,2025-08-01 21:42:46.874318748,0.006146551724137931,0.006834629147933116,0.8102272727272727
H2978,Bracket,Aluminium,Drilling,M6,388,2.24,1.612,54.7,2.77,2025-08-01 22:00:00,2025-08-01 23:36:42.262899782,0.004154639175257732,0.005810034957421435,0.7196428571428571
H1715,Housing,Aluminium,Assembly,M7,481,6.072,4.499,68.0,1.65,2025-08-02 01:00:00,2025-08-02 05:29:56.774961953,0.009353430353430352,0.010828343277130345,0.7409420289855072
H309,Cover,Plastic,Assembly,M7,528,6.636,4.175,64.0,2.13,2025-08-02 02:00:00,2025-08-02 06:10:31.725452018,0.007907196969696969,0.010796279952702085,0.6291440626883664
H256,Cover,Plastic,Cutting,M2,402,4.32,2.38,60.1,1.54,2025-08-02 03:00:00,2025-08-02 05:22:49.469290493,0.005920398009950248,0.011535890267771522,0.5509259259259258
H1709,Shaft,Steel,Drilling,M6,591,3.255,3.092,65.9,3.4,2025-08-02 04:00:00,2025-08-02 07:05:32.851028334,0.00523181049069374,0.005777576216594696,0.9499231950844854
H2799,Bracket,Aluminium,Drilling,M5,237,1.485,1.411,80.8,2.72,2025-08-02 05:00:00,2025-08-02 06:24:37.952101275,0.005953586497890295,0.0068155158861610285,0.9501683501683501
H856,Cover,Plastic,Cutting,M1,223,2.53,1.351,55.4,2.36,2025-08-02 05:00:00,2025-08-02 06:21:03.648685191,0.006058295964125561,0.009714179713185708,0.5339920948616601
H2675,Gear,Steel,Assembly,M8,313,4.056,3.441,66.0,1.23,2025-08-02 06:00:00,2025-08-02 09:26:29.268398818,0.010993610223642172,0.011272080602173266,0.8483727810650887
H2953,Bracket,Aluminium,Cutting,M1,207,2.37,1.772,76.5,3.29,2025-08-02 07:00:00,2025-08-02 08:46:19.424921758,0.008560386473429951,0.00966268839277641,0.7476793248945147
H2974,Gear,Steel,Cutting,M2,50,0.8,1.096,80.9,4.17,2025-08-02 07:00:00,2025-08-02 08:05:47.182011131,0.021920000000000002,0.011429937583661688,1.37
H1128,Housing,Aluminium,Turning,M4,476,4.108,3.152,61.3,1.53,2025-08-02 08:00:00,2025-08-02 11:09:08.364313800,0.006621848739495798,0.009621074014815698,0.7672833495618306
H1325,Housing,Aluminium,Assembly,M8,560,7.02,4.638,75.2,2.22,2025-08-02 22:00:00,2025-08-03 02:38:16.175487105,0.008282142857142858,0.011266620398672657,0.6606837606837607
H82,Housing,Aluminium,Assembly,M8,350,4.5,3.0,56.0,2.2,2025-08-02 23:00:00,2025-08-03 01:59:58.623851150,0.008571428571428572,0.011209226599797083,0.6666666666666666
H724,Bracket,Aluminium,Drilling,M6,593,3.265,2.205,60.1,3.2,2025-08-03 02:00:00,2025-08-03 04:12:18.318830905,0.003718381112984823,0.005767080721865831,0.6753445635528331
H2760,Valve,Titanium,Assembly,M8,61,1.032,1.365,65.6,0.8,2025-08-03 03:00:00,2025-08-03 04:21:55.444523512,0.02237704918032787,0.011159456825676923,1.322674418604651
H407,Gear,Steel,Turning,M3,147,1.476,1.477,59.4,1.04,2025-08-03 03:00:00,2025-08-03 04:28:35.990924416,0.010047619047619048,0.008522106936991583,1.0006775067750677
H1636,Shaft,Steel,Turning,M4,92,1.036,0.9,73.0,2.52,2025-08-03 04:00:00,2025-08-03 04:54:00.571155297,0.009782608695652175,0.009551324589808258,0.8687258687258688
H2648,Housing,Aluminium,Cutting,M2,209,2.39,2.0,81.2,2.28,2025-08-03 06:00:00,2025-08-03 08:00:01.736145949,0.009569377990430622,0.011624197998779062,0.8368200836820083
H2412,Gear,Steel,Drilling,M6,85,0.725,0.688,71.5,3.03,2025-08-03 07:00:00,2025-08-03 07:41:16.100981615,0.008094117647058823,0.005728426012264302,0.9489655172413792
H2174,Cover,Plastic,Cutting,M1,476,5.06,2.853,71.8,2.96,2025-08-03 07:00:00,2025-08-03 09:51:10.347130759,0.005993697478991597,0.009647378643896597,0.5638339920948617
H1318,Valve,Titanium,Assembly,M7,301,3.912,6.253,55.8,3.07,2025-08-03 07:00:00,2025-08-03 13:15:11.070235639,0.020774086378737542,0.010734810101999849,1.5984151329243355
H2355,Cover,Plastic,Drilling,M5,367,2.135,1.319,80.5,3.13,2025-08-03 08:00:00,2025-08-03 09:19:09.506817777,0.0035940054495912804,0.006792220497288845,0.6177985948477752
H2207,Housing,Aluminium,Turning,M4,536,4.588,2.918,78.7,3.01,2025-08-03 21:00:00,2025-08-03 23:55:04.727449380,0.005444029850746269,0.009556581046759256,0.6360069747166521
H2764,Cover,Plastic,Assembly,M7,241,3.192,1.658,68.4,1.91,2025-08-03 21:00:00,2025-08-03 22:39:27.868152142,0.006879668049792531,0.01094396169109855,0.519423558897243
H2308,Housing,Aluminium,Assembly,M7,527,6.624,4.847,67.9,2.89,2025-08-04 01:00:00,2025-08-04 05:50:48.854513612,0.009197343453510438,0.01086101692290863,0.7317330917874397
H268,Gear,Steel,Drilling,M6,592,3.26,2.58,62.0,1.06,2025-08-04 04:00:00,2025-08-04 06:34:46.250490202,0.004358108108108108,0.00577223511661235,0.7914110429447854
H869,Housing,Aluminium,Cutting,M1,264,2.94,1.758,58.9,2.11,2025-08-04 07:00:00,2025-08-04 08:45:27.100885191,0.006659090909090909,0.00959732821698009,0.5979591836734695
H2840,Shaft,Steel,Turning,M3,84,0.972,0.928,69.9,2.23,2025-08-04 08:00:00,2025-08-04 08:55:40.008405314,0.011047619047619047,0.008553888439296322,0.9547325102880659
H339,Cover,Plastic,Drilling,M5,82,0.71,0.458,74.0,2.19,2025-08-04 21:00:00,2025-08-04 21:27:29.532938082,0.005585365853658537,0.006708056943402069,0.6450704225352113
H809,Gear,Steel,Assembly,M7,304,3.948,3.176,58.9,2.5,2025-08-04 22:00:00,2025-08-05 01:10:32.875044718,0.010447368421052632,0.010827743453520668,0.8044579533941236
H817,Gear,Steel,Assembly,M7,255,3.36,3.116,76.3,3.25,2025-08-04 22:00:00,2025-08-05 01:06:56.853014479,0.012219607843137255,0.010820285119550705,0.9273809523809524
H1245,Housing,Aluminium,Cutting,M2,559,5.89,4.664,56.3,2.27,2025-08-04 23:00:00,2025-08-05 03:39:49.450667694,0.008343470483005367,0.01158683763499091,0.7918505942275043
H2261,Bracket,Aluminium,Drilling,M6,309,1.845,1.239,57.6,2.81,2025-08-05 00:00:00,2025-08-05 01:14:19.181008228,0.004009708737864078,0.005746523716457727,0.6715447154471545
H2652,Shaft,Steel,Drilling,M5,442,2.51,2.694,55.4,2.2,2025-08-05 00:00:00,2025-08-05 02:41:38.899622131,0.006095022624434389,0.006679269992383004,1.0733067729083665
H1739,Valve,Titanium,Turning,M4,377,3.316,4.284,60.3,2.52,2025-08-05 01:00:00,2025-08-05 05:17:02.068586696,0.01136339522546419,0.00946519102018119,1.2919179734620023
H2205,Gear,Steel,Drilling,M6,335,1.975,2.016,56.6,2.56,2025-08-05 02:00:00,2025-08-05 04:00:57.048365267,0.006017910447761194,0.005715509163268554,1.0207594936708861
H2512,Valve,Titanium,Drilling,M6,35,0.475,0.688,58.1,2.71,2025-08-05 02:00:00,2025-08-05 02:41:15.240170241,0.019657142857142856,0.005720814448961408,1.4484210526315788
H2239,Gear,Steel,Cutting,M1,479,5.09,4.38,54.5,2.1,2025-08-05 03:00:00,2025-08-05 07:22:47.027166738,0.009144050104384134,0.009557622307414021,0.8605108055009824
H877,Bracket,Aluminium,Drilling,M6,523,2.915,1.829,72.9,2.77,2025-08-05 03:00:00,2025-08-05 04:49:45.208090903,0.0034971319311663477,0.005961095973240398,0.6274442538593482
H2417,Bracket,Aluminium,Cutting,M2,290,3.2,2.628,67.6,3.46,2025-08-05 03:00:00,2025-08-05 05:37:42.225588142,0.009062068965517242,0.011528920364419739,0.82125
H1647,Housing,Aluminium,Assembly,M8,301,3.912,2.689,68.3,1.69,2025-08-05 06:00:00,2025-08-05 08:41:22.159827002,0.008933554817275747,0.011367190017429718,0.6873721881390593
H135,Bracket,Aluminium,Cutting,M1,121,1.51,1.18,73.2,2.65,2025-08-05 07:00:00,2025-08-05 08:10:48.078555684,0.009752066115702479,0.009552108011373623,0.7814569536423841
H116,Housing,Aluminium,Turning,M4,527,4.516,3.576,72.9,2.05,2025-08-05 22:00:00,2025-08-06 01:34:33.663466757,0.006785578747628084,0.00950645632899169,0.79185119574845
H1559,Cover,Plastic,Assembly,M8,329,4.248,2.377,51.3,2.47,2025-08-05 22:00:00,2025-08-06 00:22:38.197142784,0.007224924012158054,0.011322942104699646,0.5595574387947269
H2059,Shaft,Steel,Drilling,M6,104,0.82,0.654,65.8,2.84,2025-08-05 23:00:00,2025-08-05 23:39:13.173795181,0.006288461538461539,0.005919333870832363,0.7975609756097561
H71,Cover,Plastic,Cutting,M2,220,2.5,1.354,65.7,2.06,2025-08-06 00:00:00,2025-08-06 01:21:14.471444637,0.006154545454545455,0.011485642269702152,0.5416000000000001
H2628,Cover,Plastic,Assembly,M7,321,4.152,2.273,47.7,3.08,2025-08-06 00:00:00,2025-08-06 02:16:23.956884600,0.007080996884735203,0.010847195171927372,0.5474470134874759
H1256,Bracket,Aluminium,Assembly,M8,465,5.88,3.832,61.7,3.44,2025-08-06 01:00:00,2025-08-06 04:49:56.635037885,0.008240860215053764,0.011249763210189974,0.6517006802721088
H1509,Valve,Titanium,Assembly,M7,229,3.048,3.882,68.1,2.45,2025-08-06 01:00:00,2025-08-06 04:52:54.390025732,0.016951965065502183,0.010776134826886009,1.2736220472440944
H911,Bracket,Aluminium,Cutting,M1,111,1.41,1.117,67.6,3.39,2025-08-06 01:00:00,2025-08-06 02:07:01.569609294,0.010063063063063062,0.00955473903906216,0.7921985815602838
H1765,Gear,Steel,Assembly,M7,209,2.808,2.454,56.5,3.35,2025-08-06 02:00:00,2025-08-06 04:27:13.145717356,0.011741626794258374,0.010890502053527049,0.873931623931624
H274,Bracket,Aluminium,Cutting,M1,284,3.14,2.248,66.4,2.05,2025-08-06 02:00:00,2025-08-06 04:14:54.365358021,0.007915492957746479,0.00956134064976347,0.715923566878981
H706,Bracket,Aluminium,Cutting,M2,596,6.26,5.182,70.5,3.35,2025-08-06 03:00:00,2025-08-06 08:10:55.960900134,0.008694630872483223,0.011393726807371864,0.8277955271565496
H155,Cover,Plastic,Assembly,M7,366,4.692,2.884,69.7,3.73,2025-08-06 04:00:00,2025-08-06 06:53:03.698675252,0.007879781420765028,0.010905977048813072,0.6146632566069906
H859,Housing,Aluminium,Assembly,M7,105,1.56,1.002,68.9,2.5,2025-08-06 05:00:00,2025-08-06 06:00:06.566271292,0.009542857142857143,0.010851937841169359,0.6423076923076922
H2495,Valve,Titanium,Cutting,M2,364,3.94,5.507,55.1,1.96,2025-08-06 06:00:00,2025-08-06 11:30:25.919181053,0.015129120879120878,0.011347979418644938,1.3977157360406092
H1173,Gear,Steel,Drilling,M5,465,2.625,2.955,60.2,2.06,2025-08-06 08:00:00,2025-08-06 10:57:17.240575920,0.00635483870967742,0.006664663808184287,1.1257142857142857
H1418,Valve,Titanium,Assembly,M8,329,4.248,6.309,76.3,2.54,2025-08-06 08:00:00,2025-08-06 14:18:34.138874082,0.01917629179331307,0.01119697543834548,1.4851694915254237
H353,Shaft,Steel,Cutting,M2,416,4.46,4.313,71.2,3.16,2025-08-06 08:00:00,2025-08-06 12:18:45.725946810,0.010367788461538461,0.011410998442986204,0.9670403587443945
H1479,Bracket,Aluminium,Drilling,M6,337,1.985,1.276,56.8,2.83,2025-08-06 08:00:00,2025-08-06 09:16:34.656939770,0.0037863501483679524,0.005925485998626184,0.6428211586901763
H1778,Bracket,Aluminium,Cutting,M1,153,1.83,1.26,65.1,3.38,2025-08-06 22:00:00,2025-08-06 23:15:36.314905547,0.00823529411764706,0.009540240038327355,0.6885245901639344
H2423,Valve,Titanium,Drilling,M6,122,0.91,1.012,64.8,2.3,2025-08-06 23:00:00,2025-08-07 00:00:41.522465785,0.008295081967213114,0.005890418197802278,1.1120879120879121
H2062,Shaft,Steel,Cutting,M2,34,0.64,0.641,68.3,3.76,2025-08-06 23:00:00,2025-08-06 23:38:26.021488137,0.01885294117647059,0.011393896640011648,1.0015625
H765,Housing,Aluminium,Cutting,M2,45,0.75,0.611,68.5,2.22,2025-08-07 00:00:00,2025-08-07 00:36:39.418459486,0.013577777777777777,0.011514203809954536,0.8146666666666667
H1236,Cover,Plastic,Drilling,M5,452,2.56,1.66,54.7,2.34,2025-08-07 01:00:00,2025-08-07 02:39:36.610625031,0.0036725663716814156,0.006657107098464609,0.6484375
H2424,Bracket,Aluminium,Cutting,M2,283,3.13,2.395,62.4,2.62,2025-08-07 01:00:00,2025-08-07 03:23:40.408174422,0.008462897526501766,0.011546958952300937,0.7651757188498403
H2503,Cover,Plastic,Assembly,M8,427,5.424,3.091,71.0,2.46,2025-08-07 01:00:00,2025-08-07 04:05:28.619897821,0.007238875878220141,0.011334549858258715,0.5698746312684366
H792,Shaft,Steel,Drilling,M6,232,1.46,1.163,76.0,3.22,2025-08-07 01:00:00,2025-08-07 02:09:45.481534728,0.005012931034482759,0.005929203097308904,0.7965753424657535
H2083,Shaft,Steel,Turning,M3,428,3.724,3.144,62.4,0.99,2025-08-07 02:00:00,2025-08-07 05:08:37.138621415,0.007345794392523365,0.008604780900690664,0.8442534908700322
H2987,Bracket,Aluminium,Assembly,M8,481,6.072,4.102,80.1,1.37,2025-08-07 02:00:00,2025-08-07 06:06:06.013664937,0.008528066528066529,0.011265131655207214,0.6755599472990778
H1366,Shaft,Steel,Turning,M3,140,1.42,1.153,73.5,2.09,2025-08-07 03:00:00,2025-08-07 04:09:11.465044939,0.008235714285714285,0.008579601170527317,0.8119718309859155
H1218,Gear,Steel,Assembly,M8,89,1.368,1.274,69.4,0.42,2025-08-07 04:00:00,2025-08-07 05:16:27.661096276,0.014314606741573034,0.011219513903088202,0.9312865497076023
H1288,Cover,Plastic,Assembly,M8,382,4.884,2.624,58.2,2.79,2025-08-07 05:00:00,2025-08-07 07:37:25.687696174,0.00686910994764398,0.011270253129948608,0.5372645372645373
H598,Gear,Steel,Assembly,M7,597,7.464,7.016,59.9,2.76,2025-08-07 05:00:00,2025-08-07 12:00:56.460778820,0.011752093802345058,0.010828971513128793,0.9399785637727759
H76,Cover,Plastic,Assembly,M7,30,0.66,0.392,73.0,3.35,2025-08-07 05:00:00,2025-08-07 05:23:32.512731809,0.013066666666666667,0.010844887414667005,0.593939393939394
H989,Shaft,Steel,Cutting,M1,340,3.7,3.627,60.0,3.47,2025-08-07 05:00:00,2025-08-07 08:37:38.836324846,0.010667647058823528,0.009523721735533933,0.9802702702702701
H686,Cover,Plastic,Assembly,M7,445,5.64,2.871,71.1,1.36,2025-08-07 06:00:00,2025-08-07 08:52:14.524457132,0.006451685393258427,0.010882544690124625,0.5090425531914894
H2597,Cover,Plastic,Assembly,M7,485,6.12,3.328,65.8,2.94,2025-08-07 06:00:00,2025-08-07 09:19:41.830920076,0.006861855670103093,0.010808697035176857,0.5437908496732026
H777,Housing,Aluminium,Cutting,M1,303,3.33,2.497,65.6,0.8,2025-08-07 06:00:00,2025-08-07 08:29:50.290432717,0.00824092409240924,0.009538020802075053,0.7498498498498498
H2302,Cover,Plastic,Cutting,M1,154,1.84,1.021,83.9,1.5,2025-08-07 08:00:00,2025-08-07 09:01:14.348887911,0.006629870129870129,0.00952200726244955,0.554891304347826
H1052,Shaft,Steel,Cutting,M1,177,2.07,1.977,63.9,2.21,2025-08-07 08:00:00,2025-08-07 09:58:38.659506998,0.011169491525423729,0.009486737297418092,0.955072463768116
H374,Bracket,Aluminium,Drilling,M5,187,1.235,1.33,83.2,3.01,2025-08-07 22:00:00,2025-08-07 23:19:48.898257913,0.007112299465240642,0.00658604660496977,1.0769230769230769
H1084,Cover,Plastic,Drilling,M6,468,2.64,1.265,55.7,3.37,2025-08-07 22:00:00,2025-08-07 23:15:55.065984505,0.0027029914529914526,0.005914659096311664,0.47916666666666663
H314,Bracket,Aluminium,Drilling,M5,93,0.765,0.66,65.1,2.42,2025-08-07 22:00:00,2025-08-07 22:39:36.914426106,0.0070967741935483875,0.006598285043580721,0.8627450980392157
H1907,Gear,Steel,Assembly,M7,477,6.024,5.397,58.9,2.71,2025-08-07 22:00:00,2025-08-08 03:23:48.972669098,0.011314465408805032,0.01074399471771663,0.8959163346613546
H1219,Valve,Titanium,Assembly,M8,167,2.304,3.053,63.5,2.42,2025-08-08 00:00:00,2025-08-08 03:03:10.531385967,0.018281437125748503,0.011199266949588857,1.3250868055555556
H2524,Shaft,Steel,Cutting,M1,115,1.45,1.084,57.3,2.26,2025-08-08 00:00:00,2025-08-08 01:05:03.966221230,0.00942608695652174,0.009507011444743462,0.7475862068965518
H238,Valve,Titanium,Turning,M3,257,2.356,2.87,55.3,3.17,2025-08-08 00:00:00,2025-08-08 02:52:13.380811728,0.011167315175097278,0.008572858290432944,1.2181663837011885
H2710,Shaft,Steel,Turning,M3,304,2.732,2.116,59.2,3.14,2025-08-08 00:00:00,2025-08-08 02:06:56.174870044,0.006960526315789474,0.008622751692061104,0.774524158125915
H2559,Bracket,Aluminium,Assembly,M7,71,1.152,0.959,72.0,4.64,2025-08-08 01:00:00,2025-08-08 01:57:31.971191801,0.013507042253521126,0.010753195857895475,0.8324652777777778
H2860,Cover,Plastic,Drilling,M5,586,3.23,2.062,63.7,3.39,2025-08-08 03:00:00,2025-08-08 05:03:44.482683129,0.0035187713310580204,0.006609614342443623,0.638390092879257
H1109,Gear,Steel,Turning,M4,297,2.676,2.476,76.2,1.36,2025-08-08 04:00:00,2025-08-08 06:28:34.536517086,0.008336700336700337,0.009448565316622252,0.9252615844544095
H779,Cover,Plastic,Drilling,M6,563,3.115,1.548,62.3,2.77,2025-08-08 04:00:00,2025-08-08 05:32:54.127425363,0.00274955595026643,0.005864476789384785,0.49695024077046546
H429,Cover,Plastic,Cutting,M2,363,3.93,2.516,65.6,1.81,2025-08-08 05:00:00,2025-08-08 07:30:56.035735812,0.006931129476584022,0.011498770492522825,0.6402035623409669
H425,Valve,Titanium,Turning,M4,69,0.852,0.98,49.8,2.59,2025-08-08 06:00:00,2025-08-08 06:58:47.630134354,0.014202898550724638,0.009425401462873878,1.1502347417840375
H2664,Shaft,Steel,Drilling,M6,55,0.575,0.466,54.1,2.39,2025-08-08 07:00:00,2025-08-08 07:27:58.244230744,0.008472727272727272,0.0058165549303214265,0.8104347826086957
H2169,Housing,Aluminium,Turning,M4,504,4.332,3.147,61.9,2.22,2025-08-08 07:00:00,2025-08-08 10:08:48.599917705,0.006244047619047619,0.00952290140344226,0.7264542936288089
H1308,Cover,Plastic,Assembly,M7,248,3.276,1.778,55.3,3.57,2025-08-08 07:00:00,2025-08-08 08:46:40.849257094,0.007169354838709677,0.01079690770544509,0.5427350427350428
H1789,Cover,Plastic,Drilling,M5,323,1.915,1.286,65.6,0.4,2025-08-08 08:00:00,2025-08-08 09:17:11.212458874,0.003981424148606812,0.006540928942190608,0.6715404699738904
H1361,Valve,Titanium,Turning,M4,48,0.684,0.959,67.3,2.2,2025-08-08 22:00:00,2025-08-08 22:57:32.222080770,0.019979166666666666,0.009457324327754368,1.4020467836257309
H1404,Gear,Steel,Cutting,M1,309,3.39,2.718,70.2,2.24,2025-08-08 23:00:00,2025-08-09 01:43:05.385056974,0.008796116504854368,0.009506048057978918,0.8017699115044248
H1077,Valve,Titanium,Drilling,M6,203,1.315,1.914,69.8,3.04,2025-08-08 23:00:00,2025-08-09 00:54:51.708903844,0.009428571428571429,0.005856799965812423,1.4555133079847908
H2444,Shaft,Steel,Cutting,M1,210,2.4,2.054,60.2,2.01,2025-08-08 23:00:00,2025-08-09 01:03:13.013508730,0.00978095238095238,0.009497695922059806,0.8558333333333333
H2160,Cover,Plastic,Cutting,M1,447,4.77,2.584,60.1,3.88,2025-08-09 00:00:00,2025-08-09 02:35:02.845927677,0.0057807606263982104,0.00950098960181437,0.5417190775681342
H1351,Shaft,Steel,Cutting,M2,260,2.9,3.11,58.4,2.26,2025-08-09 00:00:00,2025-08-09 03:06:35.708314413,0.011961538461538461,0.011428499092277613,1.0724137931034483
H2850,Valve,Titanium,Drilling,M6,71,0.655,0.725,75.0,3.33,2025-08-09 01:00:00,2025-08-09 01:43:31.312372632,0.010211267605633803,0.005910109987644648,1.1068702290076335
H1500,Gear,Steel,Turning,M3,111,1.188,1.235,75.4,5.09,2025-08-09 01:00:00,2025-08-09 02:14:05.085682326,0.011126126126126127,0.008591388949112584,1.0395622895622898
H1580,Gear,Steel,Drilling,M5,338,1.99,2.154,65.4,3.58,2025-08-09 03:00:00,2025-08-09 05:09:14.457802460,0.006372781065088757,0.00648528753363444,1.0824120603015075
H2689,Valve,Titanium,Cutting,M1,233,2.63,3.089,66.4,2.2,2025-08-09 04:00:00,2025-08-09 07:05:19.432622207,0.013257510729613734,0.00945822834922338,1.1745247148288973
H2940,Bracket,Aluminium,Cutting,M2,506,5.36,4.555,55.4,3.29,2025-08-09 05:00:00,2025-08-09 09:33:18.764637958,0.009001976284584979,0.011436575446357322,0.8498134328358208
H2021,Shaft,Steel,Turning,M3,565,4.82,4.13,54.2,2.7,2025-08-09 05:00:00,2025-08-09 09:07:48.124122367,0.007309734513274336,0.008638328526464687,0.8568464730290456
H2268,Gear,Steel,Turning,M3,252,2.316,2.078,59.0,2.72,2025-08-09 05:00:00,2025-08-09 07:04:40.587980159,0.008246031746031746,0.008614172271679406,0.8972366148531952
H2309,Cover,Plastic,Drilling,M6,556,3.08,1.508,84.8,3.11,2025-08-09 05:00:00,2025-08-09 06:30:28.461693084,0.002712230215827338,0.0059733623055562525,0.4896103896103896
H590,Valve,Titanium,Cutting,M1,62,0.92,1.106,69.7,1.91,2025-08-09 06:00:00,2025-08-09 07:06:20.406929888,0.017838709677419358,0.009501402012636906,1.2021739130434783
H2473,Valve,Titanium,Drilling,M6,192,1.26,1.441,68.4,2.5,2025-08-09 21:00:00,2025-08-09 22:26:27.271725878,0.007505208333333333,0.005926099521647138,1.1436507936507936
H2647,Valve,Titanium,Cutting,M1,592,6.22,8.213,71.4,3.79,2025-08-10 00:00:00,2025-08-10 08:12:47.760410599,0.013873310810810809,0.009595079626847946,1.3204180064308682
H2857,Cover,Plastic,Drilling,M6,303,1.815,0.961,70.1,3.63,2025-08-10 00:00:00,2025-08-10 00:57:40.254836777,0.0031716171617161715,0.005948658218956941,0.5294765840220386
H41,Housing,Aluminium,Turning,M4,399,3.492,2.697,77.9,1.52,2025-08-10 00:00:00,2025-08-10 02:41:49.241782568,0.006759398496240601,0.009663634961850688,0.7723367697594502
H2825,Cover,Plastic,Drilling,M6,578,3.19,1.749,53.5,3.38,2025-08-10 01:00:00,2025-08-10 02:44:55.339060736,0.003025951557093426,0.005909544964629606,0.5482758620689656
H2692,Valve,Titanium,Cutting,M2,481,5.11,6.22,69.0,2.12,2025-08-10 03:00:00,2025-08-10 09:13:11.606653385,0.012931392931392931,0.011400238145435348,1.217221135029354
H2831,Valve,Titanium,Cutting,M2,331,3.61,5.554,63.2,1.45,2025-08-10 05:00:00,2025-08-10 10:33:12.666976561,0.016779456193353474,0.011422755127581782,1.5385041551246539
H2147,Cover,Plastic,Drilling,M5,596,3.28,2.309,62.7,3.62,2025-08-10 07:00:00,2025-08-10 09:18:31.731825663,0.0038741610738255035,0.006482893778984532,0.7039634146341465
H737,Shaft,Steel,Cutting,M2,499,5.29,4.247,67.3,2.62,2025-08-10 07:00:00,2025-08-10 11:14:48.531652442,0.008511022044088176,0.011500388476361083,0.8028355387523629
H971,Bracket,Aluminium,Drilling,M5,227,1.435,1.277,67.5,2.64,2025-08-10 07:00:00,2025-08-10 08:16:38.861469300,0.005625550660792951,0.0064285451809603855,0.8898954703832752
H70,Housing,Aluminium,Assembly,M7,368,4.716,3.646,75.0,3.01,2025-08-10 08:00:00,2025-08-10 11:38:46.851378223,0.009907608695652173,0.010740227191902348,0.7731128074639525
H321,Valve,Titanium,Drilling,M6,270,1.65,1.745,73.7,2.94,2025-08-10 08:00:00,2025-08-10 09:44:41.679391950,0.006462962962962964,0.005869495056191604,1.0575757575757576
H2128,Housing,Aluminium,Assembly,M8,148,2.076,1.53,71.8,2.94,2025-08-10 21:00:00,2025-08-10 22:31:49.795758231,0.010337837837837838,0.011311682349210438,0.7369942196531791
H1945,Cover,Plastic,Cutting,M2,437,4.67,3.271,74.2,4.22,2025-08-10 21:00:00,2025-08-11 00:16:14.230976065,0.007485125858123569,0.011457683241614327,0.7004282655246252
H91,Housing,Aluminium,Cutting,M1,99,1.29,0.769,75.0,2.15,2025-08-10 22:00:00,2025-08-10 22:46:09.348075797,0.007767676767676768,0.009642615528891977,0.5961240310077519
H224,Cover,Plastic,Assembly,M7,346,4.452,2.559,74.8,1.99,2025-08-10 22:00:00,2025-08-11 00:33:31.709683769,0.007395953757225434,0.010727417676575424,0.5747978436657682
H11,Shaft,Steel,Cutting,M2,484,5.14,5.608,62.7,2.66,2025-08-10 22:00:00,2025-08-11 03:36:28.725896573,0.011586776859504131,0.011401731729170795,1.0910505836575874
H448,Valve,Titanium,Turning,M3,148,1.484,1.975,83.9,2.22,2025-08-10 23:00:00,2025-08-11 00:58:31.495360062,0.013344594594594595,0.008607598333721414,1.3308625336927224
H1551,Bracket,Aluminium,Drilling,M5,471,2.655,2.48,74.1,4.66,2025-08-11 00:00:00,2025-08-11 02:28:47.416063549,0.005265392781316348,0.006412157537691662,0.9340866290018833
H101,Cover,Plastic,Drilling,M6,328,1.94,1.009,67.7,0.2,2025-08-11 00:00:00,2025-08-11 01:00:30.875292274,0.0030762195121951216,0.005877624753544636,0.5201030927835051
H2088,Bracket,Aluminium,Cutting,M1,223,2.53,1.882,80.7,2.47,2025-08-11 00:00:00,2025-08-11 01:52:53.761110065,0.008439461883408071,0.009622011806241261,0.7438735177865613
H1188,Gear,Steel,Cutting,M2,589,6.19,6.382,64.1,1.9,2025-08-11 04:00:00,2025-08-11 10:22:55.443573315,0.010835314091680814,0.011404301800425424,1.0310177705977381
H1871,Cover,Plastic,Cutting,M2,75,1.05,0.671,55.0,3.21,2025-08-11 05:00:00,2025-08-11 05:40:14.699029444,0.008946666666666667,0.011396507448250841,0.6390476190476191
H1705,Housing,Aluminium,Turning,M3,412,3.596,3.122,73.3,2.87,2025-08-11 06:00:00,2025-08-11 09:07:18.246049510,0.007577669902912621,0.008690703531280592,0.868186874304783
H967,Shaft,Steel,Turning,M3,271,2.468,2.209,58.5,0.74,2025-08-11 06:00:00,2025-08-11 08:12:33.006292658,0.00815129151291513,0.008671513296308732,0.8950567260940033
H978,Gear,Steel,Assembly,M7,486,6.132,4.643,60.9,1.96,2025-08-11 06:00:00,2025-08-11 10:38:34.620331822,0.009553497942386831,0.010676940950524664,0.7571754729288976
H1814,Shaft,Steel,Drilling,M5,386,2.23,2.775,71.3,3.51,2025-08-11 07:00:00,2025-08-11 09:46:28.316512023,0.007189119170984456,0.006389222242564155,1.2443946188340806
H2506,Housing,Aluminium,Assembly,M8,324,4.188,2.968,54.5,2.47,2025-08-11 21:00:00,2025-08-11 23:58:06.492019929,0.009160493827160493,0.011296466028720241,0.7086914995224451
H2744,Valve,Titanium,Turning,M3,390,3.42,4.373,60.2,1.94,2025-08-11 21:00:00,2025-08-12 01:22:21.028038607,0.011212820512820514,0.008662695977946128,1.278654970760234
H1669,Shaft,Steel,Turning,M4,166,1.628,1.411,54.0,3.04,2025-08-11 22:00:00,2025-08-11 23:24:39.791336268,0.0085,0.009607784260588956,0.8667076167076168
H1254,Shaft,Steel,Cutting,M1,324,3.54,3.102,63.5,2.35,2025-08-11 22:00:00,2025-08-12 01:06:06.713430919,0.009574074074074073,0.009609158002732205,0.8762711864406779
H651,Shaft,Steel,Cutting,M2,495,5.25,5.888,65.4,3.6,2025-08-11 23:00:00,2025-08-12 04:53:17.376312180,0.011894949494949495,0.011363401491742947,1.1215238095238096
H2766,Cover,Plastic,Cutting,M2,527,5.57,3.152,73.1,2.82,2025-08-12 00:00:00,2025-08-12 03:09:07.462893086,0.005981024667931689,0.011370488798452366,0.5658886894075403
H2543,Gear,Steel,Drilling,M5,535,2.975,3.427,59.4,2.04,2025-08-12 00:00:00,2025-08-12 03:25:38.869790540,0.006405607476635514,0.006404906496062593,1.1519327731092437
H509,Gear,Steel,Drilling,M6,458,2.59,1.934,63.0,1.27,2025-08-12 02:00:00,2025-08-12 03:56:01.965103646,0.004222707423580786,0.005839767925958831,0.7467181467181467
H852,Gear,Steel,Cutting,M1,573,6.03,6.025,74.4,1.09,2025-08-12 02:00:00,2025-08-12 08:01:30.785974300,0.010514834205933682,0.009608780756187494,0.9991708126036485
H602,Shaft,Steel,Drilling,M6,44,0.52,0.438,56.2,3.03,2025-08-12 03:00:00,2025-08-12 03:26:16.228055371,0.009954545454545454,0.005818207119260457,0.8423076923076923
H1402,Valve,Titanium,Drilling,M5,527,2.935,5.214,64.2,2.31,2025-08-12 05:00:00,2025-08-12 10:12:52.107291339,0.009893738140417458,0.006404919976458225,1.7764906303236798
H1105,Valve,Titanium,Cutting,M2,196,2.26,3.121,62.0,1.54,2025-08-12 06:00:00,2025-08-12 09:07:15.564221264,0.0159234693877551,0.011299574796734988,1.3809734513274337
H1688,Bracket,Aluminium,Drilling,M6,561,3.105,1.893,58.2,2.62,2025-08-12 06:00:00,2025-08-12 07:53:35.973522977,0.003374331550802139,0.005872632623672103,0.6096618357487923
H1637,Valve,Titanium,Cutting,M1,406,4.36,4.893,67.7,1.86,2025-08-12 06:00:00,2025-08-12 10:53:33.780380899,0.012051724137931034,0.009618419622674155,1.1222477064220182
H2966,Housing,Aluminium,Turning,M4,204,1.932,1.23,65.5,2.82,2025-08-12 07:00:00,2025-08-12 08:13:46.972826174,0.006029411764705882,0.009586882670766522,0.6366459627329193
H2184,Cover,Plastic,Assembly,M7,302,3.924,2.042,48.3,1.51,2025-08-12 08:00:00,2025-08-12 10:02:30.313346560,0.006761589403973509,0.010660173144433056,0.5203873598369011
H729,Gear,Steel,Turning,M4,454,3.932,3.772,64.2,2.14,2025-08-12 08:00:00,2025-08-12 11:46:19.507264331,0.008308370044052863,0.009521003579913548,0.9593082400813835
H2889,Housing,Aluminium,Assembly,M8,512,6.444,4.432,65.2,2.55,2025-08-12 21:00:00,2025-08-13 01:25:56.121057896,0.00865625,0.011263604917927016,0.6877715704531348
H638,Bracket,Aluminium,Assembly,M7,468,5.916,4.177,56.9,2.74,2025-08-12 22:00:00,2025-08-13 02:10:35.785068831,0.008925213675213674,0.010602841030602769,0.70605138607167
H1533,Bracket,Aluminium,Assembly,M8,64,1.068,0.802,54.8,3.55,2025-08-12 22:00:00,2025-08-12 22:48:06.479019431,0.01253125,0.011224099540382665,0.7509363295880149
H2767,Cover,Plastic,Assembly,M7,502,6.324,4.094,79.0,3.49,2025-08-12 22:00:00,2025-08-13 02:05:37.063690848,0.008155378486055777,0.010578527590669592,0.6473750790638837
H401,Bracket,Aluminium,Drilling,M6,504,2.82,1.708,54.9,1.56,2025-08-12 22:00:00,2025-08-12 23:42:29.797204282,0.0033888888888888888,0.005840187155193272,0.6056737588652482
H520,Bracket,Aluminium,Assembly,M8,458,5.796,3.895,54.8,2.92,2025-08-12 23:00:00,2025-08-13 02:53:42.045121352,0.008504366812227075,0.011243609248735164,0.672015182884748
H2873,Shaft,Steel,Cutting,M2,526,5.56,5.567,57.3,3.43,2025-08-13 00:00:00,2025-08-13 05:34:01.241581542,0.010583650190114069,0.011359625375839146,1.0012589928057556
H2853,Bracket,Aluminium,Drilling,M5,361,2.105,1.906,73.6,2.67,2025-08-13 00:00:00,2025-08-13 01:54:21.327582071,0.0052797783933518005,0.006470746734268778,0.9054631828978622
H1003,Bracket,Aluminium,Cutting,M1,407,4.37,2.824,55.8,1.0,2025-08-13 02:00:00,2025-08-13 04:49:26.745685573,0.0069385749385749386,0.009644033354413701,0.6462242562929061
H1227,Cover,Plastic,Cutting,M2,97,1.27,0.762,67.6,1.83,2025-08-13 02:00:00,2025-08-13 02:45:44.188841837,0.007855670103092783,0.011349676976022158,0.6
H620,Housing,Aluminium,Assembly,M7,243,3.216,2.408,55.2,2.13,2025-08-13 03:00:00,2025-08-13 05:24:27.501512653,0.009909465020576132,0.010543911174889396,0.7487562189054726
H40,Shaft,Steel,Drilling,M6,473,2.665,2.633,56.4,3.07,2025-08-13 03:00:00,2025-08-13 05:37:59.310065026,0.005566596194503171,0.005808760254343215,0.9879924953095685
H1096,Housing,Aluminium,Cutting,M2,35,0.65,0.407,62.6,0.37,2025-08-13 04:00:00,2025-08-13 04:24:25.179745623,0.011628571428571427,0.011305449040921785,0.6261538461538461
H250,Gear,Steel,Drilling,M5,313,1.865,2.385,66.8,2.29,2025-08-13 04:00:00,2025-08-13 06:23:07.353390097,0.007619808306709264,0.006448691764992537,1.2788203753351206
H1475,Gear,Steel,Turning,M4,351,3.108,2.888,68.7,1.89,2025-08-13 04:00:00,2025-08-13 06:53:16.287846499,0.008227920227920228,0.009498955697443353,0.9292149292149292
H2771,Housing,Aluminium,Cutting,M2,420,4.5,3.742,79.6,3.09,2025-08-13 04:00:00,2025-08-13 07:44:30.646705736,0.00890952380952381,0.011309488070767407,0.8315555555555556
H2871,Shaft,Steel,Cutting,M1,59,0.89,0.802,60.1,3.1,2025-08-13 05:00:00,2025-08-13 05:48:07.593001750,0.013593220338983051,0.009615851495915382,0.901123595505618
H772,Gear,Steel,Assembly,M8,153,2.136,2.169,74.6,2.76,2025-08-13 06:00:00,2025-08-13 08:10:10.072504320,0.014176470588235294,0.011203326271727692,1.0154494382022472
H1578,Gear,Steel,Turning,M3,178,1.724,1.459,63.3,1.94,2025-08-13 06:00:00,2025-08-13 07:27:34.124492210,0.008196629213483147,0.008705198053527367,0.8462877030162413
H117,Shaft,Steel,Cutting,M2,335,3.65,3.442,70.6,2.58,2025-08-13 06:00:00,2025-08-13 09:26:31.695033472,0.010274626865671642,0.011279858882356992,0.9430136986301371
H2724,Cover,Plastic,Cutting,M2,418,4.48,2.577,65.5,1.12,2025-08-13 07:00:00,2025-08-13 09:34:35.437203234,0.006165071770334928,0.011267599955324245,0.5752232142857142
H1547,Bracket,Aluminium,Assembly,M8,97,1.464,0.93,61.0,2.66,2025-08-13 08:00:00,2025-08-13 08:55:46.764852237,0.009587628865979383,0.01124641531979302,0.6352459016393444
H308,Housing,Aluminium,Cutting,M1,399,4.29,2.766,82.0,2.69,2025-08-13 21:00:00,2025-08-13 23:45:59.385588950,0.006932330827067669,0.009656855298421233,0.6447552447552447
H387,Gear,Steel,Turning,M4,537,4.596,4.456,78.1,2.09,2025-08-13 21:00:00,2025-08-14 01:27:22.052811149,0.008297951582867785,0.009476258635487582,0.9695387293298521
H29,Valve,Titanium,Cutting,M1,505,5.35,6.888,78.0,1.72,2025-08-13 21:00:00,2025-08-14 03:53:18.220888185,0.013639603960396039,0.00962905402830538,1.2874766355140188
H2289,Gear,Steel,Drilling,M5,156,1.08,1.334,80.2,2.58,2025-08-13 21:00:00,2025-08-13 22:20:03.162605148,0.008551282051282052,0.00646998479302375,1.2351851851851852
H365,Housing,Aluminium,Assembly,M7,499,6.288,4.415,69.4,1.13,2025-08-13 22:00:00,2025-08-14 02:24:53.100868852,0.008847695390781563,0.01053497531356104,0.7021310432569974
H2732,Gear,Steel,Drilling,M5,375,2.175,2.592,58.2,2.31,2025-08-13 22:00:00,2025-08-14 00:35:30.488344539,0.006912000000000001,0.006507150815492649,1.1917241379310346
H145,Shaft,Steel,Cutting,M2,227,2.57,2.487,67.4,3.21,2025-08-13 22:00:00,2025-08-14 00:29:12.887566281,0.010955947136563877,0.011206123712131602,0.9677042801556421
H670,Housing,Aluminium,Cutting,M1,157,1.87,1.401,61.5,3.34,2025-08-13 23:00:00,2025-08-14 00:24:03.961964356,0.008923566878980892,0.009669564633680032,0.7491978609625668
H350,Cover,Plastic,Cutting,M1,216,2.46,1.293,56.9,2.58,2025-08-13 23:00:00,2025-08-14 00:17:33.089290432,0.0059861111111111105,0.009662104656133041,0.525609756097561
H1756,Shaft,Steel,Cutting,M2,418,4.48,4.309,54.4,2.94,2025-08-13 23:00:00,2025-08-14 03:18:32.773112755,0.010308612440191389,0.01120314541956532,0.9618303571428571
H2547,Cover,Plastic,Cutting,M1,470,5.0,2.696,77.7,2.76,2025-08-14 00:00:00,2025-08-14 02:41:47.098079101,0.005736170212765958,0.009625708680439755,0.5392
H896,Housing,Aluminium,Turning,M4,546,4.668,3.505,67.0,2.29,2025-08-14 01:00:00,2025-08-14 04:30:19.445371042,0.006419413919413919,0.00945558658193285,0.7508568980291345
H1403,Cover,Plastic,Assembly,M7,420,5.34,3.197,65.6,3.71,2025-08-14 01:00:00,2025-08-14 04:11:49.039477517,0.0076119047619047624,0.010511540870189103,0.5986891385767791
H755,Housing,Aluminium,Assembly,M8,328,4.236,2.905,71.1,1.98,2025-08-14 01:00:00,2025-08-14 03:54:16.586757488,0.00885670731707317,0.011222718370452826,0.6857884796978281
H801,Bracket,Aluminium,Cutting,M1,345,3.75,3.046,56.8,1.8,2025-08-14 03:00:00,2025-08-14 06:02:45.054822446,0.008828985507246376,0.009587575950364522,0.8122666666666666
H1143,Shaft,Steel,Turning,M4,402,3.516,3.126,64.5,2.91,2025-08-14 03:00:00,2025-08-14 06:07:34.381667114,0.007776119402985075,0.009403238777406661,0.8890784982935154
H1005,Bracket,Aluminium,Assembly,M7,164,2.268,1.457,52.1,4.18,2025-08-14 04:00:00,2025-08-14 05:27:24.315662429,0.008884146341463416,0.010471819827609865,0.6424162257495591
H2117,Cover,Plastic,Drilling,M6,537,2.985,1.6,62.5,2.15,2025-08-14 04:00:00,2025-08-14 05:35:58.807313577,0.00297951582867784,0.005805694886497139,0.5360134003350084
H2741,Bracket,Aluminium,Assembly,M7,260,3.42,2.337,57.3,1.93,2025-08-14 05:00:00,2025-08-14 07:20:13.166777716,0.008988461538461539,0.010450364780499778,0.6833333333333333
H1317,Housing,Aluminium,Turning,M4,481,4.148,3.053,63.5,1.11,2025-08-14 06:00:00,2025-08-14 09:03:10.909669025,0.006347193347193347,0.009375660482924939,0.7360173577627773
H226,Shaft,Steel,Drilling,M6,533,2.965,2.4,55.0,2.83,2025-08-14 06:00:00,2025-08-14 08:24:01.672302350,0.00450281425891182,0.005770367648274398,0.8094435075885329
H2458,Shaft,Steel,Cutting,M1,480,5.1,4.449,79.0,1.39,2025-08-14 07:00:00,2025-08-14 11:26:56.456715381,0.00926875,0.009580210994606094,0.8723529411764707
H191,Valve,Titanium,Assembly,M7,430,5.46,6.592,58.5,3.2,2025-08-14 07:00:00,2025-08-14 13:35:29.852478697,0.015330232558139534,0.010430872737272601,1.2073260073260073
H1349,Bracket,Aluminium,Drilling,M5,396,2.28,2.113,58.3,1.36,2025-08-14 07:00:00,2025-08-14 09:06:45.468409227,0.005335858585858586,0.006514253432764707,0.9267543859649123
H560,Shaft,Steel,Cutting,M1,593,6.23,5.281,54.1,4.08,2025-08-14 08:00:00,2025-08-14 13:16:51.738582997,0.008905564924114671,0.009577216177350266,0.847672552166934
H1554,Cover,Plastic,Cutting,M1,40,0.7,0.323,63.0,3.24,2025-08-14 08:00:00,2025-08-14 08:19:21.680936745,0.008075,0.009570819498748022,0.46142857142857147
H512,Valve,Titanium,Assembly,M7,479,6.048,7.433,52.6,2.09,2025-08-14 21:00:00,2025-08-15 04:25:59.825494943,0.015517745302713987,0.010495337998073482,1.2290013227513228
H1212,Bracket,Aluminium,Drilling,M5,133,0.965,0.937,77.4,2.84,2025-08-14 22:00:00,2025-08-14 22:56:11.930124727,0.007045112781954887,0.0064939362802318434,0.9709844559585493
H1007,Bracket,Aluminium,Cutting,M1,221,2.51,1.666,64.5,2.07,2025-08-15 00:00:00,2025-08-15 01:39:56.320032198,0.007538461538461538,0.009556707994042853,0.6637450199203188
H2964,Gear,Steel,Drilling,M6,131,0.955,0.816,68.1,2.11,2025-08-15 01:00:00,2025-08-15 01:48:57.245788852,0.0062290076335877855,0.005754718840998317,0.8544502617801047
H125,Housing,Aluminium,Cutting,M1,265,2.95,2.245,60.2,2.51,2025-08-15 01:00:00,2025-08-15 03:14:43.794344721,0.008471698113207547,0.009537845877635549,0.7610169491525424
H1461,Gear,Steel,Assembly,M8,473,5.976,5.051,65.6,2.0,2025-08-15 01:00:00,2025-08-15 06:03:04.364370181,0.010678646934460889,0.01118939427110945,0.8452141900937082
H2758,Bracket,Aluminium,Assembly,M7,436,5.532,4.683,70.7,0.56,2025-08-15 05:00:00,2025-08-15 09:40:59.111443941,0.010740825688073394,0.010560564066964916,0.846529284164859
H2347,Cover,Plastic,Assembly,M7,344,4.428,2.116,56.0,2.68,2025-08-15 06:00:00,2025-08-15 08:06:59.101795991,0.006151162790697675,0.010562875113389384,0.4778681120144535
H2798,Housing,Aluminium,Cutting,M1,501,5.31,3.815,71.3,2.48,2025-08-15 07:00:00,2025-08-15 10:48:52.270153896,0.007614770459081837,0.009527974139076032,0.7184557438794728
H1853,Cover,Plastic,Assembly,M8,130,1.86,1.028,74.6,2.33,2025-08-15 07:00:00,2025-08-15 08:01:42.207813847,0.007907692307692308,0.01118230055810044,0.5526881720430107
H1141,Shaft,Steel,Turning,M4,128,1.324,1.097,74.3,2.65,2025-08-15 07:00:00,2025-08-15 08:05:47.449488717,0.0085703125,0.009325186030662746,0.8285498489425981
H1615,Gear,Steel,Cutting,M1,345,3.75,2.961,65.0,2.6,2025-08-15 21:00:00,2025-08-15 23:57:38.250893558,0.008582608695652173,0.009510421811736636,0.7896
H2321,Cover,Plastic,Drilling,M6,428,2.44,1.126,60.5,1.31,2025-08-15 23:00:00,2025-08-16 00:07:34.639127921,0.002630841121495327,0.005760502850664042,0.46147540983606555
H2336,Gear,Steel,Drilling,M5,228,1.44,1.607,60.0,1.92,2025-08-15 23:00:00,2025-08-16 00:36:24.519360615,0.007048245614035087,0.006503278254837318,1.1159722222222221
H1381,Cover,Plastic,Drilling,M6,252,1.56,0.776,71.8,1.8,2025-08-16 02:00:00,2025-08-16 02:46:33.678454853,0.0030793650793650793,0.005722796082842732,0.49743589743589745
H768,Bracket,Aluminium,Assembly,M8,529,6.648,5.57,65.2,2.65,2025-08-16 03:00:00,2025-08-16 08:34:13.183973044,0.010529300567107752,0.011137442910834577,0.8378459687123948
H2464,Housing,Aluminium,Turning,M3,447,3.876,2.737,56.8,1.98,2025-08-16 03:00:00,2025-08-16 05:44:13.295796525,0.0061230425055928414,0.008696860859428283,0.7061403508771931
H1770,Cover,Plastic,Drilling,M6,523,2.915,1.629,67.5,2.66,2025-08-16 03:00:00,2025-08-16 04:37:42.907744191,0.0031147227533460803,0.005691326666134665,0.5588336192109777
H487,Bracket,Aluminium,Cutting,M1,57,0.87,0.587,55.8,3.39,2025-08-16 05:00:00,2025-08-16 05:35:14.130648860,0.010298245614035088,0.00950198714704496,0.6747126436781609
H2028,Valve,Titanium,Turning,M3,59,0.772,0.997,70.8,3.18,2025-08-16 05:00:00,2025-08-16 05:59:48.662378189,0.01689830508474576,0.008655347660172872,1.2914507772020725
H1304,Cover,Plastic,Cutting,M2,235,2.65,1.566,69.9,4.48,2025-08-16 05:00:00,2025-08-16 06:33:58.394448072,0.006663829787234043,0.01119262150216092,0.5909433962264151
H1239,Bracket,Aluminium,Cutting,M1,211,2.41,1.873,70.9,3.15,2025-08-16 05:00:00,2025-08-16 06:52:21.884919094,0.008876777251184834,0.009509160646747571,0.7771784232365144
H1665,Housing,Aluminium,Assembly,M7,242,3.204,2.294,62.4,2.85,2025-08-16 06:00:00,2025-08-16 08:17:36.601011167,0.009479338842975207,0.010507030653608477,0.715980024968789
H1220,Gear,Steel,Turning,M3,587,4.996,3.807,72.5,3.03,2025-08-16 07:00:00,2025-08-16 10:48:26.978331533,0.006485519591141397,0.008786188254213711,0.7620096076861489
H1501,Cover,Plastic,Drilling,M6,150,1.05,0.527,57.6,1.49,2025-08-16 08:00:00,2025-08-16 08:31:36.258253916,0.0035133333333333336,0.005661013678925388,0.5019047619047619
H1299,Shaft,Steel,Drilling,M5,231,1.455,1.745,73.8,3.3,2025-08-16 08:00:00,2025-08-16 09:44:42.245144620,0.007554112554112554,0.0065123610441572815,1.1993127147766323
H2463,Housing,Aluminium,Turning,M3,504,4.332,3.253,63.4,2.32,2025-08-16 22:00:00,2025-08-17 01:15:09.474659983,0.00645436507936508,0.008750240306353206,0.7509233610341645
H1193,Bracket,Aluminium,Assembly,M7,591,7.392,5.517,66.7,2.38,2025-08-16 22:00:00,2025-08-17 03:31:01.738304733,0.009335025380710661,0.01049418450597556,0.7463474025974026
H2326,Gear,Steel,Assembly,M8,281,3.672,3.099,69.7,2.09,2025-08-16 23:00:00,2025-08-17 02:05:56.346202283,0.011028469750889681,0.011129224771054484,0.8439542483660131
H913,Bracket,Aluminium,Drilling,M6,55,0.575,0.407,80.4,2.22,2025-08-16 23:00:00,2025-08-16 23:24:25.042266737,0.0073999999999999995,0.005636040651651061,0.7078260869565217
H2691,Gear,Steel,Turning,M4,481,4.148,3.813,71.9,2.69,2025-08-17 00:00:00,2025-08-17 03:48:46.340964947,0.007927234927234928,0.009312811054750241,0.91923818707811
H486,Bracket,Aluminium,Drilling,M5,61,0.605,0.579,72.0,2.11,2025-08-17 01:00:00,2025-08-17 01:34:44.569147044,0.009491803278688524,0.006529438937763105,0.9570247933884297
H1213,Cover,Plastic,Drilling,M6,88,0.74,0.361,63.4,1.72,2025-08-17 01:00:00,2025-08-17 01:21:41.321582788,0.004102272727272727,0.00565631604645967,0.48783783783783785
H18,Gear,Steel,Cutting,M2,97,1.27,1.2,66.3,3.36,2025-08-17 01:00:00,2025-08-17 02:11:59.196567328,0.012371134020618556,0.011139961133382701,0.9448818897637795
H370,Valve,Titanium,Assembly,M7,38,0.756,0.911,62.5,4.12,2025-08-17 01:00:00,2025-08-17 01:54:38.889776859,0.023973684210526317,0.010479873899490809,1.2050264550264551
H1850,Gear,Steel,Assembly,M8,470,5.94,5.025,84.0,1.06,2025-08-17 03:00:00,2025-08-17 08:01:31.291034752,0.010691489361702129,0.01112788137078562,0.8459595959595959
H2255,Housing,Aluminium,Assembly,M8,492,6.204,4.262,67.4,4.04,2025-08-17 03:00:00,2025-08-17 07:15:43.051860636,0.008662601626016259,0.0111221393706661,0.6869761444229529
H2882,Valve,Titanium,Turning,M3,553,4.724,6.477,73.8,1.43,2025-08-17 03:00:00,2025-08-17 09:28:37.452132748,0.0117124773960217,0.008714919149014927,1.3710838272650296
H424,Housing,Aluminium,Turning,M4,140,1.42,1.123,77.2,2.55,2025-08-17 03:00:00,2025-08-17 04:07:21.339093924,0.008021428571428572,0.009290463052693545,0.7908450704225353
H1473,Shaft,Steel,Drilling,M6,233,1.465,1.249,52.4,1.53,2025-08-17 03:00:00,2025-08-17 04:14:57.544258972,0.005360515021459228,0.005638656463287091,0.8525597269624574
H1703,Bracket,Aluminium,Drilling,M5,370,2.15,1.997,64.8,1.85,2025-08-17 04:00:00,2025-08-17 05:59:50.163225229,0.005397297297297298,0.006577219007778031,0.9288372093023257
H1960,Cover,Plastic,Cutting,M1,50,0.8,0.435,68.4,3.38,2025-08-17 05:00:00,2025-08-17 05:26:07.297881027,0.0087,0.009503514366430047,0.54375
H2314,Valve,Titanium,Turning,M4,540,4.62,6.52,78.1,3.06,2025-08-17 05:00:00,2025-08-17 11:31:11.567263894,0.012074074074074074,0.00927031964822902,1.4112554112554112
H1798,Valve,Titanium,Turning,M3,575,4.9,7.238,58.1,2.04,2025-08-17 07:00:00,2025-08-17 14:14:15.731741630,0.012587826086956522,0.008760336698211997,1.477142857142857
H811,Valve,Titanium,Assembly,M7,195,2.64,3.141,48.1,2.46,2025-08-17 07:00:00,2025-08-17 10:08:27.114988007,0.01610769230769231,0.01064443256182051,1.1897727272727272
H1482,Shaft,Steel,Drilling,M5,200,1.3,1.611,50.7,2.8,2025-08-17 08:00:00,2025-08-17 09:36:39.583557984,0.008055,0.006558490091738655,1.2392307692307691
H785,Shaft,Steel,Turning,M4,340,3.02,2.428,66.9,1.23,2025-08-17 21:00:00,2025-08-17 23:25:39.831418573,0.007141176470588235,0.00931412831113285,0.8039735099337748
H2301,Bracket,Aluminium,Drilling,M6,286,1.73,1.125,64.0,1.08,2025-08-17 21:00:00,2025-08-17 22:07:30.511432404,0.003933566433566434,0.005635531278547452,0.6502890173410405
H1311,Valve,Titanium,Turning,M4,268,2.444,3.246,67.0,3.24,2025-08-17 21:00:00,2025-08-18 00:14:45.671516378,0.012111940298507463,0.009280698282816779,1.328150572831424
H960,Valve,Titanium,Cutting,M1,442,4.72,5.951,82.1,2.45,2025-08-18 01:00:00,2025-08-18 06:57:02.895099212,0.013463800904977374,0.009496403619824472,1.2608050847457628
H1784,Bracket,Aluminium,Drilling,M6,147,1.035,0.756,76.1,2.82,2025-08-18 01:00:00,2025-08-18 01:45:20.805020288,0.005142857142857143,0.005616620558047663,0.7304347826086958
H1342,Housing,Aluminium,Cutting,M1,568,5.98,4.102,53.7,3.0,2025-08-18 02:00:00,2025-08-18 06:06:06.794518392,0.007221830985915494,0.00953120535039599,0.6859531772575251
H2041,Housing,Aluminium,Turning,M4,509,4.372,3.075,63.6,4.09,2025-08-18 04:00:00,2025-08-18 07:04:30.564674156,0.0060412573673870335,0.009323595889115122,0.7033394327538884
H753,Cover,Plastic,Drilling,M6,476,2.68,1.37,64.9,2.47,2025-08-18 04:00:00,2025-08-18 05:22:13.048999759,0.0028781512605042018,0.005611414366671942,0.5111940298507462
H2763,Housing,Aluminium,Cutting,M1,361,3.91,2.948,51.6,2.89,2025-08-18 05:00:00,2025-08-18 07:56:53.654845416,0.008166204986149584,0.009511123834183115,0.7539641943734015
H233,Bracket,Aluminium,Drilling,M6,220,1.4,0.881,54.1,2.35,2025-08-18 05:00:00,2025-08-18 05:52:53.163086056,0.004004545454545454,0.0055817049850831624,0.6292857142857143
H288,Valve,Titanium,Assembly,M7,218,2.916,3.81,67.2,2.8,2025-08-18 06:00:00,2025-08-18 09:48:35.976114885,0.017477064220183487,0.010710254968397278,1.3065843621399178
H2835,Valve,Titanium,Assembly,M7,530,6.66,10.825,49.2,3.7,2025-08-18 06:00:00,2025-08-18 16:49:28.304661983,0.02042452830188679,0.010790812221394734,1.6253753753753752
H141,Cover,Plastic,Cutting,M1,20,0.5,0.276,54.0,2.25,2025-08-18 06:00:00,2025-08-18 06:16:32.886874084,0.013800000000000002,0.009499529706182825,0.552
H2296,Shaft,Steel,Drilling,M5,266,1.63,2.036,66.2,2.42,2025-08-18 07:00:00,2025-08-18 09:02:09.640322046,0.007654135338345865,0.006581873059055238,1.249079754601227
H345,Bracket,Aluminium,Drilling,M6,437,2.485,1.559,67.2,1.94,2025-08-18 07:00:00,2025-08-18 08:33:31.591986663,0.0035675057208237985,0.005564746280453726,0.6273641851106639
H2510,Gear,Steel,Drilling,M6,21,0.405,0.348,60.3,4.45,2025-08-18 08:00:00,2025-08-18 08:20:54.106230987,0.01657142857142857,0.005543499040457662,0.8592592592592592
H2080,Shaft,Steel,Drilling,M6,372,2.16,1.792,63.0,3.58,2025-08-18 08:00:00,2025-08-18 09:47:32.079363286,0.004817204301075269,0.005659582509204724,0.8296296296296296
H2605,Bracket,Aluminium,Drilling,M6,486,2.73,1.893,63.6,1.99,2025-08-18 08:00:00,2025-08-18 09:53:35.000171554,0.0038950617283950617,0.005650807736203376,0.6934065934065934
H2275,Cover,Plastic,Cutting,M2,232,2.62,1.473,57.3,2.45,2025-08-18 23:00:00,2025-08-19 00:28:24.063854509,0.006349137931034483,0.011154112545879663,0.5622137404580153
H897,Valve,Titanium,Assembly,M8,347,4.464,6.179,63.5,1.98,2025-08-18 23:00:00,2025-08-19 05:10:43.657666430,0.01780691642651297,0.011090197322034284,1.38418458781362
H1062,Housing,Aluminium,Cutting,M1,216,2.46,1.65,60.3,2.52,2025-08-19 01:00:00,2025-08-19 02:39:00.064958284,0.007638888888888889,0.009536285862540237,0.6707317073170731
H356,Cover,Plastic,Drilling,M6,144,1.02,0.551,61.5,3.56,2025-08-19 01:00:00,2025-08-19 01:33:04.793506479,0.003826388888888889,0.005632707261896073,0.5401960784313726
H727,Cover,Plastic,Cutting,M2,63,0.93,0.542,57.4,1.2,2025-08-19 01:00:00,2025-08-19 01:32:31.989171480,0.008603174603174604,0.011099510561620061,0.5827956989247312
H1312,Bracket,Aluminium,Assembly,M8,144,2.028,1.595,75.0,3.56,2025-08-19 03:00:00,2025-08-19 04:35:40.291420072,0.011076388888888889,0.011176309105425037,0.7864891518737672
H1264,Valve,Titanium,Turning,M3,347,3.076,3.315,63.2,2.51,2025-08-19 03:00:00,2025-08-19 06:18:53.907821536,0.009553314121037463,0.008817463405506692,1.0776983094928478
H50,Valve,Titanium,Turning,M3,436,3.788,5.193,70.6,4.14,2025-08-19 04:00:00,2025-08-19 09:11:34.240962824,0.011910550458715596,0.008828284739558616,1.37090813093981
H2369,Valve,Titanium,Drilling,M5,410,2.35,3.977,67.3,0.84,2025-08-19 04:00:00,2025-08-19 07:58:36.718874417,0.0097,0.006598369401813555,1.6923404255319148
H2245,Cover,Plastic,Drilling,M5,175,1.175,0.746,60.8,3.24,2025-08-19 04:00:00,2025-08-19 04:44:44.858111661,0.004262857142857143,0.006645363804816381,0.6348936170212766
H72,Shaft,Steel,Drilling,M6,203,1.315,1.125,67.0,3.58,2025-08-19 07:00:00,2025-08-19 08:07:31.335411611,0.005541871921182266,0.0056142754417633466,0.8555133079847909
H2717,Bracket,Aluminium,Drilling,M6,492,2.76,1.753,66.4,2.47,2025-08-19 07:00:00,2025-08-19 08:45:10.115327437,0.0035630081300813007,0.005613544093070608,0.6351449275362319
H1272,Housing,Aluminium,Assembly,M8,142,2.004,1.491,53.9,1.39,2025-08-19 07:00:00,2025-08-19 08:29:27.927563696,0.0105,0.01117504429255749,0.7440119760479043
H534,Valve,Titanium,Turning,M3,95,1.06,1.305,65.1,3.03,2025-08-19 08:00:00,2025-08-19 09:18:19.611535502,0.013736842105263157,0.008872955257227559,1.231132075471698
H1241,Valve,Titanium,Cutting,M2,242,2.72,3.819,61.7,3.9,2025-08-19 21:00:00,2025-08-20 00:49:06.992552432,0.01578099173553719,0.011071461842985842,1.4040441176470586
H1267,Bracket,Aluminium,Assembly,M8,248,3.276,2.518,65.1,2.31,2025-08-19 21:00:00,2025-08-19 23:31:04.848906924,0.010153225806451612,0.011166606238900523,0.7686202686202686
H2603,Housing,Aluminium,Turning,M3,500,4.3,2.932,65.6,2.38,2025-08-19 21:00:00,2025-08-19 23:55:55.103106988,0.005864,0.008942439355056639,0.6818604651162791
H885,Bracket,Aluminium,Assembly,M7,193,2.616,1.765,67.6,2.35,2025-08-19 22:00:00,2025-08-19 23:45:52.259098803,0.009145077720207253,0.010904150057635816,0.6746941896024464
H2907,Bracket,Aluminium,Cutting,M2,99,1.29,1.235,56.9,4.06,2025-08-19 22:00:00,2025-08-19 23:14:04.561580854,0.012474747474747475,0.01112378995290308,0.9573643410852714
H760,Valve,Titanium,Assembly,M8,357,4.584,5.488,63.1,3.47,2025-08-19 23:00:00,2025-08-20 04:29:16.167568410,0.015372549019607844,0.011154095369364117,1.1972076788830717
H181,Housing,Aluminium,Cutting,M1,398,4.28,3.307,57.7,3.16,2025-08-20 00:00:00,2025-08-20 03:18:24.083707769,0.008309045226130653,0.00952020622717031,0.7726635514018692
H2384,Valve,Titanium,Assembly,M7,77,1.224,1.728,76.4,2.33,2025-08-20 02:00:00,2025-08-20 03:43:42.210121881,0.022441558441558443,0.010883695728130834,1.411764705882353
H2468,Housing,Aluminium,Cutting,M1,541,5.71,3.83,54.5,1.33,2025-08-20 02:00:00,2025-08-20 05:49:46.646050504,0.007079482439926063,0.009510028403632163,0.670753064798599
H818,Bracket,Aluminium,Cutting,M1,104,1.34,0.888,67.0,2.12,2025-08-20 03:00:00,2025-08-20 03:53:17.190856338,0.008538461538461538,0.009489773853934612,0.6626865671641791
H1953,Bracket,Aluminium,Cutting,M1,411,4.41,3.016,70.5,1.95,2025-08-20 03:00:00,2025-08-20 06:00:57.404241018,0.007338199513381995,0.009481911768682768,0.6839002267573696
H1732,Housing,Aluminium,Assembly,M8,171,2.352,1.514,73.7,3.25,2025-08-20 03:00:00,2025-08-20 04:30:49.330802361,0.008853801169590643,0.011205539926074405,0.6437074829931974
H718,Bracket,Aluminium,Drilling,M5,334,1.97,1.987,66.5,1.65,2025-08-20 04:00:00,2025-08-20 05:59:12.212748385,0.005949101796407186,0.006609804003891616,1.0086294416243655
H2716,Gear,Steel,Turning,M4,220,2.06,1.862,74.1,2.4,2025-08-20 05:00:00,2025-08-20 06:51:41.611136091,0.008463636363636364,0.009274605761925151,0.903883495145631
H914,Valve,Titanium,Turning,M3,531,4.548,6.303,66.2,3.46,2025-08-20 07:00:00,2025-08-20 13:18:10.150299313,0.011870056497175142,0.008899081054281192,1.3858839050131926
H1180,Housing,Aluminium,Assembly,M8,467,5.904,3.603,65.4,2.94,2025-08-20 07:00:00,2025-08-20 10:36:09.647268736,0.007715203426124197,0.011177205724189058,0.6102642276422765
H1644,Valve,Titanium,Assembly,M7,199,2.688,3.137,56.8,2.33,2025-08-20 08:00:00,2025-08-20 11:08:14.374881234,0.015763819095477388,0.011016544724836898,1.1670386904761905
H2920,Cover,Plastic,Drilling,M6,148,1.04,0.625,69.5,2.69,2025-08-20 21:00:00,2025-08-20 21:37:29.509659821,0.004222972972972973,0.005593038733440716,0.6009615384615384
H2654,Cover,Plastic,Cutting,M1,54,0.84,0.493,58.6,2.58,2025-08-20 21:00:00,2025-08-20 21:29:35.045420969,0.00912962962962963,0.009464340356754072,0.5869047619047619
H799,Gear,Steel,Cutting,M2,62,0.92,1.082,59.1,1.35,2025-08-20 22:00:00,2025-08-20 23:04:56.123466209,0.01745161290322581,0.011138635639956313,1.1760869565217391
H2704,Gear,Steel,Turning,M4,42,0.636,0.606,60.4,4.34,2025-08-21 00:00:00,2025-08-21 00:36:20.838198525,0.014428571428571428,0.00926267974136208,0.9528301886792453
H647,Housing,Aluminium,Assembly,M8,370,4.74,3.116,71.6,2.96,2025-08-21 01:00:00,2025-08-21 04:06:59.200286385,0.008421621621621621,0.011135991411116857,0.6573839662447257
H77,Housing,Aluminium,Turning,M3,341,3.028,2.335,67.8,2.8,2025-08-21 02:00:00,2025-08-21 04:20:05.759925490,0.006847507331378299,0.008940344602099163,0.7711360634081902
H2212,Shaft,Steel,Drilling,M6,438,2.49,2.354,65.7,1.68,2025-08-21 02:00:00,2025-08-21 04:21:13.501995027,0.005374429223744292,0.005579473725911332,0.9453815261044176
H1704,Shaft,Steel,Cutting,M1,408,4.38,4.289,72.4,2.7,2025-08-21 02:00:00,2025-08-21 06:17:21.576385801,0.010512254901960784,0.009461619131330297,0.9792237442922374
H1021,Gear,Steel,Cutting,M2,567,5.97,5.608,70.8,3.37,2025-08-21 02:00:00,2025-08-21 07:36:28.104766794,0.009890652557319224,0.01120725495803533,0.9393634840871021
H1817,Valve,Titanium,Turning,M3,101,1.108,1.5,58.2,2.31,2025-08-21 04:00:00,2025-08-21 05:30:01.128264978,0.01485148514851485,0.008911675598390659,1.3537906137184115
H127,Shaft,Steel,Cutting,M1,287,3.17,2.951,69.9,2.98,2025-08-21 04:00:00,2025-08-21 06:57:01.811693915,0.010282229965156795,0.009470092000448285,0.9309148264984227
H1061,Shaft,Steel,Drilling,M6,325,1.925,1.701,71.0,3.06,2025-08-21 06:00:00,2025-08-21 07:42:01.957058963,0.005233846153846154,0.005577463485694008,0.8836363636363637
H1050,Shaft,Steel,Drilling,M5,212,1.36,1.531,76.9,1.58,2025-08-21 08:00:00,2025-08-21 09:31:51.381932139,0.007221698113207547,0.006600087794958021,1.1257352941176468
H2706,Bracket,Aluminium,Drilling,M5,539,2.995,2.809,62.2,3.09,2025-08-21 08:00:00,2025-08-21 10:48:32.515602679,0.005211502782931355,0.006609096640150043,0.9378964941569282
H2658,Bracket,Aluminium,Drilling,M6,590,3.25,1.856,64.8,2.5,2025-08-21 08:00:00,2025-08-21 09:51:22.532703432,0.003145762711864407,0.005574127395093544,0.5710769230769231
H361,Housing,Aluminium,Cutting,M2,190,2.2,1.835,73.7,4.27,2025-08-21 21:00:00,2025-08-21 22:50:06.690609665,0.009657894736842105,0.011193097942973866,0.834090909090909
H2752,Shaft,Steel,Cutting,M2,500,5.3,5.773,57.4,2.72,2025-08-21 21:00:00,2025-08-22 02:46:21.854885019,0.011545999999999999,0.011176765993972465,1.089245283018868
H1996,Valve,Titanium,Cutting,M2,366,3.96,5.474,69.9,2.74,2025-08-21 21:00:00,2025-08-22 02:28:25.424703360,0.014956284153005464,0.011180652667720122,1.3823232323232324
H436,Gear,Steel,Cutting,M1,469,4.99,5.05,59.0,3.81,2025-08-21 23:00:00,2025-08-22 04:03:01.129575116,0.010767590618336887,0.009476589104165952,1.0120240480961924
H583,Gear,Steel,Turning,M4,97,1.076,0.963,68.2,2.71,2025-08-22 00:00:00,2025-08-22 00:57:48.135681227,0.009927835051546392,0.009337547736828882,0.8949814126394051
H2310,Gear,Steel,Drilling,M5,545,3.025,3.59,53.0,1.67,2025-08-22 00:00:00,2025-08-22 03:35:23.479122119,0.006587155963302752,0.0065891310136183484,1.1867768595041321
H1282,Shaft,Steel,Cutting,M1,183,2.13,2.106,65.3,2.17,2025-08-22 01:00:00,2025-08-22 03:06:23.299907854,0.011508196721311474,0.009486835147929215,0.9887323943661972
H344,Bracket,Aluminium,Drilling,M6,351,2.055,1.312,61.5,2.35,2025-08-22 01:00:00,2025-08-22 02:18:43.623401701,0.003737891737891738,0.005550777734677879,0.6384428223844282
H1655,Gear,Steel,Cutting,M1,473,5.03,4.415,57.3,2.12,2025-08-22 02:00:00,2025-08-22 06:24:54.335320754,0.009334038054968288,0.009502751380790493,0.8777335984095427
H2217,Valve,Titanium,Drilling,M6,421,2.405,3.12,67.6,2.37,2025-08-22 02:00:00,2025-08-22 05:07:10.597281327,0.007410926365795724,0.005533512153756106,1.2972972972972974
H558,Cover,Plastic,Assembly,M8,199,2.688,1.408,61.6,2.75,2025-08-22 03:00:00,2025-08-22 04:24:29.187786237,0.00707537688442211,0.011104057648887502,0.5238095238095237
H975,Housing,Aluminium,Cutting,M2,400,4.3,3.473,75.3,2.33,2025-08-22 04:00:00,2025-08-22 07:28:23.321191319,0.0086825,0.011219982162358512,0.8076744186046512
H1642,Housing,Aluminium,Cutting,M2,156,1.86,1.472,57.6,1.48,2025-08-22 04:00:00,2025-08-22 05:28:20.638578533,0.009435897435897437,0.01119382255243729,0.7913978494623656
H888,Gear,Steel,Cutting,M2,573,6.03,6.019,76.6,3.12,2025-08-22 04:00:00,2025-08-22 10:01:09.613144064,0.0105043630017452,0.011175884541044026,0.9981757877280265
H1659,Cover,Plastic,Drilling,M5,22,0.41,0.347,64.9,2.19,2025-08-22 05:00:00,2025-08-22 05:20:48.575893388,0.01577272727272727,0.006589103196008269,0.8463414634146341
H2099,Gear,Steel,Cutting,M2,121,1.51,1.563,68.8,2.42,2025-08-22 06:00:00,2025-08-22 07:33:48.505345391,0.012917355371900826,0.011169101495192521,1.0350993377483444
H409,Housing,Aluminium,Turning,M4,46,0.668,0.452,61.3,2.87,2025-08-22 06:00:00,2025-08-22 06:27:07.875806981,0.00982608695652174,0.009345980412753419,0.6766467065868264
H766,Valve,Titanium,Turning,M3,156,1.548,1.849,69.5,1.33,2025-08-22 06:00:00,2025-08-22 07:50:55.408444354,0.011852564102564103,0.008991943295013958,1.1944444444444444
H134,Shaft,Steel,Turning,M3,147,1.476,1.356,60.7,2.51,2025-08-22 07:00:00,2025-08-22 08:21:22.786120332,0.009224489795918368,0.009030084905781294,0.91869918699187
H1819,Shaft,Steel,Drilling,M5,106,0.83,0.96,82.1,2.83,2025-08-22 07:00:00,2025-08-22 07:57:36.050201165,0.009056603773584906,0.006716653530407144,1.1566265060240963
H2277,Cover,Plastic,Drilling,M6,494,2.77,1.216,77.3,2.65,2025-08-22 22:00:00,2025-08-22 23:12:58.664526050,0.0024615384615384616,0.005551223608586669,0.4389891696750902
H2936,Valve,Titanium,Assembly,M7,239,3.168,3.709,67.2,3.0,2025-08-22 22:00:00,2025-08-23 01:42:31.573813064,0.015518828451882846,0.011070491024503267,1.170770202020202
H2300,Bracket,Aluminium,Assembly,M8,380,4.86,3.552,67.9,2.2,2025-08-22 22:00:00,2025-08-23 01:33:07.773065009,0.009347368421052632,0.0110572125237193,0.7308641975308642
H2488,Bracket,Aluminium,Drilling,M6,227,1.435,1.045,72.0,2.05,2025-08-22 23:00:00,2025-08-23 00:02:43.470572836,0.00460352422907489,0.0055223480464647225,0.7282229965156793
H936,Shaft,Steel,Cutting,M2,147,1.77,1.777,68.5,2.86,2025-08-22 23:00:00,2025-08-23 00:46:38.254510245,0.012088435374149659,0.011186584033959605,1.003954802259887
H1211,Shaft,Steel,Cutting,M1,178,2.08,2.131,68.4,2.98,2025-08-22 23:00:00,2025-08-23 01:07:51.193938150,0.01197191011235955,0.009501433307932506,1.0245192307692306
H2254,Valve,Titanium,Turning,M3,510,4.38,6.221,59.1,2.77,2025-08-23 00:00:00,2025-08-23 06:13:13.946341251,0.012198039215686275,0.009032642864862045,1.4203196347031963
H2096,Cover,Plastic,Assembly,M8,596,7.452,3.782,61.0,3.08,2025-08-23 01:00:00,2025-08-23 04:46:55.101709891,0.006345637583892618,0.011037559143228879,0.5075147611379496
H13,Valve,Titanium,Drilling,M5,131,0.955,1.876,62.1,3.14,2025-08-23 01:00:00,2025-08-23 02:52:33.945513427,0.0143206106870229,0.0067487076433273875,1.9643979057591623
H2409,Shaft,Steel,Drilling,M5,370,2.15,2.587,62.6,1.79,2025-08-23 01:00:00,2025-08-23 03:35:12.684523626,0.006991891891891892,0.006851030657431381,1.2032558139534886
H683,Bracket,Aluminium,Drilling,M6,258,1.59,1.218,77.4,2.43,2025-08-23 01:00:00,2025-08-23 02:13:05.283834858,0.004720930232558139,0.005513840418525928,0.7660377358490565
H2927,Cover,Plastic,Assembly,M8,421,5.352,3.406,50.5,2.62,2025-08-23 02:00:00,2025-08-23 05:24:21.547344348,0.008090261282660332,0.010984241852781877,0.6363976083707026
H2984,Gear,Steel,Turning,M4,175,1.7,1.578,78.7,1.38,2025-08-23 03:00:00,2025-08-23 04:34:40.824772372,0.009017142857142857,0.009352742476750156,0.9282352941176472
H889,Shaft,Steel,Drilling,M5,456,2.58,3.113,68.8,4.53,2025-08-23 03:00:00,2025-08-23 06:06:47.210486662,0.006826754385964912,0.006852908807224187,1.2065891472868218
H2259,Bracket,Aluminium,Assembly,M7,394,5.028,3.91,55.0,1.78,2025-08-23 03:00:00,2025-08-23 06:54:35.955522729,0.009923857868020304,0.011120472343912027,0.777645186953063
H1379,Housing,Aluminium,Turning,M4,298,2.684,2.074,63.4,2.94,2025-08-23 04:00:00,2025-08-23 06:04:27.987647995,0.006959731543624161,0.009348081370922277,0.7727272727272726
H1563,Housing,Aluminium,Turning,M4,504,4.332,3.302,66.7,2.54,2025-08-23 05:00:00,2025-08-23 08:18:06.230319738,0.006551587301587301,0.009315364250000385,0.7622345337026778
H695,Cover,Plastic,Drilling,M6,63,0.615,0.298,69.1,2.71,2025-08-23 21:00:00,2025-08-23 21:17:51.106174535,0.00473015873015873,0.0055065660131500774,0.4845528455284553
H2806,Cover,Plastic,Cutting,M1,47,0.77,0.369,53.7,2.94,2025-08-23 21:00:00,2025-08-23 21:22:06.765244696,0.007851063829787234,0.009520584290912562,0.4792207792207792
H2985,Bracket,Aluminium,Assembly,M7,512,6.444,5.119,66.4,2.41,2025-08-23 21:00:00,2025-08-24 02:07:08.221384376,0.009998046875,0.01110717662751323,0.7943823711980136
H1526,Cover,Plastic,Assembly,M7,117,1.704,0.791,70.2,1.44,2025-08-23 23:00:00,2025-08-23 23:47:26.639917703,0.006760683760683761,0.011094988388474624,0.4642018779342723
H2718,Bracket,Aluminium,Drilling,M5,470,2.65,2.422,70.3,3.14,2025-08-23 23:00:00,2025-08-24 01:25:17.855008751,0.005153191489361703,0.006852564670102355,0.9139622641509435
H781,Cover,Plastic,Assembly,M7,346,4.452,2.08,69.7,2.66,2025-08-23 23:00:00,2025-08-24 01:04:47.311739258,0.006011560693641619,0.01104787638165081,0.4672057502246182
H614,Shaft,Steel,Turning,M3,377,3.316,3.127,69.8,1.96,2025-08-23 23:00:00,2025-08-24 02:07:35.579637270,0.008294429708222811,0.009073751908379243,0.9430036188178528
H2440,Shaft,Steel,Cutting,M1,397,4.27,3.98,53.4,3.14,2025-08-24 00:00:00,2025-08-24 03:58:48.397880062,0.010025188916876574,0.00950774182582698,0.9320843091334895
H1025,Housing,Aluminium,Cutting,M1,580,6.1,4.34,43.6,2.66,2025-08-24 00:00:00,2025-08-24 04:20:24.363534100,0.007482758620689655,0.009511691803621254,0.7114754098360656
H2811,Housing,Aluminium,Turning,M3,274,2.492,1.684,78.2,2.3,2025-08-24 02:00:00,2025-08-24 03:41:02.554115092,0.006145985401459854,0.009063760598120826,0.6757624398073836
H2056,Shaft,Steel,Cutting,M2,177,2.07,2.218,64.7,2.83,2025-08-24 02:00:00,2025-08-24 04:13:06.171547866,0.012531073446327683,0.011195513255149607,1.0714975845410628
H1159,Bracket,Aluminium,Drilling,M6,205,1.325,0.934,70.2,2.45,2025-08-24 02:00:00,2025-08-24 02:56:00.949737391,0.00455609756097561,0.005499507765122882,0.7049056603773586
H1456,Shaft,Steel,Cutting,M1,190,2.2,1.799,47.1,1.7,2025-08-24 03:00:00,2025-08-24 04:47:57.258289833,0.009468421052631579,0.009496321097689954,0.8177272727272726
H1000,Housing,Aluminium,Turning,M3,314,2.812,2.175,70.9,3.82,2025-08-24 03:00:00,2025-08-24 05:10:28.826066156,0.006926751592356687,0.009026826734871953,0.7734708392603129
H337,Valve,Titanium,Assembly,M7,537,6.744,9.141,55.5,0.75,2025-08-24 05:00:00,2025-08-24 14:08:28.466970587,0.017022346368715083,0.010993722449521678,1.3554270462633453
H114,Valve,Titanium,Cutting,M2,334,3.64,4.586,48.1,2.21,2025-08-24 05:00:00,2025-08-24 09:35:09.992935829,0.013730538922155689,0.011208606982514099,1.2598901098901099
H1664,Valve,Titanium,Drilling,M6,584,3.22,4.753,68.7,2.63,2025-08-24 05:00:00,2025-08-24 09:45:10.971698222,0.008138698630136986,0.005491008574094529,1.4760869565217392
H432,Shaft,Steel,Turning,M4,181,1.748,1.977,80.6,3.76,2025-08-24 06:00:00,2025-08-24 07:58:38.704667248,0.010922651933701658,0.009278015912859667,1.1310068649885585
H1315,Bracket,Aluminium,Assembly,M8,225,3.0,2.117,54.7,2.4,2025-08-24 07:00:00,2025-08-24 09:07:02.209807445,0.009408888888888889,0.010951725217162533,0.7056666666666667
H1306,Gear,Steel,Turning,M3,550,4.7,4.753,74.7,5.72,2025-08-24 08:00:00,2025-08-24 12:45:12.368667887,0.008641818181818183,0.009000575795590514,1.0112765957446808
H323,Valve,Titanium,Turning,M4,553,4.724,6.838,68.3,1.63,2025-08-24 08:00:00,2025-08-24 14:50:15.569126643,0.012365280289330923,0.00929994439313756,1.447502116850127
H1543,Shaft,Steel,Turning,M4,486,4.188,4.299,79.6,2.49,2025-08-24 21:00:00,2025-08-25 01:17:57.026430105,0.00884567901234568,0.009340277760192736,1.0265042979942696
H2421,Bracket,Aluminium,Assembly,M7,510,6.42,5.358,63.3,3.17,2025-08-24 22:00:00,2025-08-25 03:21:29.786799204,0.010505882352941176,0.011057856746534374,0.8345794392523364
H2210,Valve,Titanium,Turning,M4,571,4.868,6.838,66.6,2.85,2025-08-24 22:00:00,2025-08-25 04:50:15.785723245,0.011975481611208406,0.009333854399831086,1.4046836483155298
H2679,Bracket,Aluminium,Cutting,M2,403,4.33,3.501,57.6,3.56,2025-08-24 22:00:00,2025-08-25 01:30:04.102527279,0.008687344913151365,0.011233091758627122,0.8085450346420323
H1558,Bracket,Aluminium,Cutting,M1,35,0.65,0.461,64.8,2.17,2025-08-24 23:00:00,2025-08-24 23:27:40.395728752,0.013171428571428572,0.009496111322915078,0.7092307692307692
H2933,Valve,Titanium,Turning,M3,450,3.9,5.635,77.9,3.25,2025-08-24 23:00:00,2025-08-25 04:38:05.345946634,0.012522222222222221,0.008996146689247645,1.4448717948717948
H1896,Gear,Steel,Assembly,M8,487,6.144,5.83,74.6,3.33,2025-08-24 23:00:00,2025-08-25 04:49:47.330094125,0.011971252566735114,0.010934582591292825,0.9488932291666666
H609,Shaft,Steel,Cutting,M1,572,6.02,4.964,63.1,1.86,2025-08-25 00:00:00,2025-08-25 04:57:49.771994231,0.00867832167832168,0.009523539063575627,0.8245847176079736
H1348,Cover,Plastic,Drilling,M6,312,1.86,0.811,55.2,2.03,2025-08-25 01:00:00,2025-08-25 01:48:38.412358308,0.0025993589743589745,0.005514648663880622,0.4360215053763441
H939,Bracket,Aluminium,Cutting,M2,97,1.27,1.021,69.2,2.75,2025-08-25 01:00:00,2025-08-25 02:01:14.688420740,0.010525773195876288,0.011208613423574472,0.8039370078740157
H2408,Bracket,Aluminium,Assembly,M8,270,3.54,2.792,61.5,1.34,2025-08-25 02:00:00,2025-08-25 04:47:31.932272378,0.01034074074074074,0.010945974569044939,0.7887005649717513
H380,Housing,Aluminium,Cutting,M1,305,3.35,2.557,57.1,2.34,2025-08-25 02:00:00,2025-08-25 04:33:23.609818261,0.008383606557377049,0.009517278194055227,0.7632835820895522
H1441,Housing,Aluminium,Turning,M3,490,4.22,3.475,64.1,1.81,2025-08-25 03:00:00,2025-08-25 06:28:31.676308040,0.007091836734693878,0.009039147610381482,0.8234597156398105
H873,Cover,Plastic,Cutting,M2,548,5.78,3.12,71.8,2.37,2025-08-25 03:00:00,2025-08-25 06:07:12.976664214,0.005693430656934307,0.011202110183310679,0.5397923875432525
H582,Cover,Plastic,Drilling,M5,319,1.895,1.056,67.4,3.29,2025-08-25 05:00:00,2025-08-25 06:03:22.664487495,0.0033103448275862072,0.006830494888534295,0.5572559366754618
H1024,Bracket,Aluminium,Assembly,M8,369,4.728,3.985,75.9,2.39,2025-08-25 05:00:00,2025-08-25 08:59:07.728602010,0.010799457994579945,0.010939395940476413,0.8428510998307953
H545,Bracket,Aluminium,Cutting,M2,240,2.7,2.057,67.5,4.13,2025-08-25 05:00:00,2025-08-25 07:03:26.577450685,0.008570833333333333,0.011150141508533544,0.7618518518518518
H1316,Shaft,Steel,Cutting,M1,49,0.79,0.665,68.1,2.36,2025-08-25 06:00:00,2025-08-25 06:39:54.140802727,0.013571428571428573,0.009508942373197299,0.8417721518987342
H1683,Housing,Aluminium,Assembly,M8,412,5.244,3.774,63.0,3.17,2025-08-25 07:00:00,2025-08-25 10:46:24.603738858,0.009160194174757282,0.010937891231380753,0.719679633867277
H275,Shaft,Steel,Turning,M3,32,0.556,0.453,66.6,1.89,2025-08-25 07:00:00,2025-08-25 07:27:11.797834093,0.01415625,0.009015686033565968,0.8147482014388489
H1934,Shaft,Steel,Turning,M4,244,2.252,1.924,57.1,3.72,2025-08-25 07:00:00,2025-08-25 08:55:26.076496334,0.007885245901639344,0.009367721415361564,0.8543516873889876
H1249,Valve,Titanium,Turning,M3,418,3.644,4.748,66.5,0.87,2025-08-25 21:00:00,2025-08-26 01:44:52.864650483,0.011358851674641148,0.009076883223642564,1.3029637760702524
H2898,Shaft,Steel,Drilling,M5,500,2.8,2.799,76.6,2.9,2025-08-25 22:00:00,2025-08-26 00:47:57.002192342,0.005598,0.006785364759547781,0.9996428571428572
H2450,Valve,Titanium,Turning,M4,452,3.916,5.309,65.4,2.37,2025-08-25 22:00:00,2025-08-26 03:18:30.906083549,0.011745575221238938,0.009348955902529637,1.3557201225740552
H2829,Valve,Titanium,Turning,M4,566,4.828,7.471,64.9,2.16,2025-08-26 00:00:00,2025-08-26 07:28:16.099648596,0.01319964664310954,0.009378913644013503,1.5474316487158244
H610,Valve,Titanium,Cutting,M1,359,3.89,5.309,52.5,2.68,2025-08-26 00:00:00,2025-08-26 05:18:30.674864613,0.014788300835654597,0.009538595557125995,1.3647814910025706
H1166,Bracket,Aluminium,Assembly,M8,494,6.228,4.684,74.1,2.16,2025-08-26 01:00:00,2025-08-26 05:41:02.750002730,0.00948178137651822,0.01091897956056561,0.75208734746307
H2609,Gear,Steel,Turning,M4,51,0.708,0.735,50.1,2.73,2025-08-26 02:00:00,2025-08-26 02:44:05.204033561,0.014411764705882353,0.00942608318721222,1.038135593220339
H838,Gear,Steel,Drilling,M5,577,3.185,3.209,67.0,3.06,2025-08-26 02:00:00,2025-08-26 05:12:30.904722898,0.005561525129982669,0.0067703348258826195,1.0075353218210361
H2434,Valve,Titanium,Cutting,M1,264,2.94,4.094,60.7,1.88,2025-08-26 02:00:00,2025-08-26 06:05:38.095474676,0.015507575757575758,0.009576636899724027,1.3925170068027213
H2583,Valve,Titanium,Turning,M3,171,1.668,2.435,81.8,3.0,2025-08-26 02:00:00,2025-08-26 04:26:05.692281002,0.014239766081871346,0.009103729911301369,1.459832134292566
H231,Bracket,Aluminium,Cutting,M1,594,6.24,4.201,74.0,2.58,2025-08-26 02:00:00,2025-08-26 06:12:01.943277078,0.007072390572390572,0.00961930552460066,0.6732371794871794
H1150,Housing,Aluminium,Assembly,M7,51,0.912,0.585,70.3,2.63,2025-08-26 03:00:00,2025-08-26 03:35:04.731997064,0.011470588235294116,0.011052046489759708,0.6414473684210525
H1880,Housing,Aluminium,Cutting,M1,362,3.92,3.18,64.5,2.41,2025-08-26 04:00:00,2025-08-26 07:10:48.580260327,0.008784530386740331,0.009601113274942017,0.8112244897959184
H2223,Bracket,Aluminium,Assembly,M7,162,2.244,1.593,61.4,0.61,2025-08-26 04:00:00,2025-08-26 05:35:33.514290632,0.009833333333333333,0.011056406299609025,0.7098930481283422
H858,Shaft,Steel,Cutting,M2,560,5.9,5.66,73.2,1.75,2025-08-26 06:00:00,2025-08-26 11:39:37.626419979,0.010107142857142858,0.011126035824653168,0.9593220338983051
H1975,Housing,Aluminium,Turning,M4,108,1.164,0.779,62.9,2.94,2025-08-26 22:00:00,2025-08-26 22:46:45.543690552,0.0072129629629629636,0.009486884181342343,0.6692439862542956
H2049,Valve,Titanium,Cutting,M1,307,3.37,4.564,64.8,3.22,2025-08-26 22:00:00,2025-08-27 02:33:50.408200095,0.014866449511400651,0.009595321906940586,1.3543026706231454
H642,Cover,Plastic,Cutting,M2,289,3.19,1.719,54.4,2.93,2025-08-26 22:00:00,2025-08-26 23:43:07.254501968,0.005948096885813149,0.011116601630509553,0.538871473354232
H1962,Cover,Plastic,Cutting,M1,314,3.44,1.888,61.8,2.29,2025-08-26 22:00:00,2025-08-26 23:53:18.442137269,0.006012738853503184,0.009632442523873403,0.5488372093023256
H917,Gear,Steel,Drilling,M6,195,1.275,1.196,57.7,1.92,2025-08-26 23:00:00,2025-08-27 00:11:45.557420482,0.0061333333333333335,0.005488849640079546,0.9380392156862746
H2472,Valve,Titanium,Turning,M4,408,3.564,4.923,64.1,3.34,2025-08-26 23:00:00,2025-08-27 03:55:23.363009844,0.012066176470588235,0.00945948754015705,1.3813131313131313
H2624,Bracket,Aluminium,Assembly,M7,488,6.156,5.149,62.0,1.73,2025-08-27 00:00:00,2025-08-27 05:08:54.676314487,0.010551229508196721,0.0110437972999567,0.8364197530864198
H1066,Cover,Plastic,Cutting,M1,52,0.82,0.433,64.1,1.77,2025-08-27 00:00:00,2025-08-27 00:25:59.794036657,0.008326923076923077,0.00960712991079389,0.5280487804878049
H1380,Gear,Steel,Assembly,M8,390,4.98,4.523,65.8,2.04,2025-08-27 00:00:00,2025-08-27 04:31:24.074537913,0.011597435897435896,0.010903851158628268,0.9082329317269074
H1064,Bracket,Aluminium,Cutting,M2,353,3.83,3.338,61.8,2.33,2025-08-27 01:00:00,2025-08-27 04:20:17.761067947,0.009456090651558073,0.01106918415578757,0.8715404699738903
H2587,Bracket,Aluminium,Assembly,M8,464,5.868,3.914,70.6,2.47,2025-08-27 01:00:00,2025-08-27 04:54:50.928899019,0.008435344827586207,0.010911075999657516,0.6670074982958418
H2950,Shaft,Steel,Turning,M4,198,1.884,1.757,71.4,2.92,2025-08-27 01:00:00,2025-08-27 02:45:23.635653923,0.008873737373737374,0.009490519551233612,0.9325902335456475
H1210,Housing,Aluminium,Turning,M4,236,2.188,1.668,68.0,2.84,2025-08-27 03:00:00,2025-08-27 04:40:05.289529567,0.007067796610169492,0.00948326329032189,0.7623400365630713
H1448,Shaft,Steel,Cutting,M1,220,2.5,2.442,44.8,2.44,2025-08-27 03:00:00,2025-08-27 05:26:30.660444549,0.0111,0.009598239585558676,0.9768000000000001
H1846,Valve,Titanium,Drilling,M5,276,1.68,2.688,66.8,2.3,2025-08-27 03:00:00,2025-08-27 05:41:15.683899686,0.00973913043478261,0.006755224704683869,1.6
H151,Valve,Titanium,Turning,M3,270,2.46,2.777,65.5,2.17,2025-08-27 04:00:00,2025-08-27 06:46:35.976003477,0.010285185185185185,0.009163451262121952,1.1288617886178862
H2892,Valve,Titanium,Drilling,M5,457,2.585,5.093,71.3,2.48,2025-08-27 05:00:00,2025-08-27 10:05:36.071538136,0.011144420131291029,0.006792063047030767,1.9702127659574469
H2433,Shaft,Steel,Cutting,M1,483,5.13,4.848,53.2,2.15,2025-08-27 06:00:00,2025-08-27 10:50:54.390347846,0.010037267080745342,0.009608596553934135,0.9450292397660819
H2813,Gear,Steel,Turning,M3,31,0.548,0.48,77.9,2.8,2025-08-27 06:00:00,2025-08-27 06:28:47.222575594,0.015483870967741935,0.009176344755490494,0.875912408759124
H94,Gear,Steel,Assembly,M7,139,1.968,1.785,60.0,4.15,2025-08-27 07:00:00,2025-08-27 08:47:06.663952292,0.012841726618705035,0.011038771097999963,0.9070121951219512
H500,Shaft,Steel,Drilling,M6,36,0.48,0.434,59.6,3.41,2025-08-27 07:00:00,2025-08-27 07:26:03.762643971,0.012055555555555555,0.005494503005809843,0.9041666666666667
H2070,Housing,Aluminium,Turning,M4,342,3.036,2.6,69.7,1.87,2025-08-27 21:00:00,2025-08-27 23:35:59.063927659,0.00760233918128655,0.009455176468459654,0.8563899868247694
H661,Gear,Steel,Cutting,M2,362,3.92,4.164,68.2,3.98,2025-08-27 22:00:00,2025-08-28 02:09:49.686903177,0.011502762430939225,0.011054519669385482,1.0622448979591836
H281,Gear,Steel,Assembly,M8,311,4.032,3.548,58.7,2.6,2025-08-27 22:00:00,2025-08-28 01:32:53.782658709,0.011408360128617363,0.010885552997883585,0.8799603174603174
H1536,Cover,Plastic,Assembly,M8,188,2.556,1.56,67.1,2.6,2025-08-27 22:00:00,2025-08-27 23:33:35.639312484,0.008297872340425533,0.010890887764523724,0.6103286384976526
H2505,Housing,Aluminium,Cutting,M1,543,5.73,4.55,47.0,1.99,2025-08-27 23:00:00,2025-08-28 03:33:01.449944234,0.008379373848987109,0.00961153265343284,0.7940663176265269
H1681,Shaft,Steel,Drilling,M6,131,0.955,0.858,64.7,2.22,2025-08-27 23:00:00,2025-08-27 23:51:27.807344063,0.0065496183206106865,0.005551555636677196,0.8984293193717278
H2095,Valve,Titanium,Drilling,M6,161,1.105,1.529,67.2,0.97,2025-08-27 23:00:00,2025-08-28 00:31:43.215225470,0.009496894409937888,0.005560159625331795,1.383710407239819
H2996,Valve,Titanium,Assembly,M8,406,5.172,7.965,77.0,1.15,2025-08-28 00:00:00,2025-08-28 07:57:54.488923487,0.019618226600985222,0.010864695689532834,1.5400232018561486
H1877,Gear,Steel,Cutting,M2,199,2.29,2.59,66.0,4.71,2025-08-28 01:00:00,2025-08-28 03:35:23.086666989,0.013015075376884422,0.011058557892462543,1.131004366812227
H2337,Shaft,Steel,Drilling,M6,368,2.14,1.923,65.3,3.04,2025-08-28 02:00:00,2025-08-28 03:55:23.305392834,0.005225543478260869,0.005593806931183129,0.8985981308411215
H169,Shaft,Steel,Drilling,M6,505,2.825,2.54,67.8,4.03,2025-08-28 02:00:00,2025-08-28 04:32:25.170366937,0.00502970297029703,0.005590686054463449,0.8991150442477875
H700,Valve,Titanium,Cutting,M1,584,6.14,7.846,77.8,3.1,2025-08-28 03:00:00,2025-08-28 10:50:45.031101265,0.013434931506849315,0.009603150620749536,1.2778501628664496
H1415,Shaft,Steel,Cutting,M1,310,3.4,2.852,52.8,1.46,2025-08-28 04:00:00,2025-08-28 06:51:06.662912903,0.0092,0.009629041032142103,0.8388235294117646
H366,Cover,Plastic,Cutting,M1,557,5.87,3.659,63.3,1.06,2025-08-28 06:00:00,2025-08-28 09:39:31.798687918,0.006569120287253142,0.009626161562127726,0.6233390119250426
H502,Gear,Steel,Assembly,M8,491,6.192,5.464,62.9,2.52,2025-08-28 07:00:00,2025-08-28 12:27:52.072867384,0.011128309572301426,0.01095223099864736,0.8824289405684755
H1776,Gear,Steel,Cutting,M2,209,2.39,2.346,70.7,1.77,2025-08-28 07:00:00,2025-08-28 09:20:46.204571562,0.01122488038277512,0.011076026798573451,0.9815899581589957
H2453,Bracket,Aluminium,Assembly,M7,578,7.236,5.479,58.9,2.11,2025-08-28 07:00:00,2025-08-28 12:28:45.264099703,0.00947923875432526,0.011056982769926277,0.7571862907683804
H1796,Gear,Steel,Turning,M4,345,3.06,2.869,65.7,1.99,2025-08-28 08:00:00,2025-08-28 10:52:07.768079013,0.008315942028985508,0.009433879488147319,0.9375816993464052
H1244,Gear,Steel,Cutting,M2,258,2.88,3.278,48.5,2.24,2025-08-28 22:00:00,2025-08-29 01:16:41.041741755,0.012705426356589148,0.01107734408692922,1.1381944444444445
H551,Gear,Steel,Cutting,M2,212,2.42,2.255,67.6,2.0,2025-08-28 22:00:00,2025-08-29 00:15:17.541790205,0.010636792452830187,0.01109162551034729,0.9318181818181818
H1037,Bracket,Aluminium,Cutting,M2,532,5.62,4.481,65.9,0.92,2025-08-29 00:00:00,2025-08-29 04:28:52.925558380,0.008422932330827068,0.011087670440281923,0.7973309608540925
H1973,Bracket,Aluminium,Assembly,M7,194,2.628,1.893,66.2,1.48,2025-08-29 00:00:00,2025-08-29 01:53:36.124220697,0.009757731958762887,0.011041205329770267,0.7203196347031964
H1303,Housing,Aluminium,Assembly,M8,222,2.964,2.49,53.9,2.66,2025-08-29 00:00:00,2025-08-29 02:29:24.630661486,0.011216216216216218,0.010953974350861755,0.8400809716599191
H185,Gear,Steel,Turning,M3,540,4.62,4.185,60.3,2.24,2025-08-29 01:00:00,2025-08-29 05:11:04.763413209,0.007749999999999999,0.009248021189720625,0.9058441558441558
H2012,Cover,Plastic,Drilling,M5,413,2.365,1.852,67.7,2.55,2025-08-29 01:00:00,2025-08-29 02:51:06.934520395,0.004484261501210654,0.006845140572448575,0.7830866807610993
H1983,Shaft,Steel,Cutting,M1,61,0.91,0.977,65.1,3.61,2025-08-29 01:00:00,2025-08-29 01:58:36.594791519,0.01601639344262295,0.009605781286961894,1.0736263736263736
H2911,Cover,Plastic,Assembly,M7,511,6.432,3.68,67.4,3.51,2025-08-29 02:00:00,2025-08-29 05:40:47.772109569,0.007201565557729941,0.01102849767263158,0.572139303482587
H1017,Gear,Steel,Drilling,M6,450,2.55,2.264,66.1,1.08,2025-08-29 02:00:00,2025-08-29 04:15:48.796617378,0.00503111111111111,0.005585971910899025,0.8878431372549019
H2598,Shaft,Steel,Turning,M4,479,4.132,3.735,64.2,2.15,2025-08-29 03:00:00,2025-08-29 06:44:04.920246708,0.007797494780793319,0.009421175653384116,0.9039206195546952
H410,Valve,Titanium,Cutting,M1,360,3.9,5.337,73.5,2.81,2025-08-29 04:00:00,2025-08-29 09:20:13.575136817,0.014825,0.009648235672098724,1.3684615384615384
H2415,Cover,Plastic,Drilling,M6,538,2.99,1.52,64.0,3.98,2025-08-29 04:00:00,2025-08-29 05:31:11.323397651,0.002825278810408922,0.005581348070900793,0.5083612040133779
H194,Shaft,Steel,Cutting,M1,229,2.59,2.407,67.6,2.33,2025-08-29 06:00:00,2025-08-29 08:24:23.862082809,0.010510917030567685,0.009682293332150706,0.9293436293436294
H2418,Valve,Titanium,Cutting,M2,144,1.74,2.347,77.2,2.44,2025-08-29 08:00:00,2025-08-29 10:20:50.919334177,0.01629861111111111,0.011064698560028003,1.3488505747126436
H1575,Bracket,Aluminium,Cutting,M2,536,5.66,5.01,74.5,2.96,2025-08-29 08:00:00,2025-08-29 13:00:36.958824816,0.009347014925373135,0.011109432855336403,0.8851590106007067
H1937,Shaft,Steel,Cutting,M2,386,4.16,3.657,62.4,2.41,2025-08-29 08:00:00,2025-08-29 11:39:26.112532577,0.009474093264248704,0.011094497110167224,0.8790865384615384
H2755,Bracket,Aluminium,Cutting,M2,256,2.86,2.36,67.1,1.71,2025-08-29 23:00:00,2025-08-30 01:21:35.934775917,0.00921875,0.011080880271125892,0.8251748251748252
H1952,Shaft,Steel,Turning,M3,387,3.396,3.046,63.7,4.44,2025-08-29 23:00:00,2025-08-30 02:02:45.082943624,0.00787080103359173,0.00923118949095972,0.8969375736160188
H293,Gear,Steel,Assembly,M8,509,6.408,5.74,66.1,3.16,2025-08-29 23:00:00,2025-08-30 04:44:25.597900494,0.011277013752455796,0.0109565453495417,0.8957553058676654
H317,Cover,Plastic,Drilling,M6,428,2.44,1.226,57.6,1.66,2025-08-29 23:00:00,2025-08-30 00:13:35.075965693,0.002864485981308411,0.005558570638995901,0.5024590163934426
H124,Housing,Aluminium,Assembly,M7,176,2.412,1.541,65.9,2.17,2025-08-29 23:00:00,2025-08-30 00:32:25.956562391,0.008755681818181817,0.010990978730328624,0.6388888888888888
H747,Valve,Titanium,Drilling,M5,298,1.79,3.059,54.6,2.44,2025-08-29 23:00:00,2025-08-30 02:03:31.863573569,0.01026510067114094,0.0068166962462890834,1.7089385474860337
H283,Shaft,Steel,Cutting,M2,194,2.24,2.376,61.8,2.59,2025-08-30 00:00:00,2025-08-30 02:22:33.637523358,0.012247422680412371,0.01106536251886651,1.0607142857142855
H572,Bracket,Aluminium,Drilling,M6,259,1.595,1.018,51.7,3.22,2025-08-30 00:00:00,2025-08-30 01:01:06.124222639,0.00393050193050193,0.005536487977867315,0.6382445141065831
H523,Gear,Steel,Turning,M3,115,1.22,1.245,80.5,3.08,2025-08-30 01:00:00,2025-08-30 02:14:43.597218595,0.01082608695652174,0.00921607406365563,1.0204918032786887
H1997,Bracket,Aluminium,Drilling,M5,518,2.89,2.802,68.4,1.84,2025-08-30 01:00:00,2025-08-30 03:48:07.069559788,0.005409266409266409,0.006857748679918272,0.9695501730103806
H787,Cover,Plastic,Drilling,M6,52,0.56,0.271,61.6,1.75,2025-08-30 01:00:00,2025-08-30 01:16:15.798812459,0.005211538461538462,0.005523431180734263,0.48392857142857143
H373,Cover,Plastic,Assembly,M7,152,2.124,1.175,74.1,1.75,2025-08-30 02:00:00,2025-08-30 03:10:30.547516372,0.0077302631578947375,0.010969276818560207,0.553201506591337
H2260,Gear,Steel,Drilling,M6,287,1.735,1.691,66.5,2.4,2025-08-30 03:00:00,2025-08-30 04:41:26.935014560,0.00589198606271777,0.005520915916869782,0.9746397694524496
H133,Housing,Aluminium,Assembly,M8,169,2.328,1.649,65.3,2.43,2025-08-30 03:00:00,2025-08-30 04:38:55.111955102,0.009757396449704142,0.010959656693259313,0.7083333333333334
H1627,Bracket,Aluminium,Drilling,M6,179,1.195,0.719,66.4,3.22,2025-08-30 04:00:00,2025-08-30 04:43:07.672802221,0.004016759776536313,0.005523884478036565,0.6016736401673639
H2530,Housing,Aluminium,Assembly,M7,260,3.42,2.848,69.4,1.39,2025-08-30 05:00:00,2025-08-30 07:50:53.358950238,0.010953846153846153,0.010938132456438425,0.8327485380116959
H2736,Valve,Titanium,Turning,M3,465,4.02,5.608,69.3,2.16,2025-08-30 05:00:00,2025-08-30 10:36:27.126206871,0.01206021505376344,0.009233766513027786,1.3950248756218906
H1730,Housing,Aluminium,Turning,M3,462,3.996,3.094,63.0,1.11,2025-08-30 05:00:00,2025-08-30 08:05:39.540837063,0.006696969696969697,0.009264488779774913,0.7742742742742742
H1494,Housing,Aluminium,Cutting,M1,275,3.05,1.988,71.9,3.46,2025-08-30 06:00:00,2025-08-30 07:59:15.595665115,0.007229090909090909,0.00968770917331683,0.6518032786885246
H1490,Bracket,Aluminium,Drilling,M6,289,1.745,1.057,60.6,0.93,2025-08-30 07:00:00,2025-08-30 08:03:25.718438563,0.003657439446366782,0.005511923170881801,0.6057306590257879
H304,Shaft,Steel,Cutting,M1,360,3.9,3.345,70.4,1.9,2025-08-30 07:00:00,2025-08-30 10:20:43.640097261,0.009291666666666667,0.009671744119653025,0.8576923076923078
H540,Housing,Aluminium,Assembly,M7,145,2.04,1.447,72.4,2.3,2025-08-30 08:00:00,2025-08-30 09:26:47.504321660,0.009979310344827587,0.01093828211069945,0.7093137254901961
H327,Housing,Aluminium,Assembly,M8,187,2.544,2.267,74.3,3.24,2025-08-30 22:00:00,2025-08-31 00:16:00.940145869,0.012122994652406417,0.010948096498609745,0.8911163522012578
H1033,Bracket,Aluminium,Cutting,M2,427,4.57,3.714,70.7,2.7,2025-08-30 23:00:00,2025-08-31 02:42:51.883970391,0.008697892271662764,0.01107513161111069,0.8126914660831509
H1886,Cover,Plastic,Drilling,M6,427,2.435,1.169,75.7,2.96,2025-08-31 01:00:00,2025-08-31 02:10:08.602471257,0.002737704918032787,0.005497320936830502,0.48008213552361395
H1228,Housing,Aluminium,Cutting,M1,341,3.71,2.309,62.6,3.32,2025-08-31 01:00:00,2025-08-31 03:18:30.841509565,0.006771260997067449,0.009669292007053113,0.6223719676549866
H1898,Housing,Aluminium,Turning,M4,238,2.204,1.539,56.0,1.96,2025-08-31 01:00:00,2025-08-31 02:32:21.428905580,0.006466386554621849,0.009402932048074108,0.6982758620689654
H66,Gear,Steel,Assembly,M7,25,0.6,0.475,71.2,3.15,2025-08-31 01:00:00,2025-08-31 01:28:29.847099245,0.019,0.010929235207247829,0.7916666666666666
H1594,Cover,Plastic,Assembly,M8,84,1.308,0.618,50.0,2.78,2025-08-31 02:00:00,2025-08-31 02:37:03.027246484,0.007357142857142857,0.01095928600483638,0.4724770642201835
H162,Gear,Steel,Turning,M3,88,1.004,0.907,71.4,1.96,2025-08-31 05:00:00,2025-08-31 05:54:24.837688541,0.010306818181818183,0.009236881047701737,0.9033864541832669
H1847,Valve,Titanium,Drilling,M5,276,1.68,2.372,75.8,2.82,2025-08-31 05:00:00,2025-08-31 07:22:19.218766740,0.008594202898550724,0.0068407077120282486,1.411904761904762
H2374,Valve,Titanium,Cutting,M2,486,5.16,8.471,66.0,1.7,2025-08-31 05:00:00,2025-08-31 13:28:13.893301336,0.017430041152263376,0.01105564604275456,1.6416666666666666
H1995,Shaft,Steel,Cutting,M1,163,1.93,1.546,72.4,0.95,2025-08-31 06:00:00,2025-08-31 07:32:45.403407065,0.009484662576687116,0.00965071488519423,0.8010362694300519
H2848,Gear,Steel,Assembly,M8,454,5.748,5.045,67.8,2.47,2025-08-31 07:00:00,2025-08-31 12:02:41.761418908,0.011112334801762115,0.010925303522310968,0.8776965901183019
H1133,Cover,Plastic,Drilling,M5,188,1.24,0.939,77.6,2.85,2025-08-31 21:00:00,2025-08-31 21:56:20.419360672,0.004994680851063829,0.006861097190941301,0.757258064516129
H47,Bracket,Aluminium,Cutting,M2,318,3.48,2.668,60.0,2.88,2025-08-31 22:00:00,2025-09-01 00:40:03.680401504,0.00838993710691824,0.011107470393238372,0.7666666666666667
H2781,Bracket,Aluminium,Assembly,M7,509,6.408,5.093,74.9,2.33,2025-09-01 00:00:00,2025-09-01 05:05:33.336067560,0.01000589390962672,0.011004662915591306,0.7947877652933832
H1111,Cover,Plastic,Drilling,M5,215,1.375,1.052,65.9,2.65,2025-09-01 00:00:00,2025-09-01 01:03:07.406433802,0.004893023255813954,0.0068396441295634,0.7650909090909092
H821,Valve,Titanium,Cutting,M2,523,5.53,9.007,72.1,2.98,2025-09-01 00:00:00,2025-09-01 09:00:23.975709743,0.017221797323135755,0.011085554802219661,1.62875226039783
H1079,Gear,Steel,Drilling,M6,533,2.965,2.431,69.2,2.76,2025-09-01 01:00:00,2025-09-01 03:25:52.226330555,0.004560975609756097,0.005475761436683645,0.8198988195615515
H2685,Valve,Titanium,Assembly,M8,579,7.248,10.423,67.8,2.68,2025-09-01 03:00:00,2025-09-01 13:25:21.963489557,0.018001727115716754,0.01092705147819369,1.438051876379691
H195,Cover,Plastic,Assembly,M7,202,2.724,1.525,66.1,2.55,2025-09-01 05:00:00,2025-09-01 06:31:28.918244588,0.007549504950495049,0.01099541505442497,0.5598384728340675
H1446,Valve,Titanium,Drilling,M6,203,1.315,1.78,62.6,1.95,2025-09-01 06:00:00,2025-09-01 07:46:46.991489766,0.00876847290640394,0.0054686700736842064,1.3536121673003803
H1235,Shaft,Steel,Cutting,M2,508,5.38,5.276,74.9,3.33,2025-09-01 07:00:00,2025-09-01 12:16:33.511816582,0.010385826771653542,0.01113464474238699,0.9806691449814127
H2834,Valve,Titanium,Cutting,M2,531,5.61,8.552,67.2,2.52,2025-09-01 07:00:00,2025-09-01 15:33:08.903366721,0.016105461393596986,0.011128701742619264,1.5244206773618536
H2425,Gear,Steel,Drilling,M5,382,2.21,2.558,51.0,3.58,2025-09-01 07:00:00,2025-09-01 09:33:29.809690567,0.006696335078534031,0.006817523437816247,1.1574660633484162
H916,Housing,Aluminium,Assembly,M8,470,5.94,4.035,52.7,1.55,2025-09-01 08:00:00,2025-09-01 12:02:04.803795364,0.008585106382978724,0.01099255773409668,0.6792929292929293
H1661,Housing,Aluminium,Turning,M3,593,5.044,3.39,55.8,3.33,2025-09-01 22:00:00,2025-09-02 01:23:23.737609554,0.005716694772344014,0.009248263357639147,0.6720856463124505
H2828,Shaft,Steel,Turning,M4,499,4.292,4.278,61.9,3.4,2025-09-01 22:00:00,2025-09-02 02:16:39.439426074,0.00857314629258517,0.009370303764813527,0.9967381174277725
H805,Cover,Plastic,Drilling,M6,398,2.29,1.3,64.3,2.09,2025-09-01 23:00:00,2025-09-02 00:17:59.754164992,0.0032663316582914573,0.005494053172397435,0.5676855895196506
H997,Shaft,Steel,Cutting,M1,529,5.59,4.771,56.1,1.71,2025-09-02 00:00:00,2025-09-02 04:46:16.401588972,0.00901890359168242,0.009649657227178261,0.8534883720930233
H1936,Gear,Steel,Cutting,M1,196,2.26,2.107,67.7,3.17,2025-09-02 00:00:00,2025-09-02 02:06:24.246528351,0.010750000000000001,0.0096456651155612,0.9323008849557524
H2058,Bracket,Aluminium,Drilling,M6,267,1.635,1.293,59.5,2.92,2025-09-02 00:00:00,2025-09-02 01:17:34.846182371,0.004842696629213483,0.005477047664656168,0.7908256880733945
H2215,Shaft,Steel,Turning,M3,203,1.924,1.566,62.3,1.89,2025-09-02 01:00:00,2025-09-02 02:33:55.939211953,0.007714285714285714,0.009211088951478145,0.813929313929314
H2032,Valve,Titanium,Drilling,M5,194,1.27,2.276,70.4,1.2,2025-09-02 02:00:00,2025-09-02 04:16:35.212013497,0.011731958762886597,0.006816161770858019,1.7921259842519683
H1151,Housing,Aluminium,Cutting,M1,95,1.25,1.01,62.3,2.11,2025-09-02 02:00:00,2025-09-02 03:00:36.893211938,0.01063157894736842,0.009652610617979052,0.808
H1595,Shaft,Steel,Turning,M4,28,0.524,0.426,51.8,1.96,2025-09-02 03:00:00,2025-09-02 03:25:34.772670260,0.015214285714285713,0.009361543792591237,0.8129770992366412
H797,Valve,Titanium,Turning,M3,219,2.052,2.692,65.3,2.83,2025-09-02 06:00:00,2025-09-02 08:41:29.556205777,0.012292237442922375,0.009195497251090723,1.3118908382066277
H259,Housing,Aluminium,Assembly,M7,432,5.484,3.622,73.2,1.87,2025-09-02 06:00:00,2025-09-02 09:37:20.317951909,0.00838425925925926,0.010963801200260474,0.6604668125455871
H606,Valve,Titanium,Assembly,M8,239,3.168,4.278,75.5,0.92,2025-09-02 07:00:00,2025-09-02 11:16:41.477774198,0.017899581589958156,0.010970471024453397,1.3503787878787876
H1568,Gear,Steel,Assembly,M8,519,6.528,6.733,69.4,3.79,2025-09-02 07:00:00,2025-09-02 13:43:57.050994382,0.012973025048169556,0.011033462938685259,1.0314031862745099
H2513,Cover,Plastic,Cutting,M1,347,3.77,2.044,62.7,2.22,2025-09-02 08:00:00,2025-09-02 10:02:39.674052818,0.005890489913544668,0.009658729170037737,0.5421750663129974
H326,Shaft,Steel,Drilling,M6,234,1.47,1.294,72.8,1.24,2025-09-02 08:00:00,2025-09-02 09:17:39.868435444,0.00552991452991453,0.005472241974993724,0.8802721088435375
H2487,Housing,Aluminium,Turning,M3,534,4.572,2.873,57.7,3.72,2025-09-02 23:00:00,2025-09-03 01:52:22.877785396,0.005380149812734083,0.009227422407707546,0.6283902012248469
H1600,Housing,Aluminium,Turning,M4,546,4.668,3.358,69.5,2.31,2025-09-03 00:00:00,2025-09-03 03:21:27.467973403,0.006150183150183151,0.009425160552609656,0.7193658954584404
H1560,Bracket,Aluminium,Drilling,M6,283,1.715,1.232,65.9,3.26,2025-09-03 00:00:00,2025-09-03 01:13:55.574519646,0.004353356890459364,0.00547267560322621,0.7183673469387755
H740,Gear,Steel,Assembly,M7,92,1.404,1.347,58.8,3.22,2025-09-03 01:00:00,2025-09-03 02:20:47.995123007,0.014641304347826086,0.010940350818978645,0.9594017094017094
H343,Bracket,Aluminium,Drilling,M6,458,2.59,1.528,49.3,3.06,2025-09-03 02:00:00,2025-09-03 03:31:39.434234148,0.0033362445414847164,0.00546432247850407,0.58996138996139
H2376,Bracket,Aluminium,Cutting,M1,552,5.82,3.506,64.7,1.96,2025-09-03 02:00:00,2025-09-03 05:30:20.923842680,0.006351449275362318,0.009635323957264488,0.6024054982817869
H513,Valve,Titanium,Turning,M4,279,2.532,3.241,69.7,2.98,2025-09-03 03:00:00,2025-09-03 06:14:28.821064499,0.011616487455197133,0.009389945741830876,1.2800157977883098
H37,Bracket,Aluminium,Cutting,M1,216,2.46,1.674,70.9,2.37,2025-09-03 03:00:00,2025-09-03 04:40:25.763460752,0.00775,0.009615053125894722,0.6804878048780487
H2228,Gear,Steel,Assembly,M7,208,2.796,2.965,72.3,1.73,2025-09-03 04:00:00,2025-09-03 06:57:54.275086112,0.014254807692307692,0.010973692742661955,1.0604434907010014
H832,Gear,Steel,Cutting,M2,151,1.81,1.883,72.3,2.74,2025-09-03 05:00:00,2025-09-03 06:52:57.659046735,0.012470198675496688,0.01116788882648523,1.0403314917127071
H2948,Cover,Plastic,Assembly,M7,428,5.436,3.022,59.5,2.95,2025-09-03 05:00:00,2025-09-03 08:01:19.160911725,0.007060747663551401,0.01100298841185522,0.5559234731420162
H2790,Cover,Plastic,Drilling,M6,413,2.365,1.197,49.1,2.73,2025-09-03 06:00:00,2025-09-03 07:11:47.856518932,0.002898305084745763,0.005448558938229852,0.5061310782241014
H952,Cover,Plastic,Cutting,M1,574,6.04,2.995,66.9,2.25,2025-09-03 06:00:00,2025-09-03 08:59:42.114737700,0.005217770034843206,0.009603611082177577,0.4958609271523179
H2109,Bracket,Aluminium,Drilling,M5,276,1.68,1.577,66.0,2.91,2025-09-03 06:00:00,2025-09-03 07:34:38.617430022,0.005713768115942029,0.006870781737436114,0.9386904761904762
H2746,Housing,Aluminium,Turning,M3,380,3.34,2.241,63.7,2.71,2025-09-03 07:00:00,2025-09-03 09:14:28.054429840,0.005897368421052632,0.009188164524085368,0.6709580838323354
H2390,Shaft,Steel,Cutting,M2,108,1.38,1.332,61.9,2.51,2025-09-03 08:00:00,2025-09-03 09:19:55.220545725,0.012333333333333333,0.011178063122180632,0.9652173913043479
H637,Valve,Titanium,Drilling,M6,122,0.91,1.054,67.8,2.44,2025-09-03 08:00:00,2025-09-03 09:03:15.865021115,0.008639344262295082,0.005429807071660116,1.1582417582417583
H2106,Gear,Steel,Turning,M4,498,4.284,3.765,59.5,2.46,2025-09-03 23:00:00,2025-09-04 02:45:53.433096932,0.007560240963855422,0.009413632355802858,0.8788515406162466
H1481,Cover,Plastic,Assembly,M8,33,0.696,0.341,61.9,2.42,2025-09-04 00:00:00,2025-09-04 00:20:27.208855940,0.010333333333333333,0.011050936471203135,0.48994252873563227
H2556,Valve,Titanium,Turning,M3,550,4.7,7.063,75.8,0.89,2025-09-04 01:00:00,2025-09-04 08:03:45.601992160,0.012841818181818182,0.009154924159408268,1.5027659574468084
H306,Cover,Plastic,Cutting,M2,559,5.89,3.301,59.1,2.01,2025-09-04 03:00:00,2025-09-04 06:18:05.256109733,0.0059051878354203936,0.011187018705212824,0.5604414261460102
H1410,Cover,Plastic,Assembly,M7,257,3.384,1.739,74.4,2.57,2025-09-04 03:00:00,2025-09-04 04:44:19.960915329,0.006766536964980545,0.010968101325587046,0.513888888888889
H354,Housing,Aluminium,Assembly,M8,563,7.056,5.41,61.7,2.57,2025-09-04 03:00:00,2025-09-04 08:24:34.892559780,0.00960923623445826,0.011044529300329297,0.7667233560090703
H890,Bracket,Aluminium,Cutting,M1,50,0.8,0.41,74.8,2.82,2025-09-04 04:00:00,2025-09-04 04:24:35.986632706,0.008199999999999999,0.009576868148962123,0.5125
H875,Housing,Aluminium,Assembly,M7,401,5.112,3.06,55.8,1.78,2025-09-04 04:00:00,2025-09-04 07:03:34.986659658,0.007630922693266833,0.010931245497862428,0.5985915492957746
H255,Housing,Aluminium,Assembly,M7,26,0.612,0.425,63.3,3.04,2025-09-04 07:00:00,2025-09-04 07:25:29.682365016,0.016346153846153847,0.010902547038692029,0.6944444444444444
H944,Valve,Titanium,Assembly,M8,305,3.96,5.731,74.8,1.04,2025-09-04 08:00:00,2025-09-04 13:43:53.156198741,0.01879016393442623,0.011031827591781767,1.4472222222222222
H548,Valve,Titanium,Cutting,M2,221,2.51,3.862,53.9,3.67,2025-09-04 08:00:00,2025-09-04 11:51:42.815190692,0.017475113122171947,0.011146389236983651,1.5386454183266933
H442,Shaft,Steel,Drilling,M6,463,2.615,2.176,67.5,1.87,2025-09-04 21:00:00,2025-09-04 23:10:32.181527175,0.004699784017278618,0.005453234350423876,0.8321223709369024
H553,Bracket,Aluminium,Assembly,M8,562,7.044,4.919,59.8,2.4,2025-09-04 22:00:00,2025-09-05 02:55:08.289540007,0.008752669039145906,0.011099883173734787,0.6983248154457694
H2398,Bracket,Aluminium,Drilling,M5,375,2.175,2.297,65.5,2.05,2025-09-04 23:00:00,2025-09-05 01:17:47.437067701,0.006125333333333333,0.006858067302035081,1.0560919540229887
H1698,Housing,Aluminium,Cutting,M2,37,0.67,0.495,56.1,3.32,2025-09-04 23:00:00,2025-09-04 23:29:42.202772134,0.013378378378378379,0.011194700106336233,0.7388059701492536
H286,Bracket,Aluminium,Drilling,M6,42,0.51,0.436,55.2,3.43,2025-09-05 00:00:00,2025-09-05 00:26:11.170499980,0.010380952380952381,0.0054477745654010834,0.8549019607843137
H1324,Valve,Titanium,Assembly,M8,589,7.368,10.073,56.7,2.54,2025-09-05 01:00:00,2025-09-05 11:04:22.152136881,0.017101867572156197,0.01107947261604271,1.3671281216069489
H352,Cover,Plastic,Assembly,M8,322,4.164,2.367,57.2,3.09,2025-09-05 03:00:00,2025-09-05 05:22:02.102018259,0.007350931677018634,0.01113138981394024,0.5684438040345822
H2194,Shaft,Steel,Drilling,M6,140,1.0,0.775,72.6,1.91,2025-09-05 03:00:00,2025-09-05 03:46:28.814544219,0.005535714285714286,0.005483265053282747,0.775
H2762,Housing,Aluminium,Assembly,M8,263,3.456,2.588,70.8,2.71,2025-09-05 04:00:00,2025-09-05 06:35:15.652721334,0.009840304182509505,0.011099078205932363,0.7488425925925927
H1137,Valve,Titanium,Drilling,M5,51,0.555,0.876,71.7,2.47,2025-09-05 04:00:00,2025-09-05 04:52:33.581519516,0.017176470588235293,0.006850102802375279,1.5783783783783782
H1950,Housing,Aluminium,Cutting,M2,241,2.71,2.211,48.5,2.22,2025-09-05 05:00:00,2025-09-05 07:12:38.389127051,0.009174273858921162,0.011211243123548674,0.8158671586715867
H2213,Housing,Aluminium,Cutting,M1,106,1.36,0.929,64.7,3.06,2025-09-05 05:00:00,2025-09-05 05:55:45.552939692,0.008764150943396228,0.009568523493513868,0.6830882352941177
H2218,Bracket,Aluminium,Assembly,M8,172,2.364,1.746,62.3,0.88,2025-09-05 05:00:00,2025-09-05 06:44:44.601054537,0.010151162790697674,0.011088410629462678,0.7385786802030457
H925,Shaft,Steel,Turning,M3,47,0.676,0.633,63.6,0.92,2025-09-05 06:00:00,2025-09-05 06:37:58.961461776,0.013468085106382978,0.009191793099632367,0.9363905325443787
H674,Housing,Aluminium,Assembly,M8,398,5.076,3.278,69.2,2.34,2025-09-05 07:00:00,2025-09-05 10:16:41.940667076,0.008236180904522614,0.011080534597204149,0.6457840819542948
H49,Valve,Titanium,Drilling,M5,250,1.55,2.417,62.7,2.35,2025-09-05 07:00:00,2025-09-05 09:25:00.810764649,0.009668,0.0069611390151264625,1.5593548387096772
H652,Gear,Steel,Assembly,M8,250,3.3,3.915,78.0,2.93,2025-09-05 08:00:00,2025-09-05 11:54:54.104611205,0.01566,0.011056831649765137,1.1863636363636365
H633,Cover,Plastic,Cutting,M1,376,4.06,2.336,76.8,2.52,2025-09-05 08:00:00,2025-09-05 10:20:09.033561589,0.006212765957446808,0.009563677875742074,0.5753694581280788
H654,Cover,Plastic,Cutting,M2,565,5.95,4.013,57.3,3.63,2025-09-05 08:00:00,2025-09-05 12:00:46.575047930,0.007102654867256637,0.011195927565168014,0.674453781512605
H2504,Cover,Plastic,Assembly,M7,353,4.536,2.622,45.9,1.59,2025-09-05 21:00:00,2025-09-05 23:37:17.465441607,0.007427762039660057,0.010949474683583944,0.578042328042328
H171,Shaft,Steel,Cutting,M2,129,1.59,1.768,68.0,1.6,2025-09-05 22:00:00,2025-09-05 23:46:05.917358284,0.013705426356589147,0.011165380753989573,1.1119496855345912
H1176,Housing,Aluminium,Cutting,M1,277,3.07,2.004,62.8,0.45,2025-09-05 22:00:00,2025-09-06 00:00:13.100695935,0.007234657039711191,0.009543612534913959,0.6527687296416939
H2125,Cover,Plastic,Assembly,M7,29,0.648,0.335,53.1,2.88,2025-09-05 22:00:00,2025-09-05 22:20:05.784713116,0.011551724137931036,0.010919374575516217,0.5169753086419753
H2392,Shaft,Steel,Turning,M3,425,3.7,3.072,63.7,4.22,2025-09-05 23:00:00,2025-09-06 02:04:20.241678588,0.007228235294117647,0.00923413262445168,0.8302702702702702
H2312,Cover,Plastic,Cutting,M2,414,4.44,2.61,60.7,2.78,2025-09-06 00:00:00,2025-09-06 02:36:35.514507196,0.006304347826086956,0.011184195906601422,0.5878378378378377
H1177,Valve,Titanium,Drilling,M5,358,2.09,3.524,76.1,3.04,2025-09-06 00:00:00,2025-09-06 03:31:24.801066298,0.009843575418994414,0.006989935408582564,1.6861244019138757
H1174,Bracket,Aluminium,Cutting,M1,32,0.62,0.433,50.5,1.92,2025-09-06 00:00:00,2025-09-06 00:25:58.979720232,0.01353125,0.009529868752204419,0.6983870967741935
H1914,Cover,Plastic,Cutting,M1,62,0.92,0.502,70.4,2.5,2025-09-06 02:00:00,2025-09-06 02:30:08.372376247,0.008096774193548387,0.009553545564321551,0.5456521739130434
H2082,Shaft,Steel,Drilling,M5,240,1.5,1.539,64.2,1.7,2025-09-06 02:00:00,2025-09-06 03:32:18.918604956,0.0064125,0.007019973724481636,1.026
H1474,Housing,Aluminium,Assembly,M8,558,6.996,5.398,54.1,2.29,2025-09-06 02:00:00,2025-09-06 07:23:53.002452327,0.009673835125448027,0.01109487436340344,0.7715837621497998
H2646,Bracket,Aluminium,Assembly,M7,327,4.224,3.296,60.5,1.31,2025-09-06 03:00:00,2025-09-06 06:17:45.571519359,0.010079510703363914,0.010924733470112953,0.7803030303030303
H2397,Valve,Titanium,Drilling,M6,398,2.29,3.092,80.6,2.19,2025-09-06 05:00:00,2025-09-06 08:05:32.975312482,0.0077688442211055276,0.005483639690657259,1.3502183406113537
H1232,Shaft,Steel,Cutting,M2,528,5.58,5.341,64.5,3.01,2025-09-06 07:00:00,2025-09-06 12:20:27.863264161,0.010115530303030303,0.011148314670715287,0.957168458781362
H2298,Housing,Aluminium,Turning,M4,174,1.692,1.445,71.4,2.91,2025-09-06 08:00:00,2025-09-06 09:26:43.256475610,0.008304597701149425,0.009394122972729728,0.8540189125295509
H1537,Bracket,Aluminium,Cutting,M1,108,1.38,0.864,53.8,1.9,2025-09-06 08:00:00,2025-09-06 08:51:49.557791932,0.008,0.009544976320964063,0.6260869565217392
H641,Shaft,Steel,Turning,M3,106,1.148,1.111,60.5,2.79,2025-09-06 08:00:00,2025-09-06 09:06:39.818126132,0.010481132075471697,0.009214466964350366,0.9677700348432057
H1183,Bracket,Aluminium,Drilling,M6,197,1.285,0.954,61.7,2.13,2025-09-06 08:00:00,2025-09-06 08:57:12.998210354,0.004842639593908629,0.00549984681498668,0.7424124513618677
H1964,Valve,Titanium,Drilling,M5,328,1.94,3.085,64.0,3.17,2025-09-06 21:00:00,2025-09-07 00:05:04.306216439,0.009405487804878048,0.007013645873184953,1.5902061855670104
H299,Valve,Titanium,Turning,M4,348,3.084,4.323,68.4,3.35,2025-09-06 21:00:00,2025-09-07 01:19:22.679632044,0.01242241379310345,0.009382773751150765,1.401750972762646
H7,Bracket,Aluminium,Assembly,M7,529,6.648,5.023,61.2,2.87,2025-09-06 21:00:00,2025-09-07 02:01:22.307182817,0.009495274102079395,0.01091763075778733,0.7555655836341757
H1919,Bracket,Aluminium,Cutting,M2,156,1.86,1.335,62.5,2.43,2025-09-06 21:00:00,2025-09-06 22:20:04.844396141,0.008557692307692308,0.011140776098688389,0.7177419354838709
H2253,Bracket,Aluminium,Assembly,M7,158,2.196,1.745,53.6,1.4,2025-09-06 22:00:00,2025-09-06 23:44:41.280325290,0.011044303797468355,0.01090577778565643,0.7946265938069217
H1570,Valve,Titanium,Cutting,M1,550,5.8,8.005,74.9,2.47,2025-09-06 22:00:00,2025-09-07 06:00:16.541790901,0.014554545454545455,0.00953594137171866,1.3801724137931037
H2509,Gear,Steel,Assembly,M7,382,4.884,4.384,54.5,2.84,2025-09-06 23:00:00,2025-09-07 03:23:02.947163825,0.011476439790575917,0.010906922628729256,0.8976248976248976
H1097,Cover,Plastic,Drilling,M6,78,0.69,0.358,62.6,4.01,2025-09-07 01:00:00,2025-09-07 01:21:28.572852745,0.004589743589743589,0.005495218595119933,0.518840579710145
H419,Gear,Steel,Turning,M3,560,4.78,4.239,66.8,3.46,2025-09-07 01:00:00,2025-09-07 05:14:20.432993311,0.007569642857142857,0.009226764683875815,0.8868200836820083
H1323,Gear,Steel,Turning,M3,279,2.532,2.405,69.5,2.05,2025-09-07 02:00:00,2025-09-07 04:24:19.532951123,0.008620071684587814,0.00921083082015723,0.9498420221169035
H892,Cover,Plastic,Cutting,M2,325,3.55,2.27,74.2,2.79,2025-09-07 02:00:00,2025-09-07 04:16:10.490180413,0.006984615384615384,0.011122058100202909,0.6394366197183099
H1760,Gear,Steel,Drilling,M5,185,1.225,1.457,79.7,2.24,2025-09-07 03:00:00,2025-09-07 04:27:23.882890837,0.007875675675675676,0.007038304037429211,1.1893877551020409
H2293,Shaft,Steel,Turning,M4,435,3.78,3.476,72.9,3.03,2025-09-07 03:00:00,2025-09-07 06:28:33.722444728,0.00799080459770115,0.009414110246428627,0.9195767195767196
H1645,Cover,Plastic,Assembly,M7,247,3.264,1.835,54.2,2.19,2025-09-07 04:00:00,2025-09-07 05:50:06.778750958,0.00742914979757085,0.010911590802187017,0.5621936274509804
H1583,Gear,Steel,Turning,M4,379,3.332,3.303,61.0,2.1,2025-09-07 07:00:00,2025-09-07 10:18:11.831595465,0.008715039577836411,0.009399586719400797,0.9912965186074431
H1687,Gear,Steel,Cutting,M1,540,5.7,5.525,46.8,2.43,2025-09-07 07:00:00,2025-09-07 12:31:31.444546627,0.010231481481481482,0.009565119302432768,0.9692982456140351
H176,Shaft,Steel,Cutting,M2,139,1.69,1.731,79.9,2.98,2025-09-07 21:00:00,2025-09-07 22:43:53.218391144,0.012453237410071942,0.011092292325270625,1.024260355029586
H1707,Gear,Steel,Cutting,M1,182,2.12,1.703,61.3,2.24,2025-09-07 21:00:00,2025-09-07 22:42:09.948161620,0.009357142857142857,0.00956897110693594,0.8033018867924528
H1186,Gear,Steel,Cutting,M1,275,3.05,2.556,62.9,2.44,2025-09-08 01:00:00,2025-09-08 03:33:20.910519640,0.009294545454545455,0.009567753703201497,0.838032786885246
H2378,Bracket,Aluminium,Drilling,M5,463,2.615,2.424,64.6,3.37,2025-09-08 01:00:00,2025-09-08 03:25:27.760500846,0.0052354211663066955,0.007046848645982746,0.9269598470363287
H751,Gear,Steel,Turning,M4,246,2.268,2.078,68.3,2.93,2025-09-08 03:00:00,2025-09-08 05:04:42.057452999,0.008447154471544715,0.009392672101809238,0.9162257495590829
H1206,Housing,Aluminium,Assembly,M8,33,0.696,0.531,60.9,1.07,2025-09-08 04:00:00,2025-09-08 04:31:51.820812202,0.016090909090909093,0.011083226500797249,0.7629310344827587
H2039,Housing,Aluminium,Cutting,M1,161,1.91,1.567,53.7,2.89,2025-09-08 05:00:00,2025-09-08 06:34:01.053302146,0.009732919254658384,0.009566192513209178,0.8204188481675393
H2635,Bracket,Aluminium,Assembly,M8,599,7.488,5.566,70.0,2.73,2025-09-08 05:00:00,2025-09-08 10:33:58.847334196,0.009292153589315526,0.011123939367383524,0.7433226495726495
H1221,Valve,Titanium,Assembly,M7,416,5.292,8.302,57.2,1.55,2025-09-08 06:00:00,2025-09-08 14:18:05.625535046,0.01995673076923077,0.010883278273694202,1.5687830687830688
H561,Bracket,Aluminium,Assembly,M8,317,4.104,2.937,59.9,2.95,2025-09-08 21:00:00,2025-09-08 23:56:14.830523712,0.009264984227129337,0.011109166901431364,0.7156432748538011
H2903,Cover,Plastic,Assembly,M8,534,6.708,4.078,72.3,3.45,2025-09-08 21:00:00,2025-09-09 01:04:39.982643795,0.007636704119850188,0.011094413440036947,0.6079308288610614
H428,Valve,Titanium,Drilling,M5,215,1.375,2.223,68.4,2.42,2025-09-08 21:00:00,2025-09-08 23:13:21.525061087,0.010339534883720929,0.007028551398713291,1.6167272727272726
H382,Shaft,Steel,Turning,M3,293,2.644,2.231,58.8,3.83,2025-09-08 23:00:00,2025-09-09 01:13:49.926681325,0.007614334470989761,0.009205204542675616,0.8437972768532526
H2629,Bracket,Aluminium,Assembly,M8,541,6.792,3.944,54.0,1.56,2025-09-09 00:00:00,2025-09-09 03:56:39.704896504,0.007290203327171904,0.011066971302575147,0.5806831566548881
H398,Shaft,Steel,Drilling,M5,534,2.97,3.089,70.7,2.44,2025-09-09 01:00:00,2025-09-09 04:05:19.699488365,0.005784644194756554,0.007061661233563368,1.04006734006734
H364,Bracket,Aluminium,Cutting,M2,77,1.07,0.868,66.7,3.14,2025-09-09 02:00:00,2025-09-09 02:52:05.692895804,0.011272727272727273,0.011102013361590635,0.811214953271028
H1356,Bracket,Aluminium,Drilling,M5,64,0.62,0.554,62.1,1.91,2025-09-09 03:00:00,2025-09-09 03:33:12.778725593,0.00865625,0.007049017500505875,0.8935483870967743
H2476,Valve,Titanium,Drilling,M5,149,1.045,1.558,73.9,3.82,2025-09-09 03:00:00,2025-09-09 04:33:27.293937225,0.010456375838926175,0.007064774681873464,1.490909090909091
H2997,Cover,Plastic,Drilling,M5,494,2.77,1.997,63.1,2.51,2025-09-09 05:00:00,2025-09-09 06:59:49.524860265,0.00404251012145749,0.007097702848446791,0.7209386281588448
H605,Bracket,Aluminium,Drilling,M5,225,1.425,1.211,65.9,2.26,2025-09-09 05:00:00,2025-09-09 06:12:41.297560376,0.005382222222222222,0.0070683259953026635,0.8498245614035088
H1806,Valve,Titanium,Cutting,M2,223,2.53,4.836,56.4,2.45,2025-09-09 07:00:00,2025-09-09 11:50:09.313600591,0.02168609865470852,0.01110322409854905,1.9114624505928857
H2475,Housing,Aluminium,Assembly,M8,178,2.436,1.791,67.2,2.83,2025-09-09 07:00:00,2025-09-09 08:47:29.218869464,0.010061797752808988,0.011037232972060159,0.7352216748768473
H1424,Housing,Aluminium,Cutting,M2,429,4.59,3.929,74.7,3.43,2025-09-09 08:00:00,2025-09-09 11:55:43.745946670,0.009158508158508159,0.011177751384155808,0.8559912854030501
H3,Shaft,Steel,Turning,M4,562,4.796,4.427,66.6,3.18,2025-09-09 21:00:00,2025-09-10 01:25:37.963462040,0.007877224199288255,0.009383216925506593,0.9230608840700583
H2620,Valve,Titanium,Drilling,M5,70,0.65,1.233,74.9,2.12,2025-09-09 22:00:00,2025-09-09 23:13:59.718107128,0.017614285714285714,0.007052267864130468,1.896923076923077
H2144,Housing,Aluminium,Cutting,M2,316,3.46,2.923,68.0,1.81,2025-09-09 22:00:00,2025-09-10 00:55:23.235875498,0.00925,0.011163630802158271,0.8447976878612717
H235,Cover,Plastic,Cutting,M2,463,4.93,2.798,61.1,3.21,2025-09-09 22:00:00,2025-09-10 00:47:53.360544616,0.006043196544276458,0.011150341699365506,0.5675456389452334
H81,Cover,Plastic,Assembly,M8,529,6.648,3.89,65.2,2.41,2025-09-10 00:00:00,2025-09-10 03:53:23.983611784,0.007353497164461248,0.01102961238440976,0.585138387484958
H2690,Gear,Steel,Assembly,M8,239,3.168,2.496,62.2,1.68,2025-09-10 01:00:00,2025-09-10 03:29:43.885387943,0.010443514644351464,0.011001115367200857,0.7878787878787878
H2286,Bracket,Aluminium,Assembly,M8,136,1.932,1.514,70.0,1.95,2025-09-10 01:00:00,2025-09-10 02:30:51.699392834,0.01113235294117647,0.010996826130871246,0.7836438923395446
H2544,Bracket,Aluminium,Cutting,M1,435,4.65,3.734,65.2,2.93,2025-09-10 02:00:00,2025-09-10 05:44:01.531020043,0.008583908045977012,0.009567139824240138,0.803010752688172
H209,Valve,Titanium,Assembly,M8,392,5.004,6.887,59.2,2.8,2025-09-10 04:00:00,2025-09-10 10:53:14.503287432,0.017568877551020406,0.010997860686675104,1.376298960831335
H823,Housing,Aluminium,Turning,M4,544,4.652,3.295,71.9,1.23,2025-09-10 04:00:00,2025-09-10 07:17:41.830833924,0.006056985294117647,0.009368306106435124,0.7082975064488392
H1979,Housing,Aluminium,Cutting,M1,541,5.71,4.003,55.0,2.13,2025-09-10 06:00:00,2025-09-10 10:00:11.578789868,0.007399260628465804,0.009561584842442041,0.7010507880910684
H1579,Housing,Aluminium,Assembly,M7,352,4.524,3.458,63.3,3.02,2025-09-10 06:00:00,2025-09-10 09:27:28.035665180,0.009823863636363638,0.010956451277690465,0.764367816091954
H43,Cover,Plastic,Assembly,M8,289,3.768,1.91,50.8,2.91,2025-09-10 07:00:00,2025-09-10 08:54:37.339211987,0.006608996539792388,0.011047641117465598,0.5069002123142251
H454,Bracket,Aluminium,Drilling,M5,112,0.86,0.759,61.1,2.66,2025-09-10 07:00:00,2025-09-10 07:45:31.687789691,0.006776785714285714,0.0071519095419621224,0.8825581395348837
H1777,Bracket,Aluminium,Assembly,M8,91,1.392,0.973,59.6,3.61,2025-09-10 07:00:00,2025-09-10 07:58:24.322772189,0.010692307692307692,0.011014267849964296,0.6989942528735632
H2793,Gear,Steel,Assembly,M8,548,6.876,5.853,53.8,3.25,2025-09-10 21:00:00,2025-09-11 02:51:10.372799657,0.010680656934306568,0.011011865162220589,0.8512216404886561
H2627,Cover,Plastic,Drilling,M6,130,0.95,0.524,74.8,3.53,2025-09-10 22:00:00,2025-09-10 22:31:26.480881824,0.004030769230769231,0.005488886602075342,0.5515789473684211
H604,Valve,Titanium,Assembly,M7,569,7.128,10.508,68.2,2.67,2025-09-10 22:00:00,2025-09-11 08:30:29.126220859,0.018467486818980666,0.010947390576559851,1.4741863075196406
H933,Housing,Aluminium,Assembly,M8,570,7.14,5.116,74.1,2.21,2025-09-10 22:00:00,2025-09-11 03:06:57.527327530,0.008975438596491227,0.011009411767939745,0.7165266106442577
H234,Bracket,Aluminium,Cutting,M2,162,1.92,1.621,69.1,1.45,2025-09-10 22:00:00,2025-09-10 23:37:14.646732825,0.010006172839506174,0.011115120008640754,0.8442708333333334
H1360,Cover,Plastic,Cutting,M2,441,4.71,3.049,70.2,2.26,2025-09-11 00:00:00,2025-09-11 03:02:55.673939456,0.006913832199546485,0.011107524480085038,0.6473460721868365
H2905,Cover,Plastic,Cutting,M2,417,4.47,3.078,83.7,2.52,2025-09-11 00:00:00,2025-09-11 03:04:39.463655150,0.007381294964028777,0.011078995961169808,0.6885906040268457
H417,Bracket,Aluminium,Cutting,M2,93,1.23,1.181,64.1,3.97,2025-09-11 01:00:00,2025-09-11 02:10:52.713433288,0.012698924731182797,0.011054011494972909,0.9601626016260163
H2023,Housing,Aluminium,Turning,M4,25,0.5,0.328,68.8,2.15,2025-09-11 02:00:00,2025-09-11 02:19:42.597070009,0.01312,0.009335842176902599,0.656
H701,Valve,Titanium,Turning,M4,186,1.788,2.354,63.6,3.52,2025-09-11 02:00:00,2025-09-11 04:21:12.606067933,0.012655913978494623,0.00937258157324335,1.3165548098434006
H903,Cover,Plastic,Drilling,M5,135,0.975,0.677,65.2,1.7,2025-09-11 02:00:00,2025-09-11 02:40:37.014261413,0.005014814814814815,0.007148403711796921,0.6943589743589744
H684,Valve,Titanium,Drilling,M6,528,2.94,3.737,51.4,3.64,2025-09-11 03:00:00,2025-09-11 06:44:12.158171436,0.007077651515151515,0.005478760786996828,1.2710884353741496
H1131,Cover,Plastic,Cutting,M2,593,6.23,4.147,69.2,4.07,2025-09-11 04:00:00,2025-09-11 08:08:47.663174491,0.006993254637436763,0.01106505118112197,0.6656500802568218
H2316,Cover,Plastic,Assembly,M8,68,1.116,0.7,51.4,0.68,2025-09-11 04:00:00,2025-09-11 04:41:58.682501928,0.010294117647058823,0.010994456082855564,0.6272401433691756
H2625,Valve,Titanium,Turning,M3,317,2.836,3.745,58.9,2.51,2025-09-11 05:00:00,2025-09-11 08:44:43.457498694,0.011813880126182966,0.009190196334452165,1.320521861777151
H813,Housing,Aluminium,Assembly,M7,407,5.184,3.43,64.3,2.15,2025-09-11 06:00:00,2025-09-11 09:25:48.306186839,0.008427518427518427,0.011007073880071126,0.6616512345679012
H556,Valve,Titanium,Assembly,M7,167,2.304,3.389,76.4,2.71,2025-09-11 06:00:00,2025-09-11 09:23:19.498258936,0.020293413173652693,0.010986762419814805,1.4709201388888888
H977,Bracket,Aluminium,Assembly,M8,437,5.544,4.746,78.4,2.78,2025-09-11 07:00:00,2025-09-11 11:44:46.479321103,0.010860411899313503,0.010989344123470187,0.8560606060606062
H2539,Cover,Plastic,Cutting,M1,23,0.53,0.306,74.6,3.51,2025-09-11 21:00:00,2025-09-11 21:18:22.563189902,0.013304347826086957,0.009549436953599479,0.5773584905660377
H140,Gear,Steel,Turning,M4,177,1.716,1.686,68.3,1.44,2025-09-12 00:00:00,2025-09-12 01:41:08.594372786,0.00952542372881356,0.009404152077139998,0.9825174825174825
H1766,Gear,Steel,Cutting,M2,456,4.86,4.649,70.6,2.92,2025-09-12 00:00:00,2025-09-12 04:38:55.153052735,0.010195175438596491,0.011037905870830735,0.9565843621399176
H840,Housing,Aluminium,Turning,M3,123,1.284,1.022,68.2,2.74,2025-09-12 00:00:00,2025-09-12 01:01:20.373224373,0.008308943089430894,0.009214716743720677,0.7959501557632399
H2515,Shaft,Steel,Drilling,M5,255,1.575,1.872,63.3,0.86,2025-09-12 02:00:00,2025-09-12 03:52:20.273022461,0.0073411764705882355,0.007128648259047087,1.1885714285714286
H263,Valve,Titanium,Cutting,M1,512,5.42,7.035,74.5,0.2,2025-09-12 02:00:00,2025-09-12 09:02:05.461445386,0.013740234375,0.0095704141093117,1.297970479704797
H249,Bracket,Aluminium,Assembly,M8,545,6.84,4.446,71.0,2.55,2025-09-12 02:00:00,2025-09-12 06:26:44.649212408,0.008157798165137614,0.010988409831990792,0.65
H246,Bracket,Aluminium,Assembly,M8,149,2.088,1.498,67.2,2.49,2025-09-12 02:00:00,2025-09-12 03:29:54.573208663,0.010053691275167784,0.010968045719279616,0.7174329501915708
H2800,Gear,Steel,Drilling,M5,283,1.715,2.0,66.2,2.51,2025-09-12 02:00:00,2025-09-12 04:00:00.857481121,0.007067137809187279,0.00713059805915297,1.1661807580174925
H2845,Valve,Titanium,Cutting,M1,492,5.22,8.248,69.1,3.98,2025-09-12 04:00:00,2025-09-12 12:14:51.428096584,0.016764227642276423,0.009593579777454413,1.5800766283524903
H403,Gear,Steel,Turning,M4,55,0.74,0.589,70.2,1.83,2025-09-12 05:00:00,2025-09-12 05:35:21.797816244,0.010709090909090908,0.009405307045251174,0.7959459459459459
H1167,Valve,Titanium,Drilling,M5,234,1.47,2.908,60.2,2.99,2025-09-12 05:00:00,2025-09-12 07:54:29.791384737,0.012427350427350428,0.0071300211477896445,1.9782312925170067
H2535,Housing,Aluminium,Turning,M4,331,2.948,2.06,63.9,3.44,2025-09-12 06:00:00,2025-09-12 08:03:35.386104095,0.00622356495468278,0.009417606893023248,0.6987788331071914
H2351,Gear,Steel,Cutting,M2,461,4.91,4.607,67.2,1.35,2025-09-12 06:00:00,2025-09-12 10:36:26.979630638,0.00999349240780911,0.011032324874590773,0.9382892057026476
H2947,Cover,Plastic,Cutting,M1,276,3.06,1.396,59.7,1.19,2025-09-12 06:00:00,2025-09-12 07:23:44.172044922,0.005057971014492753,0.009633196616486577,0.4562091503267974
H1943,Housing,Aluminium,Cutting,M1,540,5.7,4.645,68.7,2.2,2025-09-12 07:00:00,2025-09-12 11:38:42.111948626,0.008601851851851852,0.00960805801427782,0.8149122807017543
H1541,Gear,Steel,Assembly,M7,483,6.096,5.491,64.9,1.04,2025-09-12 07:00:00,2025-09-12 12:29:26.684283690,0.011368530020703933,0.011059470628829164,0.9007545931758529
H1164,Shaft,Steel,Turning,M4,558,4.764,4.046,57.2,2.12,2025-09-12 07:00:00,2025-09-12 11:02:44.379904945,0.007250896057347671,0.00938775603378642,0.8492863140218304
H2175,Bracket,Aluminium,Drilling,M5,595,3.275,2.983,77.5,1.38,2025-09-12 08:00:00,2025-09-12 10:58:57.839380606,0.00501344537815126,0.007177744834992895,0.9108396946564886
H1772,Gear,Steel,Turning,M3,116,1.228,1.086,55.9,2.78,2025-09-12 22:00:00,2025-09-12 23:05:07.800572296,0.009362068965517242,0.0092063299506254,0.8843648208469056
H258,Bracket,Aluminium,Assembly,M7,30,0.66,0.433,48.9,2.71,2025-09-12 23:00:00,2025-09-12 23:25:58.714411824,0.014433333333333333,0.011061866438068503,0.656060606060606
H2462,Bracket,Aluminium,Cutting,M2,136,1.66,1.555,61.0,3.93,2025-09-13 00:00:00,2025-09-13 01:33:17.753046427,0.011433823529411764,0.01102549045046721,0.9367469879518072
H702,Shaft,Steel,Cutting,M2,564,5.94,5.169,63.7,2.27,2025-09-13 01:00:00,2025-09-13 06:10:06.997912842,0.009164893617021276,0.011028159294120442,0.8702020202020201
H1489,Bracket,Aluminium,Drilling,M6,520,2.9,2.04,58.8,1.79,2025-09-13 01:00:00,2025-09-13 03:02:24.439075107,0.003923076923076923,0.005489787619604791,0.703448275862069
H1544,Valve,Titanium,Turning,M3,238,2.204,2.682,73.9,2.75,2025-09-13 01:00:00,2025-09-13 03:40:56.351991592,0.01126890756302521,0.009207758748927162,1.216878402903811
H2700,Cover,Plastic,Assembly,M8,493,6.216,3.322,73.9,2.28,2025-09-13 01:00:00,2025-09-13 04:19:19.019153435,0.006738336713995943,0.01096151461610739,0.5344272844272844
H2448,Shaft,Steel,Cutting,M1,282,3.12,2.785,62.9,2.21,2025-09-13 02:00:00,2025-09-13 04:47:06.220665355,0.009875886524822696,0.009602559619947625,0.8926282051282052
H1147,Valve,Titanium,Drilling,M6,222,1.41,1.734,72.8,2.85,2025-09-13 03:00:00,2025-09-13 04:44:03.581062068,0.0078108108108108105,0.005479056724423093,1.2297872340425533
H2164,Cover,Plastic,Cutting,M1,471,5.01,3.143,58.9,1.84,2025-09-13 03:00:00,2025-09-13 06:08:34.898790298,0.006673036093418259,0.009604045092256727,0.6273453093812376
H850,Shaft,Steel,Drilling,M6,122,0.91,0.869,57.6,2.29,2025-09-13 03:00:00,2025-09-13 03:52:09.967617181,0.007122950819672131,0.005494918997119609,0.9549450549450549
H812,Shaft,Steel,Drilling,M6,341,2.005,1.543,59.4,0.99,2025-09-13 03:00:00,2025-09-13 04:32:34.829047856,0.004524926686217009,0.005505919212136856,0.769576059850374
H60,Cover,Plastic,Drilling,M5,319,1.895,1.208,73.9,2.3,2025-09-13 04:00:00,2025-09-13 05:12:30.059766326,0.003786833855799373,0.007158420732699666,0.6374670184696569
H2348,Shaft,Steel,Turning,M3,447,3.876,3.73,58.4,2.41,2025-09-13 04:00:00,2025-09-13 07:43:48.141350905,0.008344519015659956,0.009226496465418963,0.9623323013415893
H119,Shaft,Steel,Drilling,M5,298,1.79,2.1,54.0,3.68,2025-09-13 05:00:00,2025-09-13 07:06:01.690050083,0.007046979865771812,0.007128583680691699,1.1731843575418994
H31,Bracket,Aluminium,Drilling,M6,107,0.835,0.582,57.5,2.14,2025-09-13 06:00:00,2025-09-13 06:34:55.307140232,0.005439252336448598,0.005499335369681018,0.6970059880239521
H1305,Housing,Aluminium,Turning,M3,364,3.212,2.428,63.4,2.45,2025-09-13 06:00:00,2025-09-13 08:25:39.048406177,0.00667032967032967,0.00921855072262834,0.7559153175591531
H2214,Shaft,Steel,Turning,M3,164,1.612,1.375,66.0,2.15,2025-09-13 06:00:00,2025-09-13 07:22:29.286248936,0.008384146341463415,0.009195798748947102,0.8529776674937964
H2749,Gear,Steel,Cutting,M2,104,1.34,1.287,49.1,1.49,2025-09-13 07:00:00,2025-09-13 08:17:12.309774280,0.012374999999999999,0.011016060166347071,0.9604477611940297
H2024,Housing,Aluminium,Turning,M4,207,1.956,1.457,67.5,2.13,2025-09-13 07:00:00,2025-09-13 08:27:25.219305694,0.007038647342995169,0.00936797029326384,0.7448875255623723
H1596,Valve,Titanium,Drilling,M5,268,1.64,2.793,68.5,2.98,2025-09-13 08:00:00,2025-09-13 10:47:34.051613095,0.010421641791044777,0.007127867857753806,1.7030487804878052
H2571,Shaft,Steel,Cutting,M1,92,1.22,0.985,64.8,4.0,2025-09-13 21:00:00,2025-09-13 21:59:07.106840322,0.010706521739130434,0.009588201800371114,0.8073770491803278
H1089,Valve,Titanium,Cutting,M2,496,5.26,8.623,70.4,2.14,2025-09-13 21:00:00,2025-09-14 05:37:22.393730159,0.01738508064516129,0.011024827520112574,1.6393536121673002
H2862,Housing,Aluminium,Cutting,M1,177,2.07,1.382,54.6,0.51,2025-09-13 21:00:00,2025-09-13 22:22:55.033585948,0.007807909604519774,0.009594214273160144,0.667632850241546
H187,Bracket,Aluminium,Drilling,M6,409,2.345,1.636,59.2,1.82,2025-09-13 23:00:00,2025-09-14 00:38:07.896866090,0.004,0.005498934816126135,0.6976545842217483
H658,Bracket,Aluminium,Assembly,M7,421,5.352,3.355,58.7,3.28,2025-09-14 00:00:00,2025-09-14 03:21:18.748864462,0.007969121140142518,0.01108780079880131,0.6268684603886397
H36,Housing,Aluminium,Turning,M4,328,2.924,2.204,57.9,2.44,2025-09-14 01:00:00,2025-09-14 03:12:15.201520578,0.006719512195121952,0.009346600357940273,0.7537619699042408
H196,Cover,Plastic,Drilling,M6,156,1.08,0.605,66.7,1.93,2025-09-14 01:00:00,2025-09-14 01:36:17.283451734,0.003878205128205128,0.005489008095489537,0.5601851851851851
H1892,Gear,Steel,Drilling,M6,29,0.445,0.374,66.7,3.11,2025-09-14 02:00:00,2025-09-14 02:22:26.026299655,0.012896551724137931,0.005478410707546877,0.8404494382022472
H2792,Shaft,Steel,Cutting,M2,34,0.64,0.631,62.6,2.7,2025-09-14 03:00:00,2025-09-14 03:37:52.266937069,0.018558823529411766,0.01106559837347827,0.9859375
H469,Cover,Plastic,Drilling,M5,22,0.41,0.255,60.0,2.08,2025-09-14 04:00:00,2025-09-14 04:15:19.752309045,0.011590909090909091,0.007156509370217205,0.6219512195121951
H667,Valve,Titanium,Cutting,M1,235,2.65,3.643,67.7,0.6,2025-09-14 05:00:00,2025-09-14 08:38:34.701118025,0.015502127659574467,0.009584661841777038,1.3747169811320754
H595,Housing,Aluminium,Assembly,M8,104,1.548,1.146,61.1,3.63,2025-09-14 06:00:00,2025-09-14 07:08:44.805821563,0.011019230769230769,0.010931562999780358,0.7403100775193797
H756,Housing,Aluminium,Assembly,M8,152,2.124,1.378,54.5,0.94,2025-09-14 06:00:00,2025-09-14 07:22:42.321101174,0.00906578947368421,0.010932180378438459,0.6487758945386063
H172,Gear,Steel,Drilling,M6,501,2.805,2.087,71.6,2.82,2025-09-14 07:00:00,2025-09-14 09:05:11.784180803,0.004165668662674651,0.005526895289354662,0.7440285204991087
H857,Housing,Aluminium,Cutting,M1,408,4.38,3.791,65.8,3.31,2025-09-14 07:00:00,2025-09-14 10:47:28.342238594,0.009291666666666667,0.0096161377237866,0.8655251141552511
H2304,Valve,Titanium,Turning,M4,270,2.46,3.355,66.9,2.72,2025-09-14 08:00:00,2025-09-14 11:21:17.899459284,0.012425925925925925,0.00932271773827829,1.363821138211382
H1740,Gear,Steel,Drilling,M5,233,1.465,1.503,59.5,2.12,2025-09-14 21:00:00,2025-09-14 22:30:11.152727068,0.006450643776824034,0.007194736954016273,1.0259385665529008
H464,Bracket,Aluminium,Cutting,M1,522,5.52,4.011,73.4,2.44,2025-09-14 21:00:00,2025-09-15 01:00:40.026434422,0.007683908045977012,0.0096144209457066,0.7266304347826088
H2435,Housing,Aluminium,Turning,M3,347,3.076,2.337,56.4,2.18,2025-09-14 21:00:00,2025-09-14 23:20:11.999162287,0.006734870317002883,0.009188615984279105,0.7597529258777633
H2643,Shaft,Steel,Cutting,M1,261,2.91,2.341,50.1,2.73,2025-09-14 22:00:00,2025-09-15 00:20:27.760920832,0.008969348659003833,0.009604260351497498,0.8044673539518901
H1190,Gear,Steel,Cutting,M2,598,6.28,7.86,53.1,1.77,2025-09-14 22:00:00,2025-09-15 05:51:34.312857663,0.013143812709030102,0.011113325922242177,1.2515923566878981
H1168,Shaft,Steel,Turning,M3,369,3.252,2.607,53.3,2.87,2025-09-14 23:00:00,2025-09-15 01:36:24.893562943,0.0070650406504065046,0.009167091899478435,0.8016605166051661
H905,Valve,Titanium,Assembly,M8,520,6.54,8.366,63.1,2.49,2025-09-14 23:00:00,2025-09-15 07:21:57.664533306,0.016088461538461538,0.01091912869378983,1.2792048929663609
H881,Housing,Aluminium,Turning,M3,260,2.38,1.74,62.3,1.25,2025-09-15 01:00:00,2025-09-15 02:44:24.035614222,0.006692307692307692,0.009148813192964766,0.73109243697479
H1639,Bracket,Aluminium,Cutting,M1,427,4.57,2.838,66.1,2.79,2025-09-15 02:00:00,2025-09-15 04:50:15.289257740,0.006646370023419204,0.00960093620651062,0.6210065645514223
H1197,Cover,Plastic,Cutting,M1,506,5.36,2.953,64.1,3.37,2025-09-15 02:00:00,2025-09-15 04:57:10.317693181,0.00583596837944664,0.009585547840973685,0.5509328358208955
H2751,Cover,Plastic,Cutting,M1,315,3.45,1.759,68.4,3.05,2025-09-15 03:00:00,2025-09-15 04:45:33.355586386,0.005584126984126984,0.009566119968116031,0.509855072463768
H988,Gear,Steel,Drilling,M6,321,1.905,1.792,64.5,1.2,2025-09-15 03:00:00,2025-09-15 04:47:31.570407877,0.005582554517133956,0.005518056155415181,0.9406824146981627
H2324,Bracket,Aluminium,Cutting,M1,465,4.95,3.374,60.6,2.42,2025-09-15 05:00:00,2025-09-15 08:22:27.949112709,0.007255913978494624,0.00954559423108516,0.6816161616161616
H2322,Gear,Steel,Assembly,M7,66,1.092,1.093,57.2,1.1,2025-09-15 05:00:00,2025-09-15 06:05:33.644896084,0.01656060606060606,0.011063994083849716,1.000915750915751
H2511,Valve,Titanium,Cutting,M2,222,2.52,3.708,51.9,2.79,2025-09-15 06:00:00,2025-09-15 09:42:29.976937857,0.016702702702702705,0.011126177104437036,1.4714285714285715
H2810,Housing,Aluminium,Assembly,M8,443,5.616,4.136,75.6,3.26,2025-09-15 06:00:00,2025-09-15 10:08:10.732996468,0.009336343115124154,0.010955026838544494,0.7364672364672366
H1702,Valve,Titanium,Assembly,M8,316,4.092,5.362,58.7,3.11,2025-09-15 07:00:00,2025-09-15 12:21:41.667412062,0.016968354430379747,0.010943863502520905,1.3103616813294234
H1178,Bracket,Aluminium,Assembly,M8,317,4.104,3.606,85.0,2.21,2025-09-15 08:00:00,2025-09-15 11:36:20.586384247,0.011375394321766562,0.010985127139013088,0.8786549707602339
H2370,Housing,Aluminium,Assembly,M7,377,4.824,3.285,63.9,2.23,2025-09-15 21:00:00,2025-09-16 00:17:07.730947389,0.008713527851458886,0.011105635083673628,0.6809701492537314
H1970,Housing,Aluminium,Assembly,M8,232,3.084,2.314,71.0,2.89,2025-09-15 22:00:00,2025-09-16 00:18:50.340753199,0.009974137931034483,0.01098778201780733,0.7503242542153048
H2785,Valve,Titanium,Turning,M3,306,2.748,4.024,75.7,3.77,2025-09-16 01:00:00,2025-09-16 05:01:25.379585071,0.013150326797385621,0.00912763642140738,1.4643377001455602
H1691,Cover,Plastic,Drilling,M5,416,2.38,1.897,52.5,2.05,2025-09-16 01:00:00,2025-09-16 02:53:50.523746280,0.004560096153846154,0.007188377183271041,0.7970588235294118
H959,Cover,Plastic,Drilling,M6,269,1.645,0.81,62.6,1.99,2025-09-16 01:00:00,2025-09-16 01:48:34.392039517,0.0030111524163568774,0.005518472273877883,0.49240121580547114
H515,Gear,Steel,Assembly,M8,346,4.452,4.212,70.7,3.84,2025-09-16 03:00:00,2025-09-16 07:12:44.853105292,0.012173410404624276,0.010980933071275081,0.9460916442048517
H201,Valve,Titanium,Turning,M4,371,3.268,4.217,63.1,1.08,2025-09-16 05:00:00,2025-09-16 09:13:02.451084814,0.011366576819407007,0.009350674568797637,1.290391676866585
H2165,Shaft,Steel,Cutting,M2,267,2.97,2.789,62.5,1.7,2025-09-16 05:00:00,2025-09-16 07:47:21.274687952,0.010445692883895132,0.011161249592476444,0.939057239057239
H1553,Gear,Steel,Drilling,M5,144,1.02,1.135,65.0,1.5,2025-09-16 06:00:00,2025-09-16 07:08:07.452577943,0.007881944444444445,0.007166103615225066,1.1127450980392157
H503,Valve,Titanium,Drilling,M6,97,0.785,1.029,62.7,2.3,2025-09-16 06:00:00,2025-09-16 07:01:44.000289384,0.010608247422680411,0.005502399710688646,1.310828025477707
H1125,Bracket,Aluminium,Cutting,M2,341,3.71,2.858,76.8,2.89,2025-09-16 07:00:00,2025-09-16 09:51:30.057084713,0.008381231671554253,0.01115677736304781,0.7703504043126685
H1491,Bracket,Aluminium,Assembly,M8,394,5.028,4.336,53.9,3.81,2025-09-16 21:00:00,2025-09-17 01:20:09.394710789,0.01100507614213198,0.010988936274854606,0.8623707239459031
H2284,Bracket,Aluminium,Drilling,M6,204,1.32,0.888,76.2,2.96,2025-09-16 21:00:00,2025-09-16 21:53:15.549670940,0.004352941176470588,0.0055349210336949626,0.6727272727272727
H431,Cover,Plastic,Drilling,M5,495,2.775,2.201,69.4,2.11,2025-09-16 22:00:00,2025-09-17 00:12:01.861833024,0.004446464646464646,0.0071721190843781705,0.7931531531531532
H2401,Housing,Aluminium,Turning,M3,193,1.844,1.494,54.9,3.34,2025-09-16 22:00:00,2025-09-16 23:29:39.985240499,0.007740932642487047,0.009162018390432833,0.8101952277657266
H791,Gear,Steel,Turning,M4,594,5.052,4.339,56.0,2.5,2025-09-17 01:00:00,2025-09-17 05:20:20.691553949,0.007304713804713805,0.009368673696035222,0.8588677751385592
H2820,Shaft,Steel,Drilling,M5,143,1.015,1.151,61.3,1.87,2025-09-17 01:00:00,2025-09-17 02:09:04.653591137,0.008048951048951048,0.007149405297395559,1.1339901477832515
H2118,Valve,Titanium,Turning,M4,246,2.268,2.956,69.9,3.08,2025-09-17 02:00:00,2025-09-17 04:57:22.696660275,0.012016260162601626,0.009350408564253615,1.303350970017637
H1745,Valve,Titanium,Turning,M4,458,3.964,5.356,71.0,3.97,2025-09-17 02:00:00,2025-09-17 07:21:21.069587154,0.011694323144104804,0.009373793227397018,1.3511604439959637
H2698,Housing,Aluminium,Assembly,M8,132,1.884,1.533,65.2,3.26,2025-09-17 02:00:00,2025-09-17 03:32:00.133148109,0.011613636363636362,0.010989043873969788,0.8136942675159236
H571,Bracket,Aluminium,Drilling,M5,177,1.185,0.94,52.3,1.89,2025-09-17 03:00:00,2025-09-17 03:56:22.768472053,0.005310734463276836,0.0071568395598051076,0.7932489451476793
H1454,Gear,Steel,Assembly,M7,452,5.724,5.366,78.2,2.55,2025-09-17 03:00:00,2025-09-17 08:21:57.406160127,0.011871681415929203,0.01108764931501036,0.937456324248777
H1829,Gear,Steel,Assembly,M8,23,0.576,0.514,60.2,2.18,2025-09-17 05:00:00,2025-09-17 05:30:49.355920305,0.022347826086956523,0.01099318024807354,0.8923611111111112
H664,Gear,Steel,Assembly,M7,320,4.14,3.449,61.5,1.24,2025-09-17 06:00:00,2025-09-17 09:26:56.734180790,0.010778125,0.011093500300838112,0.8330917874396135
H1505,Gear,Steel,Assembly,M7,362,4.644,3.746,51.5,2.36,2025-09-17 07:00:00,2025-09-17 10:44:45.902199468,0.010348066298342541,0.01109116418749857,0.8066322136089578
H2774,Shaft,Steel,Cutting,M1,393,4.23,4.326,62.7,2.71,2025-09-17 07:00:00,2025-09-17 11:19:34.628679650,0.011007633587786258,0.009533852281071875,1.0226950354609927
H847,Shaft,Steel,Cutting,M1,33,0.63,0.566,64.5,2.0,2025-09-17 07:00:00,2025-09-17 07:33:57.315529887,0.01715151515151515,0.009541371573453071,0.8984126984126983
H2135,Bracket,Aluminium,Cutting,M1,191,2.21,1.618,73.1,3.04,2025-09-17 08:00:00,2025-09-17 09:37:03.256453319,0.008471204188481676,0.009580001743900089,0.7321266968325792
H307,Valve,Titanium,Turning,M3,130,1.34,1.816,67.7,2.54,2025-09-17 08:00:00,2025-09-17 09:48:59.030535630,0.01396923076923077,0.009149975290873972,1.355223880597015
H33,Cover,Plastic,Assembly,M8,389,4.968,2.604,63.6,2.3,2025-09-17 08:00:00,2025-09-17 10:36:16.186687937,0.0066940874035989716,0.011067881865434613,0.5241545893719807
H470,Shaft,Steel,Drilling,M6,478,2.69,3.005,80.8,2.35,2025-09-17 08:00:00,2025-09-17 11:00:18.629695797,0.006286610878661087,0.005527440148522657,1.1171003717472119
H237,Gear,Steel,Drilling,M6,98,0.79,0.631,55.6,1.88,2025-09-17 08:00:00,2025-09-17 08:37:52.434227819,0.006438775510204082,0.005532214807202772,0.7987341772151898
H842,Bracket,Aluminium,Cutting,M2,320,3.5,2.654,48.9,2.44,2025-09-17 21:00:00,2025-09-17 23:39:15.273649512,0.008293749999999999,0.011139537948814933,0.7582857142857142
H2876,Valve,Titanium,Assembly,M8,519,6.528,9.437,65.1,3.79,2025-09-17 22:00:00,2025-09-18 07:26:14.648862732,0.01818304431599229,0.01103929497352719,1.4456188725490196
H1653,Bracket,Aluminium,Drilling,M6,395,2.275,1.609,73.3,3.52,2025-09-17 22:00:00,2025-09-17 23:36:33.158956085,0.004073417721518987,0.005537880811596531,0.7072527472527472
H1300,Bracket,Aluminium,Drilling,M5,50,0.55,0.475,62.5,2.59,2025-09-17 22:00:00,2025-09-17 22:28:31.203687986,0.0095,0.007141707550817171,0.8636363636363635
H924,Cover,Plastic,Assembly,M7,159,2.208,1.082,61.9,2.07,2025-09-17 23:00:00,2025-09-18 00:04:56.633527812,0.006805031446540881,0.011085700232431247,0.490036231884058
H205,Housing,Aluminium,Cutting,M1,269,2.99,2.098,52.3,2.52,2025-09-17 23:00:00,2025-09-18 01:05:54.475224486,0.007799256505576208,0.00957440175624646,0.7016722408026755
H780,Bracket,Aluminium,Drilling,M5,596,3.28,3.017,61.4,2.0,2025-09-17 23:00:00,2025-09-18 02:01:02.553309935,0.005062080536912751,0.007160880660160121,0.9198170731707317
H736,Cover,Plastic,Assembly,M8,547,6.864,3.532,73.9,1.79,2025-09-18 00:00:00,2025-09-18 03:31:56.263095127,0.006457038391224863,0.01108568295627047,0.5145687645687645
H982,Housing,Aluminium,Turning,M4,153,1.524,1.287,64.5,4.17,2025-09-18 01:00:00,2025-09-18 02:17:14.090566914,0.008411764705882353,0.00939397174841187,0.8444881889763779
H2877,Cover,Plastic,Drilling,M5,380,2.2,1.438,87.4,2.88,2025-09-18 01:00:00,2025-09-18 02:26:18.113642602,0.0037842105263157892,0.007143954852714577,0.6536363636363636
H443,Valve,Titanium,Cutting,M1,534,5.64,7.939,77.4,2.34,2025-09-18 01:00:00,2025-09-18 08:56:20.353080647,0.014867041198501872,0.009565481428353643,1.4076241134751775
H2388,Cover,Plastic,Drilling,M5,451,2.555,1.631,72.8,2.16,2025-09-18 01:00:00,2025-09-18 02:37:50.064960304,0.003616407982261641,0.007117076898103387,0.6383561643835616
H527,Cover,Plastic,Drilling,M6,556,3.08,1.701,47.9,2.32,2025-09-18 02:00:00,2025-09-18 03:42:03.421770527,0.0030593525179856114,0.005528784767558781,0.5522727272727272
H2602,Housing,Aluminium,Cutting,M2,84,1.14,0.926,69.2,3.5,2025-09-18 03:00:00,2025-09-18 03:55:34.117990623,0.011023809523809524,0.011121971356538297,0.812280701754386
H2371,Valve,Titanium,Assembly,M8,227,3.024,4.058,56.5,1.76,2025-09-18 06:00:00,2025-09-18 10:03:29.633482374,0.017876651982378852,0.011055820733270176,1.341931216931217
H2285,Valve,Titanium,Cutting,M2,208,2.38,3.827,67.8,0.2,2025-09-18 06:00:00,2025-09-18 09:49:38.431209493,0.01839903846153846,0.011121369136705606,1.607983193277311
H2225,Gear,Steel,Turning,M3,502,4.316,3.644,71.1,1.94,2025-09-18 07:00:00,2025-09-18 10:38:37.118694432,0.007258964143426295,0.009190473236070246,0.8443002780352179
H865,Bracket,Aluminium,Drilling,M5,53,0.565,0.54,56.5,1.79,2025-09-18 08:00:00,2025-09-18 08:32:25.515269240,0.010188679245283019,0.007089293811469722,0.9557522123893807
H793,Valve,Titanium,Assembly,M8,47,0.864,1.094,66.2,3.38,2025-09-18 08:00:00,2025-09-18 09:05:38.351853717,0.023276595744680852,0.011099544010508052,1.2662037037037037
H184,Cover,Plastic,Cutting,M2,363,3.93,2.476,76.5,2.38,2025-09-18 21:00:00,2025-09-18 23:28:34.295492442,0.0068209366391184575,0.011165745169174098,0.6300254452926208
H2935,Cover,Plastic,Assembly,M7,491,6.192,3.313,60.0,2.17,2025-09-18 21:00:00,2025-09-19 00:18:46.689903919,0.00674745417515275,0.011054454474870003,0.5350452196382429
H1437,Cover,Plastic,Cutting,M2,140,1.7,1.042,64.0,1.67,2025-09-18 23:00:00,2025-09-19 00:02:29.701213228,0.007442857142857143,0.01113941299626467,0.6129411764705883
H640,Housing,Aluminium,Assembly,M7,172,2.364,1.897,51.1,2.18,2025-09-18 23:00:00,2025-09-19 00:53:48.999328589,0.01102906976744186,0.011023244327770602,0.8024534686971235
H2273,Bracket,Aluminium,Drilling,M5,547,3.035,2.85,55.9,2.74,2025-09-19 00:00:00,2025-09-19 02:50:59.233887807,0.005210237659963437,0.007113698421184788,0.9390444810543657
H2127,Cover,Plastic,Drilling,M6,271,1.655,0.855,59.7,2.13,2025-09-19 01:00:00,2025-09-19 01:51:18.409738503,0.003154981549815498,0.005513541358610799,0.5166163141993958
H1283,Housing,Aluminium,Turning,M4,168,1.644,1.056,67.5,2.18,2025-09-19 02:00:00,2025-09-19 03:03:21.436651771,0.006285714285714286,0.009385504446321098,0.6423357664233578
H2695,Bracket,Aluminium,Drilling,M6,333,1.965,1.214,61.6,1.68,2025-09-19 02:00:00,2025-09-19 03:12:51.928398017,0.0036456456456456458,0.0054990716665323,0.6178117048346056
H1652,Cover,Plastic,Drilling,M6,103,0.815,0.446,68.6,1.94,2025-09-19 02:00:00,2025-09-19 02:26:45.112138147,0.0043300970873786405,0.005487770288356162,0.547239263803681
H1988,Cover,Plastic,Cutting,M2,36,0.66,0.337,69.7,2.33,2025-09-19 03:00:00,2025-09-19 03:20:14.002197519,0.009361111111111112,0.011117144587509203,0.5106060606060606
H2819,Cover,Plastic,Assembly,M7,154,2.148,1.138,65.0,2.06,2025-09-19 04:00:00,2025-09-19 05:08:17.460050596,0.007389610389610389,0.011023286237408525,0.5297951582867784
H19,Bracket,Aluminium,Drilling,M6,258,1.59,0.906,58.3,1.23,2025-09-19 05:00:00,2025-09-19 05:54:20.016733618,0.0035116279069767444,0.005480754087138117,0.569811320754717
H2988,Gear,Steel,Cutting,M2,187,2.17,2.118,64.1,2.39,2025-09-19 05:00:00,2025-09-19 07:07:04.159809588,0.01132620320855615,0.011106629416991849,0.976036866359447
H2183,Gear,Steel,Cutting,M2,399,4.29,4.327,64.3,3.05,2025-09-19 05:00:00,2025-09-19 09:19:36.026386516,0.010844611528822054,0.0111079364038464,1.0086247086247087
H1921,Gear,Steel,Assembly,M8,359,4.608,4.785,78.7,2.7,2025-09-19 05:00:00,2025-09-19 09:47:06.688234763,0.013328690807799443,0.011177104849579216,1.0384114583333335
H2661,Housing,Aluminium,Turning,M4,480,4.14,3.238,67.5,3.08,2025-09-19 07:00:00,2025-09-19 10:14:16.341156561,0.006745833333333334,0.009359010513324457,0.7821256038647344
H2086,Housing,Aluminium,Turning,M3,138,1.404,0.909,62.8,1.81,2025-09-19 07:00:00,2025-09-19 07:54:32.247143066,0.006586956521739131,0.009174377326964881,0.6474358974358975
H776,Shaft,Steel,Turning,M3,190,1.82,1.598,74.0,1.84,2025-09-19 21:00:00,2025-09-19 22:35:53.700307179,0.008410526315789474,0.009152993683946486,0.878021978021978
H2733,Housing,Aluminium,Cutting,M1,518,5.48,3.481,57.4,1.27,2025-09-19 21:00:00,2025-09-20 00:28:51.637332650,0.00672007722007722,0.009591989227204384,0.6352189781021897
H767,Gear,Steel,Turning,M4,313,2.804,2.677,69.9,3.5,2025-09-19 21:00:00,2025-09-19 23:40:35.630160160,0.008552715654952078,0.0093368649440025,0.9547075606276748
H2078,Bracket,Aluminium,Cutting,M2,234,2.64,1.98,63.7,2.3,2025-09-19 22:00:00,2025-09-19 23:58:47.436361640,0.008461538461538461,0.011106378268491224,0.75
H1265,Gear,Steel,Turning,M4,68,0.844,0.809,73.0,2.96,2025-09-19 22:00:00,2025-09-19 22:48:31.188699922,0.011897058823529413,0.009330275454178546,0.9585308056872038
H2134,Housing,Aluminium,Cutting,M2,204,2.34,1.898,69.4,3.13,2025-09-19 23:00:00,2025-09-20 00:53:54.310425175,0.00930392156862745,0.011090820387273855,0.8111111111111111
H507,Valve,Titanium,Cutting,M1,345,3.75,5.0,56.8,2.63,2025-09-20 01:00:00,2025-09-20 05:59:59.616888220,0.014492753623188406,0.009577701107765941,1.3333333333333333
H2708,Bracket,Aluminium,Drilling,M5,36,0.48,0.444,70.2,0.62,2025-09-20 02:00:00,2025-09-20 02:26:37.166345807,0.012333333333333333,0.007098827633987746,0.925
H2740,Housing,Aluminium,Cutting,M1,357,3.87,3.009,78.5,1.89,2025-09-20 02:00:00,2025-09-20 05:00:30.670783214,0.008428571428571428,0.009602033050911597,0.7775193798449612
H596,Cover,Plastic,Cutting,M2,100,1.3,0.764,57.2,2.17,2025-09-20 03:00:00,2025-09-20 03:45:49.733913704,0.00764,0.011080370686580018,0.5876923076923077
H1930,Valve,Titanium,Cutting,M2,231,2.61,3.521,62.5,2.11,2025-09-20 03:00:00,2025-09-20 06:31:16.379044765,0.015242424242424241,0.011060368531425483,1.3490421455938697
H438,Valve,Titanium,Assembly,M7,73,1.176,1.293,71.0,2.26,2025-09-20 03:00:00,2025-09-20 04:17:35.496069419,0.017712328767123288,0.010997331409924252,1.0994897959183674
H2887,Housing,Aluminium,Cutting,M1,61,0.91,0.773,63.2,2.14,2025-09-20 03:00:00,2025-09-20 03:46:24.139022774,0.012672131147540984,0.009596252451786769,0.8494505494505494
H2241,Valve,Titanium,Cutting,M1,245,2.75,3.472,64.8,2.73,2025-09-20 06:00:00,2025-09-20 09:28:19.226574125,0.014171428571428571,0.009611330288530662,1.2625454545454546
H1321,Bracket,Aluminium,Drilling,M6,308,1.84,1.279,66.9,1.21,2025-09-20 06:00:00,2025-09-20 07:16:44.605819039,0.0041525974025974025,0.005468891881233531,0.6951086956521738
H918,Housing,Aluminium,Assembly,M7,46,0.852,0.638,74.0,1.71,2025-09-20 06:00:00,2025-09-20 06:38:16.822215793,0.013869565217391305,0.011044955504656161,0.7488262910798122
H825,Bracket,Aluminium,Assembly,M7,268,3.516,2.76,71.3,3.16,2025-09-20 07:00:00,2025-09-20 09:45:35.376507411,0.010298507462686566,0.011064847122351479,0.7849829351535835
H2730,Housing,Aluminium,Assembly,M7,494,6.228,5.496,75.1,4.24,2025-09-20 21:00:00,2025-09-21 02:29:45.260502332,0.011125506072874495,0.011059488103752423,0.8824662813102121
H1169,Cover,Plastic,Cutting,M1,398,4.28,2.152,59.1,3.42,2025-09-20 22:00:00,2025-09-21 00:09:08.512388544,0.005407035175879397,0.009633574670398456,0.502803738317757
H806,Gear,Steel,Turning,M4,56,0.748,0.687,65.7,1.75,2025-09-20 22:00:00,2025-09-20 22:41:12.817554551,0.012267857142857145,0.009351665315589805,0.9184491978609627
H1215,Gear,Steel,Turning,M3,73,0.884,0.813,70.5,2.61,2025-09-20 23:00:00,2025-09-20 23:48:45.336453494,0.011136986301369863,0.009146907885846838,0.919683257918552
H2180,Bracket,Aluminium,Drilling,M5,474,2.67,2.48,67.3,2.58,2025-09-21 01:00:00,2025-09-21 03:28:49.502540508,0.0052320675105485236,0.007139405197548565,0.9288389513108615
H2305,Shaft,Steel,Drilling,M6,586,3.23,2.852,82.8,2.64,2025-09-21 02:00:00,2025-09-21 04:51:07.407635382,0.004866894197952218,0.005461009878367446,0.8829721362229102
H109,Valve,Titanium,Turning,M4,448,3.884,5.683,64.1,2.78,2025-09-21 02:00:00,2025-09-21 07:40:59.199558617,0.012685267857142857,0.00937576607449284,1.4631822863027806
H958,Housing,Aluminium,Turning,M4,268,2.444,1.858,71.8,0.74,2025-09-21 04:00:00,2025-09-21 05:51:27.939044815,0.006932835820895523,0.009402893138285053,0.7602291325695582
H1532,Bracket,Aluminium,Cutting,M2,560,5.9,4.844,61.9,3.29,2025-09-21 05:00:00,2025-09-21 09:50:39.227659223,0.00865,0.011084542263859,0.8210169491525424
H2525,Bracket,Aluminium,Drilling,M5,257,1.585,1.44,68.8,2.94,2025-09-21 05:00:00,2025-09-21 06:26:24.047027652,0.005603112840466926,0.007124733369187026,0.9085173501577287
H2809,Gear,Steel,Turning,M4,162,1.596,1.697,66.6,1.48,2025-09-21 05:00:00,2025-09-21 06:41:50.338598509,0.010475308641975309,0.009382811371477008,1.06328320802005
H2644,Cover,Plastic,Cutting,M2,493,5.23,3.033,60.4,1.24,2025-09-21 05:00:00,2025-09-21 08:01:57.092684957,0.006152129817444219,0.011070550641652915,0.5799235181644359
H1632,Cover,Plastic,Cutting,M2,266,2.96,1.856,67.6,2.98,2025-09-21 06:00:00,2025-09-21 07:51:21.724232689,0.006977443609022557,0.011042445379800293,0.6270270270270271
H2851,Bracket,Aluminium,Drilling,M5,175,1.175,1.205,74.1,3.82,2025-09-21 07:00:00,2025-09-21 08:12:17.870589667,0.006885714285714286,0.0071131179453036665,1.025531914893617
H2868,Gear,Steel,Cutting,M1,384,4.14,3.839,65.3,2.94,2025-09-21 07:00:00,2025-09-21 10:50:21.868806393,0.009997395833333334,0.009613057488386229,0.9272946859903383
H242,Cover,Plastic,Assembly,M8,281,3.672,1.723,67.4,3.31,2025-09-21 08:00:00,2025-09-21 09:43:24.587473791,0.006131672597864769,0.01119072248222618,0.4692265795206972
H2711,Cover,Plastic,Cutting,M2,547,5.77,3.339,78.4,2.31,2025-09-21 21:00:00,2025-09-22 00:20:21.448089622,0.006104204753199269,0.011019348778829966,0.5786828422876951
H750,Gear,Steel,Turning,M4,565,4.82,4.732,58.0,2.78,2025-09-21 21:00:00,2025-09-22 01:43:54.214759329,0.008375221238938054,0.009391621833335865,0.9817427385892116
H879,Gear,Steel,Cutting,M1,329,3.59,4.006,54.3,3.8,2025-09-21 22:00:00,2025-09-22 02:00:19.899821689,0.01217629179331307,0.009614914195366649,1.1158774373259055
H56,Shaft,Steel,Cutting,M1,527,5.57,5.13,68.1,2.84,2025-09-21 23:00:00,2025-09-22 04:07:47.574516041,0.009734345351043642,0.009627228510741392,0.9210053859964092
H1389,Shaft,Steel,Cutting,M2,451,4.81,4.54,70.6,0.71,2025-09-22 01:00:00,2025-09-22 05:32:25.507347670,0.010066518847006652,0.010991579603543916,0.9438669438669439
H1573,Gear,Steel,Drilling,M6,476,2.68,2.521,70.8,1.41,2025-09-22 01:00:00,2025-09-22 03:31:16.102014292,0.005296218487394958,0.005457473475507831,0.9406716417910447
H1909,Bracket,Aluminium,Cutting,M1,127,1.57,1.222,65.8,2.26,2025-09-22 02:00:00,2025-09-22 03:13:19.341151936,0.009622047244094488,0.009627741031508388,0.7783439490445859
H1723,Gear,Steel,Turning,M4,225,2.1,2.099,55.6,3.04,2025-09-22 03:00:00,2025-09-22 05:05:56.070400481,0.00932888888888889,0.009383490628580684,0.9995238095238096
H1372,Valve,Titanium,Drilling,M6,209,1.345,1.607,64.1,2.22,2025-09-22 03:00:00,2025-09-22 04:36:25.212083213,0.007688995215311005,0.005456519303980536,1.1947955390334573
H2961,Housing,Aluminium,Turning,M3,225,2.1,1.501,63.2,2.88,2025-09-22 05:00:00,2025-09-22 06:30:04.989933606,0.00667111111111111,0.009163087385160033,0.7147619047619047
H2789,Gear,Steel,Cutting,M1,560,5.9,5.099,72.8,2.48,2025-09-22 06:00:00,2025-09-22 11:05:56.813455136,0.009105357142857142,0.009627713918234988,0.8642372881355932
H107,Housing,Aluminium,Assembly,M8,218,2.916,2.133,66.8,3.09,2025-09-22 08:00:00,2025-09-22 10:07:58.213249602,0.009784403669724771,0.011158904558425164,0.7314814814814815
H1828,Housing,Aluminium,Assembly,M8,233,3.096,2.413,60.2,1.58,2025-09-22 08:00:00,2025-09-22 10:24:48.013134535,0.010356223175965665,0.011150313927870786,0.779392764857881
H657,Valve,Titanium,Drilling,M5,502,2.81,4.783,60.0,3.67,2025-09-22 08:00:00,2025-09-22 12:46:58.337520561,0.00952788844621514,0.007111395190306777,1.7021352313167262
H400,Shaft,Steel,Turning,M3,145,1.46,1.232,66.4,2.03,2025-09-22 21:00:00,2025-09-22 22:13:56.880360803,0.008496551724137932,0.0091429908023048,0.8438356164383561
H2934,Gear,Steel,Drilling,M5,593,3.265,3.742,66.5,2.03,2025-09-22 21:00:00,2025-09-23 00:44:31.315189186,0.006310286677908937,0.007129564312531652,1.1460949464012251
H1679,Valve,Titanium,Assembly,M7,144,2.028,2.681,53.7,2.89,2025-09-22 21:00:00,2025-09-22 23:40:52.417750125,0.018618055555555554,0.011059946561871327,1.321992110453649
H1693,Valve,Titanium,Assembly,M7,537,6.744,9.429,69.4,1.94,2025-09-22 22:00:00,2025-09-23 07:25:43.144069777,0.017558659217877096,0.011112071451482942,1.3981316725978647
H1974,Gear,Steel,Drilling,M6,279,1.695,1.432,67.2,0.2,2025-09-22 23:00:00,2025-09-23 00:25:53.781574173,0.005132616487455197,0.005469651515223657,0.8448377581120944
H1452,Shaft,Steel,Cutting,M1,543,5.73,5.712,52.6,4.01,2025-09-22 23:00:00,2025-09-23 04:42:42.373704886,0.010519337016574586,0.00962523829370713,0.9968586387434554
H2143,Housing,Aluminium,Turning,M4,159,1.572,1.096,62.6,2.03,2025-09-23 01:00:00,2025-09-23 02:05:46.869891462,0.00689308176100629,0.009383057281440272,0.6972010178117048
H1860,Shaft,Steel,Cutting,M1,358,3.88,3.707,77.0,1.81,2025-09-23 03:00:00,2025-09-23 06:42:26.549584467,0.010354748603351956,0.009629455740513108,0.9554123711340206
H150,Housing,Aluminium,Cutting,M1,132,1.62,1.116,77.4,3.52,2025-09-23 04:00:00,2025-09-23 05:06:59.251691665,0.008454545454545456,0.00963286087132456,0.6888888888888889
H1436,Bracket,Aluminium,Assembly,M7,419,5.328,4.273,60.8,2.09,2025-09-23 04:00:00,2025-09-23 08:16:21.150003072,0.010198090692124104,0.01115622616221167,0.8019894894894893
H2581,Valve,Titanium,Cutting,M2,448,4.78,6.527,80.1,2.21,2025-09-23 21:00:00,2025-09-24 03:31:35.427369437,0.01456919642857143,0.010986382633001572,1.3654811715481172
H2522,Bracket,Aluminium,Assembly,M7,392,5.004,3.932,61.1,2.22,2025-09-23 21:00:00,2025-09-24 00:55:53.508549093,0.010030612244897959,0.011149708233843727,0.7857713828936851
H1754,Bracket,Aluminium,Assembly,M8,395,5.04,3.229,50.0,2.45,2025-09-23 22:00:00,2025-09-24 01:13:44.012910737,0.008174683544303799,0.011145381687175724,0.6406746031746032
H2807,Shaft,Steel,Turning,M3,221,2.068,1.689,70.4,2.26,2025-09-23 22:00:00,2025-09-23 23:41:21.551161330,0.007642533936651584,0.009137819289679465,0.8167311411992263
H2982,Valve,Titanium,Assembly,M8,545,6.84,8.807,70.1,3.76,2025-09-23 23:00:00,2025-09-24 07:48:24.856088465,0.016159633027522935,0.011127044044318489,1.2875730994152048
H516,Shaft,Steel,Turning,M4,21,0.468,0.434,47.4,0.88,2025-09-23 23:00:00,2025-09-23 23:26:01.773335400,0.020666666666666667,0.00936345117498016,0.9273504273504273
H1337,Bracket,Aluminium,Drilling,M5,182,1.21,1.164,57.1,2.25,2025-09-23 23:00:00,2025-09-24 00:09:52.095964174,0.006395604395604395,0.0071234503003329746,0.9619834710743801
H1396,Cover,Plastic,Drilling,M5,67,0.635,0.416,66.4,3.7,2025-09-24 00:00:00,2025-09-24 00:24:58.721904005,0.006208955223880597,0.007118058849186838,0.6551181102362205
H1175,Cover,Plastic,Cutting,M2,311,3.41,2.043,66.4,2.11,2025-09-24 00:00:00,2025-09-24 02:02:36.308168564,0.006569131832797428,0.011006398352529895,0.5991202346041056
H84,Valve,Titanium,Drilling,M6,534,2.97,4.828,66.0,2.79,2025-09-24 02:00:00,2025-09-24 06:49:39.926548339,0.00904119850187266,0.005467680550148988,1.6255892255892255
H1395,Housing,Aluminium,Cutting,M2,571,6.01,4.608,56.2,3.11,2025-09-24 02:00:00,2025-09-24 06:36:30.452395156,0.008070052539404553,0.010981746871864715,0.7667221297836938
H2613,Housing,Aluminium,Assembly,M8,404,5.148,3.664,66.4,2.08,2025-09-24 02:00:00,2025-09-24 05:39:50.941753398,0.00906930693069307,0.011157918823356554,0.7117327117327118
H2516,Housing,Aluminium,Turning,M4,382,3.356,2.508,60.6,1.92,2025-09-24 02:00:00,2025-09-24 04:30:29.126338762,0.006565445026178011,0.009451757546008962,0.7473182359952325
H2333,Bracket,Aluminium,Cutting,M2,71,1.01,0.855,56.6,3.65,2025-09-24 06:00:00,2025-09-24 06:51:19.381175050,0.01204225352112676,0.010965660162845598,0.8465346534653465
H2737,Bracket,Aluminium,Assembly,M8,367,4.704,3.403,45.0,2.69,2025-09-24 08:00:00,2025-09-24 11:24:12.324887157,0.009272479564032697,0.011145183384986655,0.7234268707482994
H2788,Valve,Titanium,Cutting,M1,380,4.1,4.747,60.2,3.54,2025-09-24 08:00:00,2025-09-24 12:44:49.482245165,0.012492105263157895,0.00962735472451718,1.1578048780487806
H59,Gear,Steel,Cutting,M2,576,6.06,5.033,58.4,1.87,2025-09-24 08:00:00,2025-09-24 13:01:59.979414560,0.008737847222222223,0.010971575510968022,0.8305280528052806
H1708,Gear,Steel,Drilling,M5,374,2.17,2.443,67.2,2.74,2025-09-24 08:00:00,2025-09-24 10:26:34.254007312,0.006532085561497326,0.007111374263706644,1.1258064516129034
H2671,Bracket,Aluminium,Assembly,M8,413,5.256,3.684,61.6,2.68,2025-09-24 08:00:00,2025-09-24 11:41:02.554452779,0.008920096852300243,0.011133833664859661,0.7009132420091324
H906,Cover,Plastic,Drilling,M6,317,1.885,1.232,71.4,2.51,2025-09-24 08:00:00,2025-09-24 09:13:56.960088040,0.003886435331230284,0.005488456817310171,0.6535809018567639
H333,Housing,Aluminium,Cutting,M1,422,4.52,3.297,57.8,1.26,2025-09-24 08:00:00,2025-09-24 11:17:47.860563541,0.007812796208530806,0.009640679145627136,0.729424778761062
H1523,Shaft,Steel,Turning,M4,133,1.364,1.187,70.7,2.71,2025-09-24 21:00:00,2025-09-24 22:11:14.507014172,0.008924812030075188,0.009429383030351358,0.8702346041055719
H636,Bracket,Aluminium,Cutting,M1,28,0.58,0.412,73.1,2.26,2025-09-24 22:00:00,2025-09-24 22:24:44.195278282,0.014714285714285713,0.009632216724622063,0.7103448275862069
H1569,Cover,Plastic,Drilling,M5,220,1.4,0.825,70.7,4.3,2025-09-24 23:00:00,2025-09-24 23:49:29.942955012,0.00375,0.007107145879018985,0.5892857142857143
H1910,Housing,Aluminium,Turning,M4,515,4.42,3.391,79.5,3.63,2025-09-24 23:00:00,2025-09-25 02:23:26.789847797,0.006584466019417476,0.009425501714964618,0.7671945701357467
H810,Bracket,Aluminium,Drilling,M6,458,2.59,1.663,75.8,3.03,2025-09-25 00:00:00,2025-09-25 01:39:45.675337708,0.003631004366812227,0.005479196577506241,0.6420849420849422
H2839,Housing,Aluminium,Assembly,M8,516,6.492,4.789,61.1,3.44,2025-09-25 00:00:00,2025-09-25 04:47:20.561862035,0.009281007751937983,0.01112049790092858,0.7376771410967344
H2610,Shaft,Steel,Turning,M3,167,1.636,1.318,50.9,1.78,2025-09-25 02:00:00,2025-09-25 03:19:04.133274816,0.007892215568862276,0.009125951945607816,0.8056234718826407
H1810,Shaft,Steel,Cutting,M1,424,4.54,3.923,67.2,3.65,2025-09-25 03:00:00,2025-09-25 06:55:24.088193643,0.009252358490566038,0.00965563639738549,0.8640969162995594
H987,Bracket,Aluminium,Drilling,M6,178,1.19,0.901,59.0,2.61,2025-09-25 04:00:00,2025-09-25 04:54:04.708849336,0.005061797752808989,0.0054685747831919075,0.7571428571428572
H2455,Shaft,Steel,Cutting,M2,118,1.48,1.815,57.5,2.8,2025-09-25 05:00:00,2025-09-25 06:48:54.421694110,0.01538135593220339,0.01095936934545575,1.2263513513513513
H600,Housing,Aluminium,Assembly,M7,227,3.024,2.217,75.8,4.44,2025-09-25 06:00:00,2025-09-25 08:13:02.814371789,0.009766519823788547,0.011142146774458957,0.7331349206349207
H1435,Housing,Aluminium,Cutting,M1,206,2.36,1.986,61.9,1.58,2025-09-25 07:00:00,2025-09-25 08:59:08.594421586,0.009640776699029126,0.009653786498730355,0.8415254237288136
H1115,Bracket,Aluminium,Drilling,M6,95,0.775,0.492,62.3,3.0,2025-09-25 07:00:00,2025-09-25 07:29:30.597206370,0.005178947368421053,0.0054662503430182915,0.6348387096774193
H467,Bracket,Aluminium,Assembly,M7,395,5.04,3.766,66.5,3.05,2025-09-25 07:00:00,2025-09-25 10:45:59.117071343,0.009534177215189874,0.011132914378816874,0.7472222222222222
H1582,Shaft,Steel,Turning,M4,281,2.548,2.345,65.7,1.52,2025-09-25 08:00:00,2025-09-25 10:20:43.472982840,0.008345195729537368,0.00940381441957876,0.9203296703296704
H1374,Bracket,Aluminium,Cutting,M2,219,2.49,2.061,76.9,3.14,2025-09-25 08:00:00,2025-09-25 10:03:41.088729970,0.009410958904109588,0.010983401881253291,0.8277108433734939
H770,Valve,Titanium,Drilling,M5,376,2.18,3.295,74.6,2.58,2025-09-25 22:00:00,2025-09-26 01:17:42.287480616,0.008763297872340425,0.007082818734968123,1.5114678899082568
H490,Valve,Titanium,Cutting,M1,160,1.9,2.558,78.2,1.8,2025-09-25 22:00:00,2025-09-26 00:33:27.577301347,0.015987499999999998,0.009653727093252266,1.3463157894736841
H1628,Cover,Plastic,Cutting,M1,21,0.51,0.245,76.7,1.24,2025-09-25 23:00:00,2025-09-25 23:14:42.349224732,0.011666666666666667,0.009682516970101118,0.48039215686274506
H554,Gear,Steel,Turning,M4,495,4.26,3.451,66.9,1.42,2025-09-26 00:00:00,2025-09-26 03:27:03.106382797,0.006971717171717172,0.009395794581017842,0.8100938967136151
H386,Cover,Plastic,Assembly,M8,419,5.328,2.618,69.7,2.43,2025-09-26 00:00:00,2025-09-26 02:37:04.518419843,0.006248210023866348,0.01110948298985678,0.4913663663663663
H498,Gear,Steel,Turning,M3,522,4.476,4.118,69.1,2.89,2025-09-26 00:00:00,2025-09-26 04:07:03.635489722,0.00788888888888889,0.009116237485948402,0.9200178731009832
H2016,Valve,Titanium,Turning,M4,386,3.388,4.894,78.6,1.52,2025-09-26 01:00:00,2025-09-26 05:53:37.192708933,0.012678756476683938,0.009377568435083252,1.4445100354191265
H692,Housing,Aluminium,Assembly,M8,160,2.22,1.599,62.9,2.04,2025-09-26 01:00:00,2025-09-26 02:35:54.884390257,0.00999375,0.011080546841249695,0.7202702702702702
H1205,Housing,Aluminium,Assembly,M7,548,6.876,4.503,54.9,1.02,2025-09-26 03:00:00,2025-09-26 07:30:10.907963819,0.008217153284671532,0.011122256131059362,0.6548865619546248
H418,Housing,Aluminium,Assembly,M8,71,1.152,0.768,72.8,3.28,2025-09-26 03:00:00,2025-09-26 03:46:04.609735651,0.010816901408450704,0.011074116090709754,0.6666666666666667
H1922,Valve,Titanium,Cutting,M2,400,4.3,5.701,50.4,2.73,2025-09-26 04:00:00,2025-09-26 09:42:02.342580587,0.0142525,0.010974902189484947,1.3258139534883722
H2272,Cover,Plastic,Assembly,M7,232,3.084,1.729,61.1,2.27,2025-09-26 05:00:00,2025-09-26 06:43:45.316843524,0.007452586206896552,0.011103017039361429,0.5606355382619974
H672,Bracket,Aluminium,Cutting,M1,43,0.73,0.511,61.2,2.52,2025-09-26 07:00:00,2025-09-26 07:30:39.991741460,0.011883720930232558,0.009691495023026754,0.7000000000000001
H189,Bracket,Aluminium,Cutting,M1,383,4.13,2.912,46.9,2.35,2025-09-26 07:00:00,2025-09-26 09:54:42.582770360,0.007603133159268929,0.009701369914500654,0.7050847457627119
H2527,Valve,Titanium,Turning,M3,476,4.108,5.476,66.1,2.45,2025-09-26 08:00:00,2025-09-26 13:28:33.683448000,0.011504201680672269,0.009106648825033875,1.3330087633885104
H628,Shaft,Steel,Drilling,M5,191,1.255,1.558,61.8,2.09,2025-09-26 21:00:00,2025-09-26 22:33:29.810705972,0.008157068062827226,0.0070949085129348305,1.2414342629482074
H22,Shaft,Steel,Turning,M4,383,3.364,3.68,85.8,2.68,2025-09-26 22:00:00,2025-09-27 01:40:46.816535227,0.009608355091383813,0.009402204166736988,1.093935790725327
H2366,Valve,Titanium,Cutting,M2,328,3.58,5.609,53.7,2.27,2025-09-26 22:00:00,2025-09-27 03:36:33.575253634,0.017100609756097562,0.010992523683089865,1.5667597765363128
H915,Valve,Titanium,Assembly,M8,80,1.26,1.696,67.5,2.59,2025-09-27 01:00:00,2025-09-27 02:41:43.993374213,0.0212,0.011072603063167055,1.346031746031746
H2777,Bracket,Aluminium,Cutting,M1,526,5.56,3.701,52.9,2.83,2025-09-27 02:00:00,2025-09-27 05:42:04.344255904,0.007036121673003802,0.009691960781069122,0.6656474820143885
H2949,Valve,Titanium,Cutting,M1,335,3.65,4.663,56.2,2.08,2025-09-27 03:00:00,2025-09-27 07:39:45.127292737,0.013919402985074627,0.009680104356479546,1.2775342465753425
H241,Gear,Steel,Cutting,M1,319,3.49,3.292,45.5,1.71,2025-09-27 03:00:00,2025-09-27 06:17:32.369280722,0.01031974921630094,0.009698945683717746,0.943266475644699
H1586,Cover,Plastic,Drilling,M6,576,3.18,1.906,78.6,1.86,2025-09-27 04:00:00,2025-09-27 05:54:20.919699181,0.0033090277777777775,0.005464617939753534,0.5993710691823899
H1144,Gear,Steel,Cutting,M2,476,5.06,4.983,65.2,2.62,2025-09-27 05:00:00,2025-09-27 09:59:00.177282272,0.010468487394957983,0.011025187244977608,0.9847826086956522
H2897,Housing,Aluminium,Turning,M4,465,4.02,2.924,69.0,2.46,2025-09-27 06:00:00,2025-09-27 08:55:24.690881640,0.006288172043010753,0.009403731210623259,0.7273631840796021
H300,Gear,Steel,Assembly,M7,581,7.272,6.623,58.6,2.22,2025-09-27 06:00:00,2025-09-27 12:37:24.443896060,0.011399311531841653,0.011079001047042581,0.9107535753575358
H1774,Gear,Steel,Cutting,M1,69,0.99,0.869,60.8,1.45,2025-09-27 06:00:00,2025-09-27 06:52:07.725004655,0.012594202898550724,0.009701692602003513,0.8777777777777778
H2519,Bracket,Aluminium,Assembly,M7,103,1.536,1.228,64.9,2.83,2025-09-27 06:00:00,2025-09-27 07:13:41.737945647,0.011922330097087378,0.011081094579622967,0.7994791666666666
H1534,Housing,Aluminium,Cutting,M1,580,6.1,4.258,57.9,2.87,2025-09-27 07:00:00,2025-09-27 11:15:29.015684233,0.007341379310344827,0.00971443493811165,0.698032786885246
H2916,Housing,Aluminium,Cutting,M2,88,1.18,1.026,70.3,3.22,2025-09-27 22:00:00,2025-09-27 23:01:31.958460638,0.011659090909090909,0.011022226075562611,0.8694915254237289
H1904,Shaft,Steel,Drilling,M5,553,3.065,3.688,64.0,1.03,2025-09-27 23:00:00,2025-09-28 02:41:17.501331712,0.006669077757685353,0.0071024953668626335,1.20326264274062
H619,Cover,Plastic,Drilling,M5,521,2.905,1.881,57.9,1.73,2025-09-27 23:00:00,2025-09-28 00:52:52.491652322,0.0036103646833013435,0.007099421483109603,0.6475043029259897
H570,Valve,Titanium,Assembly,M8,465,5.88,7.506,65.6,2.14,2025-09-28 00:00:00,2025-09-28 07:30:23.219843680,0.016141935483870967,0.011131827606657306,1.276530612244898
H1214,Cover,Plastic,Drilling,M5,213,1.365,0.942,77.7,2.74,2025-09-28 00:00:00,2025-09-28 00:56:32.437592298,0.004422535211267605,0.007074850660575741,0.6901098901098901
H1872,Bracket,Aluminium,Assembly,M7,354,4.548,3.19,81.6,1.81,2025-09-28 01:00:00,2025-09-28 04:11:25.168390395,0.009011299435028248,0.01108655714791819,0.7014072119613016
H1522,Cover,Plastic,Drilling,M5,301,1.805,1.293,55.4,3.2,2025-09-28 02:00:00,2025-09-28 03:17:33.127941258,0.0042956810631229235,0.007056303000091069,0.7163434903047091
H1678,Valve,Titanium,Cutting,M2,508,5.38,7.842,54.2,2.02,2025-09-28 02:00:00,2025-09-28 09:50:32.063285088,0.015437007874015748,0.011025595730766464,1.457620817843866
H2697,Shaft,Steel,Cutting,M1,400,4.3,3.994,65.9,2.74,2025-09-28 03:00:00,2025-09-28 06:59:38.905495075,0.009985,0.009704026799393374,0.9288372093023257
H280,Shaft,Steel,Cutting,M2,568,5.98,5.672,66.3,2.48,2025-09-28 03:00:00,2025-09-28 08:40:20.318378999,0.009985915492957746,0.011048813689415142,0.9484949832775919
H2538,Valve,Titanium,Turning,M3,193,1.844,2.404,73.2,2.59,2025-09-28 04:00:00,2025-09-28 06:24:15.590656104,0.012455958549222797,0.009125234506085336,1.3036876355748372
H2349,Cover,Plastic,Cutting,M1,494,5.24,2.498,60.6,1.49,2025-09-28 04:00:00,2025-09-28 06:29:52.619514983,0.00505668016194332,0.009705253756601263,0.4767175572519084
H585,Valve,Titanium,Assembly,M7,316,4.092,5.59,72.7,3.49,2025-09-28 04:00:00,2025-09-28 09:35:24.532553784,0.01768987341772152,0.01107316838848019,1.3660801564027372
H391,Housing,Aluminium,Assembly,M8,21,0.552,0.439,59.8,3.05,2025-09-28 05:00:00,2025-09-28 05:26:20.636991078,0.020904761904761905,0.011160956140827153,0.7952898550724637
H2193,Housing,Aluminium,Cutting,M2,355,3.85,3.39,54.9,2.5,2025-09-28 22:00:00,2025-09-29 01:23:23.992073327,0.009549295774647887,0.011043248777391806,0.8805194805194805
H1791,Bracket,Aluminium,Assembly,M7,55,0.96,0.781,46.2,3.32,2025-09-29 00:00:00,2025-09-29 00:46:50.484425948,0.0142,0.01111558316430866,0.8135416666666667
H2356,Gear,Steel,Cutting,M2,596,6.26,6.469,72.1,3.8,2025-09-29 01:00:00,2025-09-29 07:28:06.949132409,0.010854026845637585,0.011035467772169183,1.0333865814696486
H867,Gear,Steel,Assembly,M8,371,4.752,3.969,59.4,1.71,2025-09-29 01:00:00,2025-09-29 04:58:09.314399939,0.010698113207547169,0.011217278717497297,0.8352272727272727
H1333,Shaft,Steel,Drilling,M6,134,0.97,0.815,60.8,3.55,2025-09-29 01:00:00,2025-09-29 01:48:54.942554129,0.006082089552238806,0.005452439464262146,0.8402061855670103
H1048,Shaft,Steel,Cutting,M1,179,2.09,1.936,64.9,1.11,2025-09-29 02:00:00,2025-09-29 03:56:10.545875504,0.010815642458100558,0.009685042567059272,0.9263157894736842
H1947,Shaft,Steel,Drilling,M6,212,1.36,1.098,58.2,2.29,2025-09-29 04:00:00,2025-09-29 05:05:52.359721596,0.005179245283018869,0.005455976824306958,0.8073529411764706
H669,Housing,Aluminium,Cutting,M2,375,4.05,3.517,89.2,1.93,2025-09-29 06:00:00,2025-09-29 09:31:00.362820495,0.009378666666666667,0.011034527663741557,0.8683950617283951
H6,Cover,Plastic,Drilling,M5,276,1.68,1.171,68.5,2.92,2025-09-29 07:00:00,2025-09-29 08:10:15.791354177,0.0042427536231884055,0.00703713201441768,0.6970238095238096
H115,Shaft,Steel,Turning,M3,205,1.94,1.65,74.5,2.66,2025-09-29 08:00:00,2025-09-29 09:38:59.798038924,0.008048780487804878,0.009150855460263316,0.8505154639175257
H1126,Bracket,Aluminium,Assembly,M7,428,5.436,3.909,60.2,3.11,2025-09-29 21:00:00,2025-09-30 00:54:33.080247431,0.009133177570093458,0.011135229131414974,0.7190949227373068
H1196,Bracket,Aluminium,Cutting,M2,100,1.3,0.984,59.0,3.44,2025-09-29 22:00:00,2025-09-29 22:59:00.646835960,0.00984,0.011025992297777254,0.7569230769230769
H426,Gear,Steel,Assembly,M8,117,1.704,1.62,68.2,2.74,2025-09-29 23:00:00,2025-09-30 00:37:11.058476941,0.013846153846153847,0.011214295007669996,0.9507042253521127
H1495,Valve,Titanium,Drilling,M6,283,1.715,2.092,66.2,2.1,2025-09-29 23:00:00,2025-09-30 01:05:31.614084485,0.007392226148409895,0.005454430838042779,1.2198250728862974
H215,Gear,Steel,Cutting,M2,49,0.79,0.75,73.6,1.52,2025-09-29 23:00:00,2025-09-29 23:44:59.689908891,0.015306122448979591,0.011019910285993782,0.9493670886075949
H1906,Cover,Plastic,Assembly,M8,130,1.86,0.894,53.6,2.22,2025-09-30 00:00:00,2025-09-30 00:53:38.062605306,0.006876923076923077,0.01122933420103276,0.4806451612903226
H16,Cover,Plastic,Drilling,M5,104,0.82,0.508,75.6,2.23,2025-09-30 00:00:00,2025-09-30 00:30:28.249659867,0.004884615384615385,0.007017860439305754,0.6195121951219512
H2018,Cover,Plastic,Assembly,M8,385,4.92,2.875,63.5,1.73,2025-09-30 00:00:00,2025-09-30 02:52:31.083980721,0.007467532467532467,0.011204604592373048,0.584349593495935
H1603,Valve,Titanium,Cutting,M1,308,3.38,4.605,68.7,1.89,2025-09-30 01:00:00,2025-09-30 05:36:18.277660921,0.014951298701298703,0.009689936938881961,1.3624260355029587
H2232,Housing,Aluminium,Turning,M4,315,2.82,1.978,60.6,2.78,2025-09-30 03:00:00,2025-09-30 04:58:39.723136153,0.006279365079365079,0.009380822687331992,0.7014184397163121
H239,Valve,Titanium,Cutting,M2,501,5.31,7.181,61.4,2.56,2025-09-30 03:00:00,2025-09-30 10:10:51.367323115,0.014333333333333333,0.01104177871539677,1.3523540489642185
H542,Shaft,Steel,Cutting,M1,518,5.48,5.104,70.7,1.55,2025-09-30 06:00:00,2025-09-30 11:06:13.503618971,0.009853281853281853,0.009712615222340655,0.9313868613138686
H663,Housing,Aluminium,Assembly,M8,195,2.64,1.81,61.7,3.85,2025-09-30 06:00:00,2025-09-30 07:48:37.651251484,0.009282051282051283,0.011183491190537789,0.6856060606060606
H1619,Bracket,Aluminium,Cutting,M2,71,1.01,0.657,71.4,3.32,2025-09-30 06:00:00,2025-09-30 06:39:25.058980733,0.009253521126760565,0.011058487114472588,0.6504950495049505
H2705,Cover,Plastic,Drilling,M6,106,0.83,0.458,77.2,2.03,2025-09-30 07:00:00,2025-09-30 07:27:30.208031869,0.004320754716981132,0.005465196367544819,0.5518072289156627
H1163,Gear,Steel,Turning,M4,307,2.756,2.276,56.0,2.87,2025-09-30 07:00:00,2025-09-30 09:16:35.140807704,0.007413680781758957,0.009358184310631503,0.8258345428156749
H456,Shaft,Steel,Cutting,M2,419,4.49,4.323,55.9,2.15,2025-09-30 07:00:00,2025-09-30 11:19:21.898338952,0.010317422434367543,0.01104937112463566,0.9628062360801782
H1094,Valve,Titanium,Turning,M4,490,4.22,5.971,68.2,2.51,2025-09-30 08:00:00,2025-09-30 13:58:15.790605443,0.012185714285714286,0.009344093705349818,1.4149289099526068
H462,Gear,Steel,Drilling,M5,368,2.14,2.301,59.7,3.25,2025-09-30 08:00:00,2025-09-30 10:18:03.874109143,0.006252717391304348,0.007003249171807875,1.075233644859813
H550,Housing,Aluminium,Cutting,M1,34,0.64,0.506,50.2,3.19,2025-09-30 08:00:00,2025-09-30 08:30:20.603639917,0.014882352941176472,0.009713218941786754,0.790625
H816,Cover,Plastic,Cutting,M2,221,2.51,1.519,65.9,1.66,2025-09-30 08:00:00,2025-09-30 09:31:07.983331080,0.006873303167420814,0.01104569299051371,0.605179282868526
H2051,Housing,Aluminium,Cutting,M2,388,4.18,3.229,78.7,2.92,2025-09-30 21:00:00,2025-10-01 00:13:45.625088874,0.008322164948453609,0.011024831041398247,0.772488038277512
H1203,Housing,Aluminium,Turning,M4,467,4.036,3.022,72.7,2.4,2025-09-30 21:00:00,2025-10-01 00:01:20.750278456,0.006471092077087794,0.00936453701887762,0.7487611496531219
H394,Valve,Titanium,Cutting,M2,308,3.38,4.421,63.1,3.53,2025-09-30 22:00:00,2025-10-01 02:25:14.855973622,0.014353896103896105,0.011011384941433345,1.3079881656804735
H2061,Housing,Aluminium,Assembly,M7,173,2.376,1.755,62.8,2.69,2025-09-30 22:00:00,2025-09-30 23:45:16.922285910,0.010144508670520231,0.011122557919001547,0.7386363636363636
H34,Valve,Titanium,Turning,M4,332,2.956,4.258,70.3,2.81,2025-09-30 23:00:00,2025-10-01 03:15:29.598791550,0.012825301204819277,0.009343869555007692,1.4404600811907984
H2274,Valve,Titanium,Assembly,M7,448,5.676,6.413,60.0,3.69,2025-10-01 00:00:00,2025-10-01 06:24:46.093733682,0.014314732142857143,0.011116406665866444,1.12984496124031
H1643,Gear,Steel,Assembly,M8,342,4.404,3.827,65.6,3.35,2025-10-01 01:00:00,2025-10-01 04:49:38.297471148,0.011190058479532163,0.011172808943860899,0.8689827429609446
H182,Cover,Plastic,Cutting,M2,563,5.93,3.122,57.6,1.81,2025-10-01 02:00:00,2025-10-01 05:07:17.937990449,0.005545293072824156,0.011027932026396034,0.5264755480607083
H864,Housing,Aluminium,Turning,M4,328,2.924,2.085,72.4,2.26,2025-10-01 02:00:00,2025-10-01 04:05:07.058581089,0.00635670731707317,0.009368560559616285,0.7130642954856361
H2400,Gear,Steel,Cutting,M1,80,1.1,1.054,69.7,1.79,2025-10-01 03:00:00,2025-10-01 04:03:15.097115554,0.013175000000000001,0.009735309258023463,0.9581818181818181
H2986,Gear,Steel,Drilling,M6,437,2.485,1.916,42.0,2.44,2025-10-01 03:00:00,2025-10-01 04:54:56.453130464,0.004384439359267734,0.005458873485497505,0.7710261569416499
H1101,Shaft,Steel,Cutting,M1,315,3.45,3.273,63.9,1.53,2025-10-01 04:00:00,2025-10-01 07:16:24.203510016,0.010390476190476191,0.009749946239904213,0.948695652173913
H1,Valve,Titanium,Turning,M4,541,4.628,5.944,66.9,2.72,2025-10-01 05:00:00,2025-10-01 10:56:37.593137268,0.010987060998151572,0.00934735032551387,1.2843560933448575
H1751,Shaft,Steel,Cutting,M1,539,5.69,5.085,83.6,3.94,2025-10-01 06:00:00,2025-10-01 11:05:05.655413087,0.009434137291280148,0.009752660349864264,0.8936731107205623
H1098,Cover,Plastic,Assembly,M8,20,0.54,0.351,56.9,3.82,2025-10-01 07:00:00,2025-10-01 07:21:05.077754776,0.01755,0.011172905309981968,0.6499999999999999
H1967,Bracket,Aluminium,Assembly,M7,599,7.488,5.295,67.9,1.59,2025-10-01 07:00:00,2025-10-01 12:17:42.186174186,0.008839732888146911,0.011136396200097636,0.7071314102564102
H2639,Shaft,Steel,Turning,M4,536,4.588,4.432,67.9,2.68,2025-10-01 07:00:00,2025-10-01 11:25:54.462688066,0.00826865671641791,0.009358816833714133,0.965998256320837
H1508,Gear,Steel,Drilling,M5,273,1.665,1.776,65.0,3.34,2025-10-01 21:00:00,2025-10-01 22:46:32.447610682,0.006505494505494505,0.006998143513437102,1.0666666666666667
H154,Cover,Plastic,Drilling,M6,144,1.02,0.51,61.4,2.46,2025-10-01 23:00:00,2025-10-01 23:30:34.400328290,0.003541666666666667,0.005452970001287452,0.5
H1328,Gear,Steel,Assembly,M8,400,5.1,4.987,57.8,3.92,2025-10-01 23:00:00,2025-10-02 03:59:11.871748393,0.0124675,0.0112083336138154,0.977843137254902
H752,Shaft,Steel,Turning,M4,145,1.46,1.335,80.8,2.02,2025-10-01 23:00:00,2025-10-02 00:20:06.988144993,0.009206896551724138,0.00935124627734402,0.9143835616438356
H395,Gear,Steel,Cutting,M2,531,5.61,6.168,62.1,3.62,2025-10-02 00:00:00,2025-10-02 06:10:03.306477719,0.011615819209039549,0.011000923952733119,1.0994652406417111
H1591,Bracket,Aluminium,Assembly,M8,79,1.248,0.898,66.3,2.69,2025-10-02 00:00:00,2025-10-02 00:53:51.329432497,0.011367088607594937,0.011215290334181062,0.719551282051282
H1720,Gear,Steel,Cutting,M2,164,1.94,1.983,54.4,2.94,2025-10-02 01:00:00,2025-10-02 02:58:59.677808363,0.012091463414634147,0.011003938145165992,1.0221649484536084
H2821,Valve,Titanium,Turning,M4,400,3.5,4.522,58.4,0.3,2025-10-02 01:00:00,2025-10-02 05:31:17.726798284,0.011305,0.009350250761994918,1.292
H822,Valve,Titanium,Drilling,M5,406,2.33,4.036,73.1,2.81,2025-10-02 01:00:00,2025-10-02 05:02:10.995733544,0.009940886699507389,0.006994814803923976,1.7321888412017166
H38,Bracket,Aluminium,Cutting,M1,367,3.97,2.639,64.5,2.71,2025-10-02 01:00:00,2025-10-02 03:38:19.623066615,0.007190735694822888,0.00975131637071412,0.6647355163727959
H584,Shaft,Steel,Turning,M3,237,2.196,1.9,61.6,1.91,2025-10-02 02:00:00,2025-10-02 03:53:59.980555605,0.008016877637130802,0.009142442674214015,0.8652094717668487
H843,Valve,Titanium,Cutting,M2,416,4.46,6.85,64.8,2.05,2025-10-02 02:00:00,2025-10-02 08:51:01.449770385,0.016466346153846154,0.011009243146480472,1.5358744394618833
H2832,Housing,Aluminium,Turning,M3,382,3.356,2.227,63.8,1.94,2025-10-02 02:00:00,2025-10-02 04:13:38.990363480,0.005829842931937172,0.009133915666357323,0.6635876042908224
H1690,Bracket,Aluminium,Assembly,M7,471,5.952,4.564,82.5,3.01,2025-10-02 02:00:00,2025-10-02 06:33:50.004485162,0.009690021231422506,0.011122131210582415,0.7668010752688172
H814,Shaft,Steel,Cutting,M2,73,1.03,1.001,76.1,1.11,2025-10-02 04:00:00,2025-10-02 05:00:02.080336948,0.013712328767123286,0.011035733937778363,0.9718446601941746
H1162,Bracket,Aluminium,Cutting,M1,529,5.59,4.529,79.7,2.27,2025-10-02 06:00:00,2025-10-02 10:31:44.091248777,0.008561436672967864,0.009740557628378443,0.8101967799642218
H2619,Cover,Plastic,Cutting,M2,426,4.56,2.95,76.1,3.48,2025-10-02 07:00:00,2025-10-02 09:57:00.660656208,0.006924882629107981,0.011048664347581961,0.6469298245614036
H2050,Gear,Steel,Cutting,M1,343,3.73,3.203,64.5,2.0,2025-10-02 07:00:00,2025-10-02 10:12:11.844512851,0.009338192419825073,0.009735624067895554,0.8587131367292224
H468,Housing,Aluminium,Assembly,M8,461,5.832,4.253,68.3,1.92,2025-10-02 21:00:00,2025-10-03 01:15:10.044713096,0.009225596529284166,0.011216124390628392,0.7292524005486969
H1394,Valve,Titanium,Drilling,M6,447,2.535,3.472,65.5,2.51,2025-10-02 21:00:00,2025-10-03 00:28:19.951787276,0.007767337807606264,0.005442525720770398,1.3696252465483234
H225,Valve,Titanium,Cutting,M2,249,2.79,3.72,72.0,2.07,2025-10-02 22:00:00,2025-10-03 01:43:10.490112575,0.014939759036144579,0.011028838473935453,1.3333333333333335
H1617,Valve,Titanium,Assembly,M8,129,1.848,2.207,69.6,1.85,2025-10-03 00:00:00,2025-10-03 02:12:23.423444672,0.017108527131782944,0.01120524718920028,1.1942640692640691
H1191,Cover,Plastic,Assembly,M7,490,6.18,3.532,42.8,2.69,2025-10-03 00:00:00,2025-10-03 03:31:56.248544690,0.007208163265306123,0.011113291025525872,0.5715210355987055
H999,Cover,Plastic,Cutting,M2,258,2.88,1.804,68.0,0.88,2025-10-03 01:00:00,2025-10-03 02:48:13.774263983,0.006992248062015504,0.011047551012510617,0.6263888888888889
H2532,Gear,Steel,Assembly,M8,456,5.772,4.784,57.8,3.19,2025-10-03 01:00:00,2025-10-03 05:47:03.991606318,0.010491228070175438,0.011237330232366491,0.8288288288288288
H1087,Valve,Titanium,Drilling,M5,249,1.545,2.647,67.8,1.92,2025-10-03 01:00:00,2025-10-03 03:38:50.238663472,0.010630522088353413,0.007014587098525207,1.7132686084142394
H1840,Gear,Steel,Assembly,M8,63,1.056,1.025,67.1,2.68,2025-10-03 02:00:00,2025-10-03 03:01:30.708373787,0.016269841269841268,0.011233297247706,0.9706439393939392
H2085,Cover,Plastic,Assembly,M7,171,2.352,1.212,85.7,1.96,2025-10-03 03:00:00,2025-10-03 04:12:42.137023676,0.007087719298245614,0.01108933318650612,0.5153061224489796
H369,Bracket,Aluminium,Drilling,M6,566,3.13,2.051,68.8,2.83,2025-10-03 03:00:00,2025-10-03 05:03:03.344803250,0.0036236749116607776,0.005455160569068419,0.6552715654952077
H264,Housing,Aluminium,Cutting,M2,449,4.79,3.318,56.3,3.32,2025-10-03 03:00:00,2025-10-03 06:19:03.651212480,0.0073897550111358574,0.011028240046079687,0.6926931106471816
H2999,Valve,Titanium,Assembly,M8,383,4.896,6.665,77.0,1.77,2025-10-03 04:00:00,2025-10-03 10:39:54.336779909,0.017402088772845953,0.011260375441373392,1.3613153594771241
H991,Gear,Steel,Assembly,M7,401,5.112,4.588,65.2,3.11,2025-10-03 05:00:00,2025-10-03 09:35:15.665654041,0.011441396508728179,0.011064933101821604,0.8974960876369327
H746,Cover,Plastic,Drilling,M6,599,3.295,1.819,79.7,2.23,2025-10-03 05:00:00,2025-10-03 06:49:06.806642130,0.003036727879799666,0.0054452606465959464,0.5520485584218513
H2110,Bracket,Aluminium,Assembly,M7,108,1.596,1.073,59.9,2.46,2025-10-03 05:00:00,2025-10-03 06:04:21.879540598,0.009935185185185184,0.011067214698227098,0.6723057644110275
H2846,Cover,Plastic,Assembly,M7,575,7.2,3.678,61.2,2.17,2025-10-03 06:00:00,2025-10-03 09:40:42.093098445,0.0063965217391304344,0.011060395243329255,0.5108333333333334
H1160,Shaft,Steel,Turning,M4,27,0.516,0.439,54.9,2.93,2025-10-03 06:00:00,2025-10-03 06:26:21.123545703,0.016259259259259258,0.009363639455405911,0.8507751937984496
H2967,Shaft,Steel,Cutting,M1,369,3.99,3.393,55.8,3.09,2025-10-03 07:00:00,2025-10-03 10:23:34.403762924,0.009195121951219512,0.00973396810269526,0.850375939849624
H1695,Shaft,Steel,Cutting,M1,154,1.84,1.824,61.7,2.2,2025-10-03 07:00:00,2025-10-03 08:49:27.580072313,0.011844155844155844,0.009731732226548058,0.9913043478260869
H1257,Bracket,Aluminium,Assembly,M7,345,4.44,3.016,57.8,3.65,2025-10-03 08:00:00,2025-10-03 11:00:58.997879718,0.008742028985507246,0.011032467857076568,0.6792792792792792
H261,Housing,Aluminium,Assembly,M7,136,1.932,1.45,69.8,2.4,2025-10-03 21:00:00,2025-10-03 22:27:00.252362896,0.010661764705882353,0.011018834292364846,0.7505175983436853
H2865,Gear,Steel,Drilling,M6,116,0.88,0.733,65.7,2.87,2025-10-03 21:00:00,2025-10-03 21:43:58.286355128,0.006318965517241379,0.005432311545699192,0.8329545454545454
H1363,Housing,Aluminium,Cutting,M2,247,2.77,2.272,59.4,2.36,2025-10-03 21:00:00,2025-10-03 23:16:17.524180253,0.009198380566801619,0.01101099604117474,0.8202166064981948
H1271,Bracket,Aluminium,Drilling,M6,591,3.255,2.489,71.8,2.55,2025-10-03 21:00:00,2025-10-03 23:29:21.459777811,0.00421150592216582,0.005437053010787652,0.7646697388632873
H295,Shaft,Steel,Turning,M3,39,0.612,0.595,62.8,2.09,2025-10-03 22:00:00,2025-10-03 22:35:43.027299745,0.015256410256410256,0.009109073014218826,0.9722222222222222
H23,Gear,Steel,Assembly,M8,312,4.044,3.704,63.6,1.88,2025-10-03 22:00:00,2025-10-04 01:42:14.766172540,0.011871794871794872,0.01129321882817271,0.9159248269040555
H1839,Housing,Aluminium,Turning,M3,254,2.332,1.582,68.2,1.08,2025-10-03 22:00:00,2025-10-03 23:34:53.656274389,0.006228346456692914,0.009154948665279956,0.6783876500857634
H2971,Gear,Steel,Drilling,M5,368,2.14,2.266,63.2,1.88,2025-10-03 23:00:00,2025-10-04 01:15:59.150636087,0.006157608695652174,0.007038693331790729,1.0588785046728972
H778,Bracket,Aluminium,Drilling,M5,261,1.605,1.385,67.0,2.11,2025-10-03 23:00:00,2025-10-04 00:23:06.722955247,0.005306513409961686,0.007032858334200406,0.8629283489096573
H2533,Gear,Steel,Assembly,M7,595,7.44,6.489,69.0,2.38,2025-10-04 00:00:00,2025-10-04 06:29:20.331503867,0.010905882352941177,0.011016721454575008,0.8721774193548386
H830,Housing,Aluminium,Turning,M3,201,1.908,1.413,73.9,2.0,2025-10-04 00:00:00,2025-10-04 01:24:46.843690856,0.007029850746268657,0.009133270130401534,0.7405660377358491
H39,Valve,Titanium,Assembly,M8,379,4.848,6.757,75.0,2.3,2025-10-04 00:00:00,2025-10-04 06:45:26.401150665,0.017828496042216358,0.011296296360319638,1.3937706270627062
H573,Cover,Plastic,Cutting,M2,481,5.11,3.02,63.6,3.11,2025-10-04 01:00:00,2025-10-04 04:01:13.140252975,0.006278586278586278,0.011002445968182412,0.5909980430528375
H1712,Gear,Steel,Turning,M3,173,1.684,1.492,70.3,3.08,2025-10-04 03:00:00,2025-10-04 04:29:30.724422422,0.008624277456647398,0.009117803811400555,0.8859857482185274
H1841,Valve,Titanium,Cutting,M1,54,0.84,0.937,51.4,1.21,2025-10-04 03:00:00,2025-10-04 03:56:13.832483117,0.017351851851851854,0.009740461249761313,1.1154761904761905
H2238,Housing,Aluminium,Assembly,M8,537,6.744,4.197,64.1,0.53,2025-10-04 06:00:00,2025-10-04 10:11:49.520458500,0.007815642458100559,0.011330858263398457,0.6223309608540926
H1562,Housing,Aluminium,Assembly,M7,365,4.68,3.548,80.6,3.0,2025-10-04 06:00:00,2025-10-04 09:32:54.504070027,0.00972054794520548,0.011016069459859517,0.7581196581196582
H574,Gear,Steel,Drilling,M5,576,3.18,3.73,63.4,1.48,2025-10-04 06:00:00,2025-10-04 09:43:48.924721917,0.0064756944444444445,0.007021500801804099,1.1729559748427671
H2555,Gear,Steel,Turning,M4,583,4.964,5.434,66.2,3.68,2025-10-04 08:00:00,2025-10-04 13:26:02.945372474,0.009320754716981133,0.009410548433663417,1.0946817082997582
H2429,Housing,Aluminium,Assembly,M7,147,2.064,1.24,64.3,2.32,2025-10-04 08:00:00,2025-10-04 09:14:25.439239450,0.008435374149659863,0.011008493310651013,0.6007751937984496
H165,Cover,Plastic,Cutting,M1,100,1.3,0.641,70.9,1.0,2025-10-04 21:00:00,2025-10-04 21:38:29.198396650,0.00641,0.009771783844831643,0.4930769230769231
H2422,Gear,Steel,Assembly,M7,494,6.228,5.982,65.5,3.34,2025-10-04 21:00:00,2025-10-05 02:58:56.267688171,0.012109311740890688,0.01099353331552897,0.9605009633911369
H1336,Shaft,Steel,Drilling,M6,261,1.605,1.681,68.8,2.87,2025-10-04 23:00:00,2025-10-05 00:40:52.010144663,0.006440613026819923,0.005430534143294983,1.0473520249221184
H1694,Cover,Plastic,Assembly,M8,586,7.332,3.447,65.6,3.14,2025-10-04 23:00:00,2025-10-05 02:26:50.807811270,0.005882252559726963,0.011312357127581099,0.47013093289689034
H1710,Gear,Steel,Drilling,M6,239,1.495,1.317,55.7,2.35,2025-10-04 23:00:00,2025-10-05 00:19:00.332459585,0.005510460251046025,0.0054358784760120465,0.8809364548494982
H990,Housing,Aluminium,Cutting,M1,191,2.21,1.697,64.9,1.97,2025-10-05 00:00:00,2025-10-05 01:41:49.099129390,0.008884816753926703,0.009758006042188893,0.7678733031674209
H2363,Housing,Aluminium,Assembly,M8,287,3.744,2.592,67.5,3.09,2025-10-05 01:00:00,2025-10-05 03:35:30.593990757,0.009031358885017422,0.011283927260733696,0.6923076923076923
H2992,Housing,Aluminium,Cutting,M2,250,2.8,1.953,66.1,2.98,2025-10-05 01:00:00,2025-10-05 02:57:10.068369051,0.007812,0.010980268223160837,0.6975000000000001
H1134,Gear,Steel,Assembly,M7,134,1.908,1.668,66.8,3.27,2025-10-05 02:00:00,2025-10-05 03:40:03.987286154,0.01244776119402985,0.010999982901802737,0.8742138364779874
H302,Bracket,Aluminium,Assembly,M7,54,0.948,0.663,57.5,3.25,2025-10-05 02:00:00,2025-10-05 02:39:45.384897895,0.012277777777777778,0.011008303466700595,0.699367088607595
H2071,Bracket,Aluminium,Cutting,M2,388,4.18,3.642,69.4,3.57,2025-10-05 02:00:00,2025-10-05 05:38:32.942198809,0.00938659793814433,0.010965463231463822,0.8712918660287081
H1714,Bracket,Aluminium,Cutting,M2,497,5.27,3.836,65.6,2.74,2025-10-05 03:00:00,2025-10-05 06:50:08.414193021,0.007718309859154929,0.01095811967196001,0.7278937381404175
H1095,Cover,Plastic,Assembly,M8,23,0.576,0.337,79.2,1.87,2025-10-05 04:00:00,2025-10-05 04:20:11.407569576,0.014652173913043479,0.01127219513377684,0.5850694444444445
H2057,Shaft,Steel,Drilling,M6,348,2.04,1.567,62.6,1.84,2025-10-05 06:00:00,2025-10-05 07:34:00.662496570,0.0045028735632183904,0.005436271011670119,0.7681372549019607
H581,Shaft,Steel,Cutting,M2,592,6.22,6.227,56.6,3.17,2025-10-05 07:00:00,2025-10-05 13:13:37.434555342,0.010518581081081082,0.010943120552456284,1.0011254019292606
H1472,Shaft,Steel,Cutting,M2,247,2.77,2.961,80.0,2.18,2025-10-05 07:00:00,2025-10-05 09:57:40.093448549,0.011987854251012146,0.010941164149362389,1.0689530685920576
H2754,Shaft,Steel,Cutting,M2,29,0.59,0.673,57.5,1.49,2025-10-05 08:00:00,2025-10-05 08:40:22.895974521,0.02320689655172414,0.010945965480103901,1.140677966101695
H665,Bracket,Aluminium,Assembly,M7,111,1.632,1.333,62.9,1.97,2025-10-05 08:00:00,2025-10-05 09:19:59.316065333,0.012009009009009008,0.011015557605621036,0.8167892156862745
H1548,Cover,Plastic,Drilling,M6,274,1.67,0.958,48.9,2.36,2025-10-05 22:00:00,2025-10-05 22:57:27.844444867,0.0034963503649635035,0.0054313841140342465,0.5736526946107784
H178,Gear,Steel,Drilling,M5,549,3.045,3.608,70.2,2.49,2025-10-05 23:00:00,2025-10-06 02:36:29.998009336,0.006571948998178506,0.007017933439991292,1.1848932676518884
H197,Gear,Steel,Assembly,M8,599,7.488,6.527,43.0,2.31,2025-10-05 23:00:00,2025-10-06 05:31:38.749846927,0.010896494156928213,0.011289707977192729,0.8716613247863247
H836,Gear,Steel,Turning,M4,401,3.508,3.467,62.5,3.58,2025-10-05 23:00:00,2025-10-06 02:27:59.926770857,0.008645885286783042,0.00940994171936151,0.9883124287343216
H898,Bracket,Aluminium,Cutting,M1,457,4.87,3.34,62.6,2.24,2025-10-06 00:00:00,2025-10-06 03:20:24.014598244,0.007308533916849015,0.009754442004277617,0.6858316221765913
H53,Cover,Plastic,Drilling,M6,219,1.395,0.702,62.4,1.15,2025-10-06 02:00:00,2025-10-06 02:42:08.545670659,0.0032054794520547944,0.005421305813257837,0.5032258064516129
H2089,Cover,Plastic,Assembly,M8,380,4.86,2.814,53.1,1.12,2025-10-06 03:00:00,2025-10-06 05:48:51.769553303,0.007405263157894737,0.01128768110183054,0.5790123456790123
H831,Shaft,Steel,Cutting,M2,242,2.72,3.186,61.2,2.15,2025-10-06 04:00:00,2025-10-06 07:11:08.374174564,0.013165289256198347,0.011001951466732305,1.1713235294117645
H26,Valve,Titanium,Assembly,M7,235,3.12,3.737,72.2,1.92,2025-10-06 04:00:00,2025-10-06 07:44:14.474820291,0.01590212765957447,0.011021202215867559,1.1977564102564102
H969,Cover,Plastic,Drilling,M5,122,0.91,0.644,62.3,2.08,2025-10-06 07:00:00,2025-10-06 07:38:38.190467260,0.005278688524590164,0.0070150374371223765,0.7076923076923077
H887,Shaft,Steel,Drilling,M5,391,2.255,2.661,65.8,2.68,2025-10-06 08:00:00,2025-10-06 10:39:38.108206796,0.006805626598465473,0.007003835186073781,1.1800443458980046
H2042,Gear,Steel,Turning,M3,548,4.684,3.957,64.7,1.78,2025-10-06 21:00:00,2025-10-07 00:57:23.500567175,0.007220802919708029,0.009114201429249073,0.8447907771135781
H1242,Cover,Plastic,Cutting,M1,228,2.58,1.351,73.3,3.68,2025-10-06 21:00:00,2025-10-06 22:21:01.929235417,0.005925438596491228,0.009744499288475062,0.5236434108527132
H2484,Valve,Titanium,Assembly,M8,146,2.052,2.745,65.8,1.77,2025-10-06 21:00:00,2025-10-06 23:44:42.056401032,0.0188013698630137,0.011267771266220614,1.337719298245614
H501,Gear,Steel,Drilling,M5,395,2.275,2.676,71.2,3.23,2025-10-06 22:00:00,2025-10-07 00:40:32.627818258,0.0067746835443037974,0.007002564618204498,1.1762637362637365
H1916,Housing,Aluminium,Cutting,M2,564,5.94,4.72,69.5,2.21,2025-10-06 22:00:00,2025-10-07 02:43:10.463957526,0.008368794326241134,0.011011784820320785,0.7946127946127945
H643,Bracket,Aluminium,Cutting,M2,493,5.23,4.356,56.8,2.42,2025-10-06 23:00:00,2025-10-07 03:21:21.686949911,0.008835699797160243,0.0109998255873159,0.8328871892925429
H153,Bracket,Aluminium,Cutting,M2,220,2.5,1.976,64.7,3.89,2025-10-07 00:00:00,2025-10-07 01:58:32.845780262,0.008981818181818181,0.010990077272945832,0.7904
H1056,Gear,Steel,Drilling,M6,243,1.515,1.042,70.0,2.0,2025-10-07 00:00:00,2025-10-07 01:02:32.422079575,0.004288065843621399,0.005409824847655748,0.6877887788778878
H562,Bracket,Aluminium,Assembly,M7,414,5.268,4.643,55.3,2.84,2025-10-07 00:00:00,2025-10-07 04:38:33.740832478,0.011214975845410627,0.011048778065832003,0.8813591495823841
H1401,Gear,Steel,Cutting,M2,294,3.24,3.289,62.1,2.73,2025-10-07 01:00:00,2025-10-07 04:17:20.867635566,0.011187074829931974,0.010981071626797274,1.0151234567901235
H2836,Gear,Steel,Turning,M4,97,1.076,0.899,70.3,3.36,2025-10-07 01:00:00,2025-10-07 01:53:55.550623422,0.009268041237113403,0.00940481382384085,0.8355018587360594
H687,Cover,Plastic,Drilling,M6,466,2.63,1.177,53.9,2.35,2025-10-07 02:00:00,2025-10-07 03:10:35.959106555,0.0025257510729613736,0.005404042584748355,0.4475285171102662
H1035,Cover,Plastic,Assembly,M7,200,2.7,1.565,62.3,3.88,2025-10-07 02:00:00,2025-10-07 03:33:55.211052340,0.007825,0.011049711761222896,0.5796296296296296
H715,Cover,Plastic,Drilling,M6,218,1.39,0.797,61.3,3.18,2025-10-07 03:00:00,2025-10-07 03:47:50.483348077,0.0036559633027522936,0.005389282115457139,0.5733812949640289
H2329,Shaft,Steel,Drilling,M6,181,1.205,0.807,66.3,1.05,2025-10-07 03:00:00,2025-10-07 03:48:26.583851335,0.004458563535911603,0.005380438652127013,0.6697095435684647
H504,Bracket,Aluminium,Drilling,M5,476,2.68,2.671,71.1,3.85,2025-10-07 04:00:00,2025-10-07 06:40:16.917866896,0.005611344537815126,0.0070011131463962135,0.996641791044776
H2360,Cover,Plastic,Drilling,M6,521,2.905,1.578,59.4,3.61,2025-10-07 04:00:00,2025-10-07 05:34:40.669043043,0.0030287907869481767,0.005375759083009168,0.5432013769363168
H949,Bracket,Aluminium,Drilling,M6,96,0.78,0.519,75.4,2.5,2025-10-07 04:00:00,2025-10-07 04:31:08.787268963,0.0054062500000000005,0.0053639057077765374,0.6653846153846154
H1540,Bracket,Aluminium,Assembly,M8,556,6.972,4.572,69.2,1.74,2025-10-07 04:00:00,2025-10-07 08:34:17.869881906,0.008223021582733813,0.011306207993755271,0.6557659208261618
H845,Shaft,Steel,Drilling,M6,530,2.95,2.891,61.0,2.61,2025-10-07 05:00:00,2025-10-07 07:53:29.052771586,0.005454716981132076,0.005364118493164595,0.98
H1157,Housing,Aluminium,Cutting,M1,477,5.07,3.536,59.5,2.53,2025-10-07 06:00:00,2025-10-07 09:32:07.859075977,0.007412997903563942,0.00972903750429699,0.6974358974358974
H2441,Valve,Titanium,Turning,M3,510,4.38,5.857,71.0,2.65,2025-10-07 08:00:00,2025-10-07 13:51:26.574224854,0.011484313725490197,0.009100481150194429,1.3372146118721462
H2827,Bracket,Aluminium,Drilling,M6,221,1.405,0.95,79.2,2.41,2025-10-07 08:00:00,2025-10-07 08:56:58.540505058,0.004298642533936651,0.005364571485604433,0.6761565836298932
H416,Shaft,Steel,Turning,M3,210,1.98,1.776,71.7,1.27,2025-10-07 21:00:00,2025-10-07 22:46:32.590079684,0.008457142857142858,0.009117631024836844,0.896969696969697
H245,Shaft,Steel,Drilling,M5,153,1.065,1.214,68.8,2.5,2025-10-07 22:00:00,2025-10-07 23:12:50.675169753,0.007934640522875817,0.006992317142544435,1.139906103286385
H1951,Housing,Aluminium,Turning,M4,459,3.972,2.929,58.7,2.51,2025-10-07 22:00:00,2025-10-08 00:55:43.707712318,0.0063812636165577336,0.009403902006595998,0.7374118831822759
H2328,Bracket,Aluminium,Assembly,M8,200,2.7,1.572,71.2,2.81,2025-10-07 22:00:00,2025-10-07 23:34:19.079086463,0.00786,0.011290557301313538,0.5822222222222222
H1385,Gear,Steel,Drilling,M6,65,0.625,0.53,55.3,1.78,2025-10-07 23:00:00,2025-10-07 23:31:49.631187118,0.008153846153846154,0.005359268356491658,0.8480000000000001
H968,Bracket,Aluminium,Drilling,M5,63,0.615,0.651,71.2,3.07,2025-10-08 02:00:00,2025-10-08 02:39:02.877353202,0.010333333333333333,0.006998243704684884,1.0585365853658537
H198,Bracket,Aluminium,Drilling,M6,67,0.635,0.449,63.6,0.79,2025-10-08 04:00:00,2025-10-08 04:26:54.603205622,0.006701492537313433,0.005373102900042916,0.7070866141732284
H1149,Shaft,Steel,Turning,M4,303,2.724,2.417,64.3,2.68,2025-10-08 05:00:00,2025-10-08 07:25:02.155275596,0.007976897689768976,0.00938388453381429,0.8872980910425843
H408,Housing,Aluminium,Turning,M3,499,4.292,2.947,69.6,2.3,2025-10-08 05:00:00,2025-10-08 07:56:48.759716660,0.005905811623246493,0.009112913252210458,0.6866262814538677
H2560,Cover,Plastic,Drilling,M6,415,2.375,1.132,62.3,2.91,2025-10-08 06:00:00,2025-10-08 07:07:56.064144857,0.002727710843373494,0.00537964669135952,0.47663157894736835
H2500,Shaft,Steel,Drilling,M5,567,3.135,3.66,58.3,3.22,2025-10-08 07:00:00,2025-10-08 10:39:34.938874557,0.006455026455026455,0.007019088014863936,1.167464114832536
H368,Cover,Plastic,Assembly,M8,538,6.756,3.381,63.6,3.34,2025-10-08 07:00:00,2025-10-08 10:22:52.008208903,0.006284386617100371,0.011273231254337207,0.5004440497335702
H900,Housing,Aluminium,Assembly,M7,510,6.42,5.229,51.1,3.73,2025-10-08 07:00:00,2025-10-08 12:13:43.655049335,0.010252941176470588,0.011031696611718857,0.8144859813084112
H1998,Cover,Plastic,Drilling,M6,124,0.92,0.411,61.5,2.57,2025-10-08 08:00:00,2025-10-08 08:24:40.225647721,0.003314516129032258,0.005366647005830177,0.4467391304347826
H1423,Gear,Steel,Assembly,M8,392,5.004,4.905,52.5,3.72,2025-10-08 08:00:00,2025-10-08 12:54:18.763183732,0.012512755102040817,0.011248161683295817,0.9802158273381296
H2026,Bracket,Aluminium,Drilling,M5,175,1.175,1.042,69.5,1.47,2025-10-08 21:00:00,2025-10-08 22:02:29.527976929,0.005954285714285715,0.007015584526914635,0.8868085106382979
H2552,Housing,Aluminium,Assembly,M7,210,2.82,1.764,75.4,2.85,2025-10-08 21:00:00,2025-10-08 22:45:48.906780668,0.0084,0.011027370192634145,0.625531914893617
H2872,Gear,Steel,Assembly,M8,305,3.96,3.473,76.4,2.33,2025-10-08 22:00:00,2025-10-09 01:28:21.769443895,0.011386885245901639,0.01125448465038954,0.877020202020202
H1885,Cover,Plastic,Assembly,M7,303,3.936,2.069,75.1,2.8,2025-10-08 23:00:00,2025-10-09 01:04:08.820992895,0.006828382838283828,0.011012854335216277,0.525660569105691
H2318,Valve,Titanium,Turning,M4,83,0.964,1.402,73.2,1.71,2025-10-08 23:00:00,2025-10-09 00:24:07.787947831,0.01689156626506024,0.009374628041419255,1.454356846473029
H2969,Shaft,Steel,Cutting,M1,579,6.09,5.295,72.1,2.38,2025-10-09 00:00:00,2025-10-09 05:17:42.234067161,0.009145077720207253,0.009719698634939196,0.8694581280788177
H1824,Cover,Plastic,Cutting,M1,63,0.93,0.486,67.1,2.54,2025-10-09 00:00:00,2025-10-09 00:29:09.964775801,0.007714285714285714,0.0097173909204222,0.5225806451612903
H2242,Housing,Aluminium,Assembly,M7,300,3.9,3.03,61.3,4.04,2025-10-09 00:00:00,2025-10-09 03:01:46.882520536,0.0101,0.010989862733584778,0.7769230769230769
H1367,Shaft,Steel,Cutting,M1,181,2.11,1.73,70.9,2.05,2025-10-09 01:00:00,2025-10-09 02:43:46.325347375,0.009558011049723756,0.009709378499597653,0.8199052132701422
H617,Shaft,Steel,Drilling,M6,75,0.675,0.591,70.5,3.88,2025-10-09 02:00:00,2025-10-09 02:35:28.784007477,0.00788,0.005356636611309211,0.8755555555555554
H1666,Bracket,Aluminium,Drilling,M5,465,2.625,2.609,76.1,2.56,2025-10-09 03:00:00,2025-10-09 05:36:30.874537757,0.005610752688172043,0.007009033299676185,0.9939047619047618
H2919,Housing,Aluminium,Assembly,M7,229,3.048,2.322,65.8,0.97,2025-10-09 03:00:00,2025-10-09 05:19:18.524809345,0.010139737991266376,0.010985000095696336,0.7618110236220472
H1198,Bracket,Aluminium,Cutting,M2,21,0.51,0.434,46.3,1.62,2025-10-09 04:00:00,2025-10-09 04:26:01.290104995,0.020666666666666667,0.010981991283954126,0.8509803921568627
H2237,Gear,Steel,Drilling,M6,296,1.78,1.612,64.3,2.35,2025-10-09 05:00:00,2025-10-09 06:36:43.441329657,0.005445945945945946,0.005368885948147516,0.9056179775280899
H1803,Bracket,Aluminium,Assembly,M8,576,7.212,4.941,72.7,2.69,2025-10-09 05:00:00,2025-10-09 09:56:28.728477038,0.008578124999999999,0.01125514335981995,0.6851081530782029
H2480,Shaft,Steel,Cutting,M1,568,5.98,6.719,55.5,3.06,2025-10-09 06:00:00,2025-10-09 12:43:06.770618406,0.011829225352112676,0.009708775442028436,1.1235785953177257
H586,Shaft,Steel,Cutting,M1,320,3.5,3.208,71.8,2.68,2025-10-09 06:00:00,2025-10-09 09:12:27.860777193,0.010025000000000001,0.00971718992579861,0.9165714285714286
H1813,Cover,Plastic,Drilling,M6,531,2.955,1.561,60.0,2.51,2025-10-09 06:00:00,2025-10-09 07:33:40.945380966,0.0029397363465160074,0.005369258218668281,0.5282571912013536
H1252,Shaft,Steel,Drilling,M6,102,0.81,0.661,64.5,3.48,2025-10-09 07:00:00,2025-10-09 07:39:40.760918552,0.006480392156862746,0.005357577825052164,0.8160493827160493
H1785,Shaft,Steel,Turning,M3,395,3.46,2.889,51.0,2.24,2025-10-09 07:00:00,2025-10-09 09:53:18.954848362,0.0073139240506329105,0.0090901678505866,0.8349710982658959
H2909,Shaft,Steel,Drilling,M5,285,1.725,2.165,62.2,2.06,2025-10-09 21:00:00,2025-10-09 23:09:54.836970709,0.007596491228070176,0.00700045489101665,1.2550724637681159
H824,Shaft,Steel,Drilling,M5,393,2.265,2.427,57.9,2.77,2025-10-09 22:00:00,2025-10-10 00:25:35.898363285,0.006175572519083969,0.007004089258925513,1.071523178807947
H2888,Housing,Aluminium,Cutting,M2,331,3.61,2.641,65.3,2.42,2025-10-09 23:00:00,2025-10-10 01:38:26.329273052,0.007978851963746224,0.01102503428565507,0.7315789473684211
H2680,Shaft,Steel,Turning,M3,471,4.068,3.388,68.4,1.46,2025-10-10 01:00:00,2025-10-10 04:23:17.077400924,0.0071932059447983015,0.009077659091431997,0.8328416912487709
H2002,Shaft,Steel,Drilling,M6,22,0.41,0.333,73.5,2.6,2025-10-10 02:00:00,2025-10-10 02:19:58.004119174,0.015136363636363637,0.005362950142429249,0.8121951219512196
H2707,Bracket,Aluminium,Drilling,M5,518,2.89,2.705,64.4,2.13,2025-10-10 02:00:00,2025-10-10 04:42:17.755401762,0.005222007722007723,0.0069990679453507156,0.9359861591695502
H2494,Cover,Plastic,Drilling,M5,192,1.26,0.849,68.4,1.32,2025-10-10 04:00:00,2025-10-10 04:50:57.541655686,0.004421875,0.006988362763282385,0.6738095238095237
H2100,Cover,Plastic,Drilling,M5,436,2.48,2.013,52.6,4.92,2025-10-10 04:00:00,2025-10-10 06:00:46.319593795,0.00461697247706422,0.006972994573083089,0.8116935483870967
H489,Cover,Plastic,Drilling,M5,512,2.86,2.107,64.6,1.38,2025-10-10 05:00:00,2025-10-10 07:06:24.097284879,0.004115234375,0.006958970632035357,0.7367132867132868
H1918,Bracket,Aluminium,Drilling,M6,320,1.9,1.214,55.3,2.18,2025-10-10 06:00:00,2025-10-10 07:12:49.476971473,0.00379375,0.00540949020668608,0.6389473684210526
H1354,Gear,Steel,Turning,M3,329,2.932,2.247,65.2,4.04,2025-10-10 07:00:00,2025-10-10 09:14:50.939382306,0.006829787234042553,0.009064481097399593,0.7663710777626194
H2914,Valve,Titanium,Assembly,M8,347,4.464,6.371,66.5,2.35,2025-10-10 07:00:00,2025-10-10 13:22:15.634131667,0.018360230547550434,0.011241890793682227,1.427195340501792
H1762,Bracket,Aluminium,Cutting,M2,448,4.78,3.717,74.0,2.52,2025-10-10 08:00:00,2025-10-10 11:42:59.644537900,0.008296875,0.011011555602814766,0.7776150627615063
H2941,Cover,Plastic,Cutting,M2,27,0.57,0.36,56.2,1.63,2025-10-10 08:00:00,2025-10-10 08:21:37.480912361,0.013333333333333332,0.010999596657427918,0.6315789473684211
H2604,Housing,Aluminium,Cutting,M1,162,1.92,1.291,44.8,2.22,2025-10-10 08:00:00,2025-10-10 09:17:27.434294089,0.007969135802469135,0.009718406566408103,0.6723958333333333
H714,Bracket,Aluminium,Assembly,M7,252,3.324,2.517,75.3,2.26,2025-10-10 21:00:00,2025-10-10 23:31:01.510394644,0.009988095238095237,0.010980406279911393,0.7572202166064982
H2264,Gear,Steel,Turning,M4,556,4.748,4.733,62.9,3.7,2025-10-10 22:00:00,2025-10-11 02:43:59.512857280,0.008512589928057554,0.00942375835660645,0.9968407750631844
H2653,Shaft,Steel,Drilling,M6,538,2.99,2.529,66.1,1.94,2025-10-10 22:00:00,2025-10-11 00:31:43.012137867,0.004700743494423791,0.0054018326701615015,0.845819397993311
H2405,Gear,Steel,Turning,M4,441,3.828,3.275,52.2,2.81,2025-10-10 22:00:00,2025-10-11 01:16:28.912517570,0.007426303854875283,0.00941784167849899,0.8555381400208987
H2659,Housing,Aluminium,Turning,M4,406,3.548,2.843,70.7,2.53,2025-10-10 23:00:00,2025-10-11 01:50:35.243427709,0.007002463054187192,0.009404993047378836,0.8012965050732807
H463,Valve,Titanium,Drilling,M5,592,3.26,6.02,59.7,4.11,2025-10-11 00:00:00,2025-10-11 06:01:12.411244099,0.010168918918918917,0.0069421437902777525,1.8466257668711656
H2676,Bracket,Aluminium,Drilling,M5,236,1.48,1.424,60.5,3.32,2025-10-11 00:00:00,2025-10-11 01:25:25.245718254,0.006033898305084746,0.00696112482044623,0.9621621621621621
H1873,Shaft,Steel,Cutting,M1,47,0.77,0.734,60.0,3.63,2025-10-11 00:00:00,2025-10-11 00:44:01.498790093,0.015617021276595745,0.009711519673636688,0.9532467532467532
H1991,Bracket,Aluminium,Drilling,M6,151,1.055,0.683,75.2,2.3,2025-10-11 01:00:00,2025-10-11 01:40:57.925413475,0.00452317880794702,0.005398525645747644,0.6473933649289101
H2723,Gear,Steel,Drilling,M5,145,1.025,1.241,72.2,4.61,2025-10-11 02:00:00,2025-10-11 03:14:26.025699111,0.008558620689655173,0.006955702443163414,1.2107317073170734
H853,Cover,Plastic,Drilling,M5,506,2.83,2.116,65.0,2.69,2025-10-11 04:00:00,2025-10-11 06:06:59.253414974,0.004181818181818182,0.00696502173529418,0.7477031802120142
H484,Bracket,Aluminium,Assembly,M8,308,3.996,2.698,50.2,2.7,2025-10-11 05:00:00,2025-10-11 07:41:53.417893052,0.008759740259740259,0.011276956506755469,0.6751751751751751
H2178,Bracket,Aluminium,Drilling,M6,500,2.8,2.098,71.0,1.79,2025-10-11 05:00:00,2025-10-11 07:05:51.352824064,0.004196,0.005394416036180505,0.7492857142857143
H87,Valve,Titanium,Cutting,M1,77,1.07,1.356,64.5,2.57,2025-10-11 06:00:00,2025-10-11 07:21:20.503660075,0.01761038961038961,0.009734678503452214,1.2672897196261683
H2578,Valve,Titanium,Cutting,M2,68,0.98,1.455,81.5,1.77,2025-10-11 06:00:00,2025-10-11 07:27:18.640240124,0.02139705882352941,0.01100983234460294,1.4846938775510206
H1202,Bracket,Aluminium,Drilling,M6,265,1.625,1.026,74.8,3.01,2025-10-11 07:00:00,2025-10-11 08:01:34.163416282,0.0038716981132075473,0.005388815961245082,0.6313846153846154
H1864,Housing,Aluminium,Assembly,M7,276,3.612,2.677,66.4,2.24,2025-10-11 08:00:00,2025-10-11 10:40:37.842670547,0.00969927536231884,0.010975042436442116,0.741140642303433
H1976,Cover,Plastic,Drilling,M5,287,1.735,1.15,74.0,1.26,2025-10-11 21:00:00,2025-10-11 22:08:58.713871165,0.004006968641114982,0.00694893385348218,0.6628242074927952
H690,Gear,Steel,Drilling,M5,184,1.22,1.389,56.4,2.84,2025-10-12 00:00:00,2025-10-12 01:23:18.631973065,0.007548913043478261,0.006932026007434092,1.1385245901639345
H328,Gear,Steel,Cutting,M1,33,0.63,0.451,61.1,1.79,2025-10-12 02:00:00,2025-10-12 02:27:03.453483403,0.013666666666666667,0.00976544299996369,0.7158730158730159
H2928,Valve,Titanium,Drilling,M6,194,1.27,1.652,64.1,2.79,2025-10-12 02:00:00,2025-10-12 03:39:06.718057861,0.008515463917525773,0.005381759599161186,1.300787401574803
H2501,Housing,Aluminium,Turning,M4,40,0.62,0.513,73.7,1.66,2025-10-12 02:00:00,2025-10-12 02:30:47.968306430,0.012825,0.009389592214089146,0.8274193548387097
H624,Gear,Steel,Cutting,M1,420,4.5,4.306,69.6,2.8,2025-10-12 03:00:00,2025-10-12 07:18:21.672435758,0.010252380952380952,0.009780622858588993,0.9568888888888889
H1020,Bracket,Aluminium,Assembly,M8,103,1.536,1.099,64.9,4.03,2025-10-12 04:00:00,2025-10-12 05:05:54.960852009,0.010669902912621359,0.011264617211426962,0.7154947916666666
H920,Shaft,Steel,Drilling,M6,364,2.12,1.65,62.5,2.2,2025-10-12 05:00:00,2025-10-12 06:38:58.588006256,0.0045329670329670325,0.005396267489523985,0.7783018867924527
H1894,Cover,Plastic,Cutting,M1,165,1.95,0.916,57.7,2.85,2025-10-12 05:00:00,2025-10-12 05:54:55.873270764,0.005551515151515152,0.009782451378332372,0.46974358974358976
H616,Bracket,Aluminium,Assembly,M8,545,6.84,4.528,62.5,2.88,2025-10-12 05:00:00,2025-10-12 09:31:42.506330894,0.008308256880733944,0.011261716166066936,0.6619883040935672
H2439,Valve,Titanium,Cutting,M2,164,1.94,2.926,60.0,0.61,2025-10-12 06:00:00,2025-10-12 08:55:35.227650202,0.01784146341463415,0.011055191412196507,1.5082474226804126
H179,Cover,Plastic,Drilling,M6,521,2.905,1.42,75.1,3.59,2025-10-12 06:00:00,2025-10-12 07:25:13.502356111,0.0027255278310940496,0.005392289146406211,0.48881239242685026
H57,Housing,Aluminium,Turning,M4,296,2.668,1.929,75.0,2.08,2025-10-12 06:00:00,2025-10-12 07:55:44.610366330,0.006516891891891892,0.009411473792343356,0.7230134932533733
H149,Valve,Titanium,Assembly,M7,309,4.008,5.038,65.7,2.76,2025-10-12 07:00:00,2025-10-12 12:02:17.118162465,0.0163042071197411,0.010968183473678011,1.2569860279441119
H908,Gear,Steel,Cutting,M1,133,1.63,1.254,65.3,2.23,2025-10-12 07:00:00,2025-10-12 08:15:15.455826189,0.009428571428571429,0.00976611571722497,0.7693251533742331
H2833,Gear,Steel,Cutting,M1,245,2.75,2.526,65.4,4.38,2025-10-12 07:00:00,2025-10-12 09:31:32.177558692,0.010310204081632652,0.009764817469960918,0.9185454545454544
H1486,Gear,Steel,Turning,M3,119,1.252,1.192,58.0,2.2,2025-10-12 21:00:00,2025-10-12 22:11:31.065885566,0.010016806722689075,0.00904896239001517,0.9520766773162939
H928,Housing,Aluminium,Assembly,M8,300,3.9,2.583,70.2,1.34,2025-10-12 22:00:00,2025-10-13 00:34:59.737974067,0.008610000000000001,0.011247378985070175,0.6623076923076924
H2132,Valve,Titanium,Turning,M3,152,1.516,1.902,66.4,2.2,2025-10-12 22:00:00,2025-10-12 23:54:07.352051597,0.012513157894736842,0.00905563717851637,1.254617414248021
H427,Gear,Steel,Assembly,M8,527,6.624,5.929,67.4,2.91,2025-10-12 22:00:00,2025-10-13 03:55:43.519677442,0.011250474383301708,0.011234638023789642,0.895078502415459
H2104,Cover,Plastic,Drilling,M6,390,2.25,1.167,71.5,1.4,2025-10-12 23:00:00,2025-10-13 00:09:59.748510197,0.0029923076923076926,0.0053800562963359725,0.5186666666666667
H907,Shaft,Steel,Turning,M4,445,3.86,3.222,60.7,3.42,2025-10-13 00:00:00,2025-10-13 03:13:20.473436559,0.007240449438202247,0.009393153653732904,0.8347150259067357
H860,Gear,Steel,Cutting,M1,589,6.19,5.512,59.3,1.22,2025-10-13 00:00:00,2025-10-13 05:30:42.342543522,0.009358234295415959,0.009766907073837055,0.8904684975767365
H1832,Valve,Titanium,Cutting,M2,517,5.47,7.257,62.6,1.66,2025-10-13 01:00:00,2025-10-13 08:15:26.569351364,0.014036750483558994,0.01108469694264189,1.326691042047532
H1799,Housing,Aluminium,Cutting,M1,256,2.86,2.299,74.1,3.44,2025-10-13 02:00:00,2025-10-13 04:17:55.480154142,0.00898046875,0.009765347254072087,0.8038461538461539
H110,Valve,Titanium,Assembly,M7,263,3.456,4.478,64.5,1.92,2025-10-13 03:00:00,2025-10-13 07:28:39.412224894,0.017026615969581747,0.010996718359485836,1.2957175925925926
H2921,Housing,Aluminium,Assembly,M7,576,7.212,5.35,62.7,3.51,2025-10-13 03:00:00,2025-10-13 08:20:58.853795790,0.009288194444444444,0.011028792282943792,0.7418191902384914
H1068,Housing,Aluminium,Cutting,M1,573,6.03,3.856,69.6,1.29,2025-10-13 04:00:00,2025-10-13 07:51:20.413496086,0.006729493891797556,0.009762362925159267,0.639469320066335
H28,Valve,Titanium,Turning,M4,391,3.428,4.869,64.3,3.13,2025-10-13 07:00:00,2025-10-13 11:52:06.978570350,0.012452685421994885,0.00937961463350944,1.4203617269544924
H2866,Housing,Aluminium,Assembly,M8,333,4.296,2.726,67.3,3.61,2025-10-13 21:00:00,2025-10-13 23:43:33.405338284,0.008186186186186186,0.01123471416013345,0.6345437616387337
H2902,Shaft,Steel,Cutting,M1,49,0.79,0.703,58.2,1.77,2025-10-13 22:00:00,2025-10-13 22:42:10.642183764,0.014346938775510203,0.00975087478488138,0.8898734177215188
H2942,Shaft,Steel,Cutting,M1,112,1.42,1.102,63.5,2.24,2025-10-13 22:00:00,2025-10-13 23:06:08.969546587,0.009839285714285715,0.009768218422581867,0.7760563380281691
H935,Bracket,Aluminium,Drilling,M5,284,1.72,1.657,81.0,3.45,2025-10-13 22:00:00,2025-10-13 23:39:24.611679879,0.005834507042253521,0.0069355510762114875,0.9633720930232559
H2548,Gear,Steel,Assembly,M8,204,2.748,2.188,63.4,3.19,2025-10-14 01:00:00,2025-10-14 03:11:15.075094001,0.010725490196078432,0.011220127901884898,0.7962154294032023
H1357,Gear,Steel,Turning,M4,331,2.948,2.468,59.6,2.9,2025-10-14 01:00:00,2025-10-14 03:28:05.190138400,0.00745619335347432,0.009398821325937475,0.8371777476255088
H2353,Housing,Aluminium,Turning,M3,203,1.924,1.208,64.5,2.71,2025-10-14 01:00:00,2025-10-14 02:12:29.195901610,0.0059507389162561574,0.009079318827257606,0.6278586278586279
H2098,Housing,Aluminium,Turning,M3,420,3.66,2.649,76.8,2.44,2025-10-14 02:00:00,2025-10-14 04:38:55.501569633,0.0063071428571428575,0.00905803597072018,0.7237704918032787
H1576,Gear,Steel,Cutting,M1,583,6.13,5.909,68.2,2.15,2025-10-14 02:00:00,2025-10-14 07:54:30.986578319,0.010135506003430531,0.00976848559285143,0.96394779771615
H1237,Valve,Titanium,Drilling,M6,39,0.495,0.537,69.3,2.4,2025-10-14 02:00:00,2025-10-14 02:32:14.982483939,0.01376923076923077,0.0053691533346737425,1.084848484848485
H639,Bracket,Aluminium,Drilling,M6,400,2.3,1.36,62.0,3.64,2025-10-14 02:00:00,2025-10-14 03:21:35.733607801,0.0034000000000000002,0.00540733550483082,0.5913043478260871
H1041,Housing,Aluminium,Cutting,M1,224,2.54,1.976,68.3,2.68,2025-10-14 03:00:00,2025-10-14 04:58:32.459033218,0.008821428571428572,0.009769860201130753,0.7779527559055118
H1545,Housing,Aluminium,Cutting,M1,124,1.54,1.109,42.4,3.01,2025-10-14 04:00:00,2025-10-14 05:06:33.031038126,0.008943548387096774,0.009766321277139329,0.7201298701298701
H296,Bracket,Aluminium,Cutting,M2,180,2.1,1.807,68.1,2.9,2025-10-14 05:00:00,2025-10-14 06:48:25.361496005,0.010038888888888889,0.01109747639519997,0.8604761904761904
H2855,Bracket,Aluminium,Drilling,M6,267,1.635,1.156,62.8,1.64,2025-10-14 05:00:00,2025-10-14 06:09:22.286553448,0.004329588014981273,0.0053982525387456124,0.7070336391437309
H984,Bracket,Aluminium,Drilling,M6,452,2.56,1.481,65.3,3.18,2025-10-14 07:00:00,2025-10-14 08:28:52.506280392,0.0032765486725663717,0.005393438734584512,0.578515625
H2663,Housing,Aluminium,Turning,M3,332,2.956,2.206,45.7,2.04,2025-10-14 07:00:00,2025-10-14 09:12:23.146596402,0.006644578313253012,0.0090394488550879,0.7462787550744249
H2170,Housing,Aluminium,Assembly,M8,81,1.272,0.952,52.0,1.82,2025-10-14 08:00:00,2025-10-14 08:57:08.222615277,0.011753086419753086,0.0112177724842382,0.7484276729559748
H1255,Housing,Aluminium,Assembly,M7,543,6.816,4.732,69.8,2.23,2025-10-14 21:00:00,2025-10-15 01:43:56.418281839,0.008714548802946594,0.01101958277057078,0.6942488262910799
H2279,Valve,Titanium,Drilling,M6,504,2.82,3.662,56.0,2.87,2025-10-14 22:00:00,2025-10-15 01:39:43.736295996,0.0072658730158730155,0.005383945954037346,1.298581560283688
H656,Valve,Titanium,Drilling,M5,155,1.075,1.865,56.6,1.9,2025-10-14 22:00:00,2025-10-14 23:51:54.863929212,0.012032258064516129,0.006929295144200363,1.7348837209302326
H2361,Bracket,Aluminium,Assembly,M8,150,2.1,1.625,60.1,2.73,2025-10-14 22:00:00,2025-10-14 23:37:31.741131659,0.010833333333333334,0.01122030951710794,0.7738095238095237
H2187,Housing,Aluminium,Turning,M4,115,1.22,0.95,71.7,3.15,2025-10-14 23:00:00,2025-10-14 23:56:59.534677986,0.00826086956521739,0.00938675531368615,0.7786885245901639
H1650,Cover,Plastic,Assembly,M8,347,4.464,2.418,64.5,2.6,2025-10-15 00:00:00,2025-10-15 02:25:04.023402228,0.006968299711815562,0.011218484157750511,0.5416666666666666
H1275,Cover,Plastic,Drilling,M5,282,1.71,1.045,70.9,2.96,2025-10-15 00:00:00,2025-10-15 01:02:43.325352232,0.003705673758865248,0.006958125443185198,0.611111111111111
H1516,Shaft,Steel,Turning,M3,411,3.588,2.934,61.2,2.38,2025-10-15 01:00:00,2025-10-15 03:56:02.816178330,0.0071386861313868614,0.00902337589843129,0.8177257525083612
H1353,Shaft,Steel,Turning,M4,33,0.564,0.52,66.0,3.61,2025-10-15 01:00:00,2025-10-15 01:31:11.332889594,0.01575757575757576,0.009379805401658566,0.921985815602837
H567,Shaft,Steel,Cutting,M1,201,2.31,2.149,71.2,2.86,2025-10-15 01:00:00,2025-10-15 03:08:55.952931869,0.010691542288557215,0.009763262641860358,0.9303030303030303
H2912,Gear,Steel,Drilling,M6,178,1.19,1.037,73.7,4.49,2025-10-15 03:00:00,2025-10-15 04:02:13.274594500,0.005825842696629213,0.005392347414134827,0.8714285714285714
H2394,Gear,Steel,Drilling,M5,495,2.775,3.979,77.7,3.56,2025-10-15 04:00:00,2025-10-15 07:58:44.166321698,0.00803838383838384,0.00693985324271149,1.4338738738738739
H2107,Cover,Plastic,Drilling,M6,35,0.475,0.243,55.6,2.89,2025-10-15 06:00:00,2025-10-15 06:14:34.360301774,0.006942857142857143,0.005394274059834801,0.511578947368421
H223,Shaft,Steel,Turning,M3,371,3.268,2.779,67.9,1.92,2025-10-15 06:00:00,2025-10-15 08:46:43.170015779,0.007490566037735849,0.009010811299984328,0.8503671970624235
H833,Housing,Aluminium,Cutting,M2,441,4.71,3.636,79.2,2.88,2025-10-15 07:00:00,2025-10-15 10:38:07.975170929,0.008244897959183674,0.011092913518017595,0.7719745222929937
H2773,Cover,Plastic,Cutting,M2,339,3.69,2.297,61.3,3.29,2025-10-15 07:00:00,2025-10-15 09:17:50.873685356,0.006775811209439529,0.01108069027527582,0.6224932249322493
H762,Shaft,Steel,Cutting,M2,387,4.17,4.954,57.8,2.23,2025-10-15 08:00:00,2025-10-15 12:57:14.366808736,0.012801033591731266,0.011062293356191048,1.1880095923261391
H1598,Valve,Titanium,Drilling,M5,583,3.215,5.313,64.0,1.36,2025-10-15 08:00:00,2025-10-15 13:18:45.773296366,0.009113207547169811,0.006945990285145414,1.652566096423017
H1329,Housing,Aluminium,Cutting,M2,579,6.09,5.051,59.6,2.58,2025-10-15 22:00:00,2025-10-16 03:03:05.359291184,0.008723661485319516,0.011069692250810368,0.8293924466338259
H254,Gear,Steel,Cutting,M2,371,4.01,4.494,70.2,1.63,2025-10-15 23:00:00,2025-10-16 03:29:38.859658179,0.01211320754716981,0.011059751442482018,1.1206982543640898
H1957,Valve,Titanium,Assembly,M7,416,5.292,7.181,69.5,1.31,2025-10-16 00:00:00,2025-10-16 07:10:49.816033119,0.01726201923076923,0.011007451012846444,1.3569538926681783
H972,Cover,Plastic,Drilling,M6,162,1.11,0.566,62.8,2.33,2025-10-16 00:00:00,2025-10-16 00:33:58.439752782,0.0034938271604938267,0.005401126197370298,0.5099099099099098
H1625,Bracket,Aluminium,Assembly,M7,436,5.532,4.174,70.8,3.6,2025-10-16 00:00:00,2025-10-16 04:10:27.999123475,0.009573394495412845,0.011040197443306771,0.7545191612436732
H2622,Cover,Plastic,Assembly,M7,508,6.396,3.665,47.9,4.74,2025-10-16 01:00:00,2025-10-16 04:39:52.531205235,0.007214566929133858,0.011032557844619824,0.5730143839899937
H2880,Cover,Plastic,Cutting,M1,384,4.14,2.481,70.9,2.23,2025-10-16 03:00:00,2025-10-16 05:28:51.878324263,0.0064609375,0.009766700714625902,0.5992753623188406
H678,Gear,Steel,Drilling,M5,331,1.955,1.942,79.2,3.2,2025-10-16 03:00:00,2025-10-16 04:56:31.949156802,0.005867069486404834,0.00695803038104555,0.9933503836317135
H1032,Housing,Aluminium,Assembly,M8,55,0.96,0.717,65.6,1.51,2025-10-16 05:00:00,2025-10-16 05:43:02.012199355,0.013036363636363636,0.011198530240163963,0.746875
H2499,Shaft,Steel,Turning,M4,410,3.58,3.334,70.9,2.79,2025-10-16 05:00:00,2025-10-16 08:20:01.150539442,0.008131707317073172,0.00941893282715499,0.9312849162011173
H734,Shaft,Steel,Cutting,M2,310,3.4,2.957,71.3,2.11,2025-10-16 05:00:00,2025-10-16 07:57:24.666223265,0.009538709677419354,0.011064196404949054,0.8697058823529411
H506,Valve,Titanium,Assembly,M7,496,6.252,6.745,58.6,2.22,2025-10-16 06:00:00,2025-10-16 12:44:40.322931617,0.013598790322580646,0.011012775508270154,1.078854766474728
H2608,Cover,Plastic,Cutting,M1,100,1.3,0.653,73.3,1.76,2025-10-16 06:00:00,2025-10-16 06:39:09.159478933,0.00653,0.00975450232638005,0.5023076923076923
H12,Bracket,Aluminium,Cutting,M1,137,1.67,1.142,75.8,2.57,2025-10-16 07:00:00,2025-10-16 08:08:29.660776709,0.008335766423357663,0.009742647538415418,0.6838323353293413
H2693,Housing,Aluminium,Cutting,M2,133,1.63,1.306,61.7,3.15,2025-10-16 08:00:00,2025-10-16 09:18:21.930932009,0.009819548872180452,0.01105778679685019,0.8012269938650307
H157,Gear,Steel,Cutting,M1,451,4.81,4.577,47.6,0.89,2025-10-16 08:00:00,2025-10-16 12:34:37.063726815,0.010148558758314856,0.00973749412773755,0.9515592515592516
H2983,Valve,Titanium,Drilling,M5,177,1.185,1.846,65.8,2.98,2025-10-16 23:00:00,2025-10-17 00:50:45.634522302,0.010429378531073447,0.006952002972787866,1.5578059071729957
H932,Cover,Plastic,Cutting,M1,383,4.13,2.15,54.8,3.39,2025-10-16 23:00:00,2025-10-17 01:09:00.552439593,0.005613577023498694,0.00973899436361557,0.5205811138014528
H2043,Gear,Steel,Assembly,M7,155,2.16,1.829,69.4,2.43,2025-10-16 23:00:00,2025-10-17 00:49:43.163091673,0.0118,0.011026105481539797,0.8467592592592592
H575,Gear,Steel,Turning,M4,265,2.42,2.209,67.4,2.97,2025-10-17 01:00:00,2025-10-17 03:12:31.177537100,0.008335849056603773,0.009411083891117906,0.912809917355372
H1767,Gear,Steel,Turning,M4,599,5.092,4.282,60.3,2.12,2025-10-17 01:00:00,2025-10-17 05:16:55.103938884,0.007148580968280468,0.009404567316363275,0.8409269442262373
H236,Gear,Steel,Turning,M4,349,3.092,3.302,73.8,3.0,2025-10-17 01:00:00,2025-10-17 04:18:07.883589186,0.00946131805157593,0.009390977037157957,1.0679172056921087
H1171,Bracket,Aluminium,Cutting,M2,492,5.22,4.263,79.2,1.82,2025-10-17 02:00:00,2025-10-17 06:15:48.093202389,0.008664634146341462,0.011052605885031487,0.8166666666666667
H2616,Housing,Aluminium,Cutting,M2,266,2.96,2.296,79.4,4.23,2025-10-17 03:00:00,2025-10-17 05:17:44.147586073,0.00863157894736842,0.011042656002786947,0.7756756756756756
H730,Valve,Titanium,Turning,M4,574,4.892,6.271,68.1,3.14,2025-10-17 03:00:00,2025-10-17 09:16:14.539026921,0.010925087108013936,0.009391398240837106,1.2818887980376124
H1835,Bracket,Aluminium,Assembly,M8,230,3.06,2.115,65.8,0.68,2025-10-17 04:00:00,2025-10-17 06:06:52.458399679,0.009195652173913044,0.01120711824668826,0.6911764705882354
H1129,Cover,Plastic,Assembly,M8,435,5.52,2.498,66.0,3.42,2025-10-17 06:00:00,2025-10-17 08:29:54.517886402,0.005742528735632185,0.011197762590535818,0.45253623188405806
H360,Housing,Aluminium,Turning,M4,164,1.612,1.263,66.8,2.5,2025-10-17 06:00:00,2025-10-17 07:15:46.299147255,0.007701219512195121,0.009400527341236968,0.7834987593052108
H524,Valve,Titanium,Cutting,M1,196,2.26,3.062,63.2,3.12,2025-10-17 06:00:00,2025-10-17 09:03:44.362311164,0.015622448979591835,0.009723992846015146,1.3548672566371682
H2959,Shaft,Steel,Cutting,M1,367,3.97,3.839,54.3,3.08,2025-10-17 08:00:00,2025-10-17 11:50:21.805584148,0.010460490463215259,0.009745364063890424,0.9670025188916876
H147,Shaft,Steel,Drilling,M6,457,2.585,2.362,75.3,2.83,2025-10-17 08:00:00,2025-10-17 10:21:42.711896167,0.005168490153172867,0.005392723998969961,0.9137330754352031
H1274,Valve,Titanium,Cutting,M1,173,2.03,3.041,81.3,2.08,2025-10-17 08:00:00,2025-10-17 11:02:26.634364560,0.017578034682080926,0.009747945747642497,1.4980295566502464
H1750,Bracket,Aluminium,Cutting,M2,100,1.3,0.879,56.0,1.6,2025-10-17 21:00:00,2025-10-17 21:52:45.379066347,0.00879,0.011032651533677326,0.6761538461538461
H1352,Shaft,Steel,Drilling,M5,384,2.22,2.583,60.4,2.08,2025-10-17 21:00:00,2025-10-17 23:34:57.449196496,0.006726562500000001,0.006971109431899326,1.1635135135135135
H1377,Bracket,Aluminium,Assembly,M7,305,3.96,2.85,49.1,2.5,2025-10-17 21:00:00,2025-10-17 23:51:01.466972097,0.009344262295081968,0.011030074171378055,0.7196969696969697
H2054,Valve,Titanium,Turning,M4,57,0.756,1.132,67.0,2.87,2025-10-17 22:00:00,2025-10-17 23:07:56.245219992,0.019859649122807015,0.009390472265325477,1.4973544973544972
H193,Bracket,Aluminium,Drilling,M5,473,2.665,2.209,55.8,3.07,2025-10-17 23:00:00,2025-10-18 01:12:31.770996395,0.004670190274841438,0.006969773109867089,0.8288930581613508
H1281,Shaft,Steel,Drilling,M6,169,1.145,0.981,69.2,3.1,2025-10-17 23:00:00,2025-10-17 23:58:50.083800931,0.005804733727810651,0.00539174051719015,0.856768558951965
H25,Housing,Aluminium,Turning,M3,120,1.26,0.862,72.5,1.03,2025-10-17 23:00:00,2025-10-17 23:51:42.412203211,0.007183333333333333,0.009000743450565464,0.6841269841269841
H2181,Housing,Aluminium,Turning,M4,92,1.036,0.874,62.9,4.53,2025-10-17 23:00:00,2025-10-17 23:52:25.100812093,0.0095,0.009452055658604781,0.8436293436293436
H173,Cover,Plastic,Assembly,M7,336,4.332,2.611,66.4,2.73,2025-10-18 00:00:00,2025-10-18 02:36:39.888024408,0.007770833333333334,0.011021473090376545,0.6027239150507849
H1074,Valve,Titanium,Assembly,M8,575,7.2,8.202,61.5,2.7,2025-10-18 01:00:00,2025-10-18 09:12:07.355362375,0.014264347826086956,0.011172506878244599,1.1391666666666667
H1296,Shaft,Steel,Cutting,M1,99,1.29,1.203,69.2,2.74,2025-10-18 01:00:00,2025-10-18 02:12:09.949355235,0.012151515151515153,0.009776111535176449,0.9325581395348838
H2962,Gear,Steel,Turning,M3,67,0.836,0.635,61.6,3.74,2025-10-18 05:00:00,2025-10-18 05:38:05.302228109,0.009477611940298508,0.008988786805057358,0.7595693779904307
H2672,Housing,Aluminium,Turning,M4,438,3.804,2.909,67.6,2.78,2025-10-18 05:00:00,2025-10-18 07:54:30.611001280,0.006641552511415525,0.00945233603487025,0.7647213459516299
H1606,Valve,Titanium,Turning,M3,569,4.852,5.365,50.7,1.67,2025-10-18 05:00:00,2025-10-18 10:21:54.939841039,0.009428822495606327,0.008991981740581809,1.1057295960428688
H2714,Bracket,Aluminium,Drilling,M6,433,2.465,1.551,67.3,2.36,2025-10-18 05:00:00,2025-10-18 06:33:03.590376213,0.003581986143187067,0.005393543980991986,0.62920892494929
H1262,Housing,Aluminium,Turning,M4,133,1.364,0.979,63.5,3.42,2025-10-18 06:00:00,2025-10-18 06:58:45.579664528,0.0073609022556390975,0.009435994270199002,0.7177419354838709
H1856,Housing,Aluminium,Turning,M4,307,2.756,1.948,70.2,3.07,2025-10-18 06:00:00,2025-10-18 07:56:51.194290184,0.006345276872964169,0.009423999518669754,0.7068214804063861
H452,Valve,Titanium,Assembly,M7,391,4.992,6.879,69.6,1.52,2025-10-18 06:00:00,2025-10-18 12:52:46.134941364,0.017593350383631714,0.01100497238094993,1.3780048076923077
H1414,Cover,Plastic,Assembly,M7,423,5.376,2.826,71.3,3.69,2025-10-18 07:00:00,2025-10-18 09:49:34.696448891,0.006680851063829788,0.01103824701732711,0.5256696428571428
H2339,Valve,Titanium,Assembly,M8,376,4.812,5.748,70.4,2.78,2025-10-18 07:00:00,2025-10-18 12:44:52.554050259,0.015287234042553192,0.011186754993211614,1.194513715710723
H1692,Housing,Aluminium,Cutting,M2,192,2.22,1.799,51.9,2.56,2025-10-18 08:00:00,2025-10-18 09:47:57.006930330,0.009369791666666667,0.011023384378579486,0.8103603603603603
H2531,Gear,Steel,Cutting,M1,499,5.29,5.796,45.4,1.63,2025-10-18 08:00:00,2025-10-18 13:47:45.651804197,0.011615230460921845,0.00978462552663286,1.0956521739130436
H1492,Bracket,Aluminium,Assembly,M8,345,4.44,3.067,67.1,1.73,2025-10-18 21:00:00,2025-10-19 00:03:59.522517678,0.008889855072463768,0.011205564530135199,0.6907657657657658
H2466,Cover,Plastic,Cutting,M2,179,2.09,1.244,60.6,3.15,2025-10-18 22:00:00,2025-10-18 23:14:38.702908857,0.006949720670391062,0.01101657947030001,0.5952153110047848
H716,Bracket,Aluminium,Cutting,M1,220,2.5,1.92,67.9,3.11,2025-10-18 22:00:00,2025-10-18 23:55:13.073845781,0.008727272727272728,0.009791163401398177,0.768
H2416,Cover,Plastic,Assembly,M7,542,6.804,3.379,64.0,2.15,2025-10-19 00:00:00,2025-10-19 03:22:44.673765869,0.006234317343173432,0.011016350555249233,0.4966196355085244
H2564,Shaft,Steel,Drilling,M5,145,1.025,1.162,63.1,2.77,2025-10-19 00:00:00,2025-10-19 01:09:44.374008560,0.008013793103448276,0.006957275377068035,1.133658536585366
H1925,Valve,Titanium,Assembly,M8,555,6.96,8.766,60.6,1.71,2025-10-19 01:00:00,2025-10-19 09:45:58.651336006,0.015794594594594594,0.011194990514346744,1.2594827586206896
H2837,Valve,Titanium,Assembly,M8,361,4.632,6.103,63.5,3.23,2025-10-19 01:00:00,2025-10-19 07:06:09.835718063,0.016905817174515236,0.011215897805620599,1.317573402417962
H1721,Gear,Steel,Turning,M3,190,1.82,1.622,72.4,2.06,2025-10-19 01:00:00,2025-10-19 02:37:17.434500372,0.008536842105263159,0.00899481836886119,0.8912087912087913
H1044,Bracket,Aluminium,Assembly,M7,90,1.38,0.967,55.6,1.59,2025-10-19 02:00:00,2025-10-19 02:58:02.680485768,0.010744444444444444,0.010992440389188856,0.7007246376811594
H208,Bracket,Aluminium,Assembly,M7,235,3.12,2.171,72.5,1.71,2025-10-19 03:00:00,2025-10-19 05:10:14.410563291,0.009238297872340425,0.010991206578518485,0.6958333333333333
H1748,Gear,Steel,Drilling,M5,533,2.965,3.128,69.2,2.87,2025-10-19 05:00:00,2025-10-19 08:07:41.595164710,0.005868667917448406,0.006962986283697118,1.054974704890388
H5,Bracket,Aluminium,Drilling,M5,417,2.385,1.939,65.9,3.55,2025-10-19 05:00:00,2025-10-19 06:56:19.224055649,0.004649880095923262,0.0069571028516205126,0.8129979035639414
H2307,Bracket,Aluminium,Drilling,M6,112,0.86,0.623,66.9,3.27,2025-10-19 05:00:00,2025-10-19 05:37:22.420045450,0.0055625,0.005385667642566747,0.7244186046511628
H2910,Bracket,Aluminium,Drilling,M5,397,2.285,1.87,67.8,2.35,2025-10-19 06:00:00,2025-10-19 07:52:10.382777137,0.004710327455919395,0.006944764762017854,0.8183807439824945
H2826,Shaft,Steel,Turning,M3,159,1.572,1.322,71.9,3.45,2025-10-19 06:00:00,2025-10-19 07:19:19.750098173,0.008314465408805032,0.008991863683289589,0.8409669211195929
H2838,Shaft,Steel,Turning,M3,132,1.356,1.201,70.0,2.82,2025-10-19 06:00:00,2025-10-19 07:12:03.586972692,0.009098484848484849,0.008987521386658278,0.8856932153392331
H705,Shaft,Steel,Cutting,M2,148,1.78,1.833,53.0,2.49,2025-10-19 08:00:00,2025-10-19 09:49:58.577973655,0.012385135135135134,0.010999912016202021,1.0297752808988763
H1504,Cover,Plastic,Drilling,M5,316,1.88,1.25,58.3,2.85,2025-10-19 21:00:00,2025-10-19 22:14:58.870660141,0.003955696202531646,0.006932879457198181,0.6648936170212766
H518,Bracket,Aluminium,Cutting,M2,394,4.24,4.308,73.5,1.72,2025-10-19 23:00:00,2025-10-20 03:18:29.759213894,0.010934010152284264,0.011005565988116034,1.0160377358490564
H713,Valve,Titanium,Drilling,M5,293,1.765,3.197,45.5,2.12,2025-10-20 04:00:00,2025-10-20 07:11:50.488434935,0.010911262798634812,0.006917127164845448,1.811331444759207
H623,Housing,Aluminium,Turning,M3,326,2.908,2.172,63.6,2.55,2025-10-20 05:00:00,2025-10-20 07:10:19.706234774,0.006662576687116565,0.008988228160300486,0.7469050894085283
H331,Valve,Titanium,Turning,M4,262,2.396,3.585,82.9,2.28,2025-10-20 05:00:00,2025-10-20 08:35:07.353496212,0.01368320610687023,0.009406305710361102,1.4962437395659434
H1345,Gear,Steel,Assembly,M7,496,6.252,5.485,60.5,2.94,2025-10-20 08:00:00,2025-10-20 13:29:07.017891147,0.011058467741935484,0.010982528812646315,0.8773192578374921
H1015,Shaft,Steel,Cutting,M1,35,0.65,0.564,65.3,2.08,2025-10-20 21:00:00,2025-10-20 21:33:52.176414054,0.016114285714285713,0.009787377313589902,0.8676923076923075
H1165,Cover,Plastic,Cutting,M1,271,3.01,1.863,78.4,1.92,2025-10-20 22:00:00,2025-10-20 23:51:46.399941205,0.0068745387453874535,0.00980981315898244,0.618936877076412
H603,Cover,Plastic,Cutting,M1,438,4.68,2.304,53.5,1.9,2025-10-20 22:00:00,2025-10-21 00:18:14.365373935,0.005260273972602739,0.009799441164588111,0.4923076923076923
H712,Bracket,Aluminium,Assembly,M8,598,7.476,5.481,54.2,2.75,2025-10-20 22:00:00,2025-10-21 03:28:52.843199147,0.009165551839464882,0.011241644047108808,0.7331460674157303
H1078,Valve,Titanium,Assembly,M8,234,3.108,3.956,54.1,3.68,2025-10-21 00:00:00,2025-10-21 03:57:20.069025919,0.016905982905982907,0.01123229228040771,1.2728442728442728
H1726,Cover,Plastic,Drilling,M5,432,2.46,1.634,58.3,1.68,2025-10-21 01:00:00,2025-10-21 02:38:02.457633229,0.003782407407407407,0.006938148931339076,0.6642276422764227
H1200,Bracket,Aluminium,Cutting,M1,243,2.73,1.996,73.4,1.86,2025-10-21 02:00:00,2025-10-21 03:59:44.036011849,0.008213991769547326,0.009783458181517742,0.7311355311355311
H1658,Housing,Aluminium,Cutting,M2,377,4.07,3.131,67.7,1.55,2025-10-21 03:00:00,2025-10-21 06:07:53.278108817,0.008305039787798408,0.011005275110734606,0.7692874692874692
H962,Bracket,Aluminium,Assembly,M8,106,1.572,1.141,55.4,4.09,2025-10-21 03:00:00,2025-10-21 04:08:25.923788197,0.010764150943396226,0.011257734839266792,0.7258269720101781
H324,Shaft,Steel,Cutting,M1,591,6.21,5.468,54.8,4.01,2025-10-21 03:00:00,2025-10-21 08:28:05.110133563,0.009252115059221659,0.009777951281826616,0.8805152979066022
H132,Gear,Steel,Assembly,M7,497,6.264,6.247,62.9,1.95,2025-10-21 04:00:00,2025-10-21 10:14:47.525344261,0.012569416498993964,0.01098290289604183,0.9972860791826309
H1320,Cover,Plastic,Drilling,M5,388,2.24,1.446,68.9,1.51,2025-10-21 04:00:00,2025-10-21 05:26:46.136132484,0.00372680412371134,0.006921626724407496,0.6455357142857142
H1622,Shaft,Steel,Turning,M4,303,2.724,2.543,75.1,3.37,2025-10-21 06:00:00,2025-10-21 08:32:34.508877989,0.008392739273927393,0.009430745141198295,0.9335535976505139
H180,Bracket,Aluminium,Drilling,M6,568,3.14,2.076,65.2,2.33,2025-10-21 06:00:00,2025-10-21 08:04:33.078884158,0.003654929577464789,0.005386433150607583,0.6611464968152866
H771,Cover,Plastic,Assembly,M7,159,2.208,1.207,62.3,3.16,2025-10-21 06:00:00,2025-10-21 07:12:23.570560053,0.0075911949685534596,0.01099067992350728,0.5466485507246377
H2782,Gear,Steel,Drilling,M6,199,1.295,0.899,64.3,1.55,2025-10-21 07:00:00,2025-10-21 07:53:56.676296759,0.004517587939698493,0.00537896977313714,0.6942084942084943
H2387,Housing,Aluminium,Cutting,M1,117,1.47,1.235,77.5,1.33,2025-10-21 07:00:00,2025-10-21 08:14:06.368297573,0.010555555555555556,0.00977611269363569,0.8401360544217688
H1240,Bracket,Aluminium,Cutting,M1,429,4.59,3.223,70.2,2.09,2025-10-21 07:00:00,2025-10-21 10:13:23.823854773,0.0075128205128205125,0.009778828522422867,0.7021786492374728
H1251,Gear,Steel,Cutting,M2,505,5.35,5.435,68.8,3.63,2025-10-21 07:00:00,2025-10-21 12:26:06.580872779,0.010762376237623762,0.010994342983921098,1.0158878504672897
H995,Gear,Steel,Drilling,M6,578,3.19,3.099,58.2,2.1,2025-10-21 08:00:00,2025-10-21 11:05:57.370833039,0.005361591695501731,0.005375272855397061,0.971473354231975
H941,Valve,Titanium,Cutting,M1,187,2.17,3.067,64.2,3.22,2025-10-21 08:00:00,2025-10-21 11:04:00.555733135,0.016401069518716577,0.009770960439056193,1.4133640552995392
H1940,Bracket,Aluminium,Cutting,M1,484,5.14,3.475,57.8,2.69,2025-10-21 23:00:00,2025-10-22 02:28:31.283782723,0.0071797520661157025,0.009793901992965053,0.6760700389105059
H2340,Housing,Aluminium,Cutting,M2,319,3.49,2.911,56.3,1.42,2025-10-22 00:00:00,2025-10-22 02:54:37.917947720,0.00912539184952978,0.01099340763413764,0.8340974212034383
H287,Bracket,Aluminium,Cutting,M1,488,5.18,3.526,61.1,1.05,2025-10-22 00:00:00,2025-10-22 03:31:32.980397755,0.007225409836065573,0.00978488768287247,0.6806949806949807
H1081,Bracket,Aluminium,Cutting,M2,549,5.79,5.322,61.4,1.53,2025-10-22 00:00:00,2025-10-22 05:19:18.155559246,0.009693989071038252,0.010985905562713512,0.9191709844559586
H1992,Housing,Aluminium,Assembly,M8,280,3.66,2.484,66.1,2.03,2025-10-22 00:00:00,2025-10-22 02:29:04.172795985,0.008871428571428572,0.011255531339731655,0.6786885245901639
H480,Shaft,Steel,Turning,M4,431,3.748,3.774,61.7,2.04,2025-10-22 02:00:00,2025-10-22 05:46:26.249006117,0.008756380510440835,0.009424847380588802,1.0069370330843115
H74,Housing,Aluminium,Assembly,M8,359,4.608,3.274,65.1,2.7,2025-10-22 02:00:00,2025-10-22 05:16:25.896149884,0.009119777158774373,0.011244935327428086,0.7105034722222223
H2364,Gear,Steel,Cutting,M2,135,1.65,1.809,61.0,1.64,2025-10-22 02:00:00,2025-10-22 03:48:32.711714751,0.013399999999999999,0.010980737896746811,1.0963636363636364
H1192,Housing,Aluminium,Turning,M3,367,3.236,2.21,51.0,1.44,2025-10-22 02:00:00,2025-10-22 04:12:37.517954189,0.006021798365122615,0.008973508847179068,0.6829419035846723
H210,Shaft,Steel,Drilling,M5,162,1.11,1.381,56.5,2.46,2025-10-22 03:00:00,2025-10-22 04:22:51.603470419,0.00852469135802469,0.006904987023362203,1.244144144144144
H290,Valve,Titanium,Cutting,M1,178,2.08,2.778,65.5,1.47,2025-10-22 04:00:00,2025-10-22 06:46:40.950842998,0.015606741573033708,0.009776092226354232,1.335576923076923
H1417,Shaft,Steel,Drilling,M5,343,2.015,2.317,71.9,2.12,2025-10-22 05:00:00,2025-10-22 07:19:02.959761854,0.006755102040816327,0.00691337927380087,1.1498759305210917
H1838,Shaft,Steel,Cutting,M2,174,2.04,2.237,58.5,2.19,2025-10-22 06:00:00,2025-10-22 08:14:13.180065843,0.01285632183908046,0.010990376391182083,1.0965686274509805
H143,Bracket,Aluminium,Drilling,M5,133,0.965,0.823,57.6,3.69,2025-10-22 06:00:00,2025-10-22 06:49:21.695699484,0.00618796992481203,0.0069125634117751765,0.8528497409326424
H1365,Bracket,Aluminium,Drilling,M5,394,2.27,2.321,70.7,3.11,2025-10-22 07:00:00,2025-10-22 09:19:17.396163570,0.005890862944162437,0.006908847547739468,1.022466960352423
H2216,Bracket,Aluminium,Cutting,M1,40,0.7,0.555,67.6,1.65,2025-10-22 07:00:00,2025-10-22 07:33:16.347958926,0.013875000000000002,0.009796060203568888,0.7928571428571429
H1451,Bracket,Aluminium,Cutting,M2,114,1.44,1.053,73.3,2.36,2025-10-22 08:00:00,2025-10-22 09:03:11.447728859,0.009236842105263158,0.010997780936610252,0.73125
H2014,Shaft,Steel,Cutting,M1,370,4.0,3.113,64.9,2.6,2025-10-22 08:00:00,2025-10-22 11:06:47.640001649,0.008413513513513514,0.009809981499802441,0.77825
H404,Housing,Aluminium,Assembly,M8,126,1.812,1.362,61.2,2.37,2025-10-22 08:00:00,2025-10-22 09:21:43.675928412,0.01080952380952381,0.011235531972699529,0.7516556291390729
H1330,Bracket,Aluminium,Drilling,M6,462,2.61,1.696,63.7,2.26,2025-10-22 21:00:00,2025-10-22 22:41:44.865148035,0.0036709956709956707,0.005375214388901781,0.649808429118774
H2142,Bracket,Aluminium,Drilling,M5,73,0.665,0.643,63.0,2.41,2025-10-22 21:00:00,2025-10-22 21:38:35.455365339,0.008808219178082192,0.006903653748741626,0.9669172932330827
H2485,Cover,Plastic,Drilling,M6,201,1.305,0.661,74.2,3.34,2025-10-22 22:00:00,2025-10-22 22:39:40.915998535,0.0032885572139303484,0.0053679623943575,0.5065134099616859
H1868,Housing,Aluminium,Cutting,M1,197,2.27,1.559,58.0,3.06,2025-10-22 23:00:00,2025-10-23 00:33:31.796765639,0.007913705583756345,0.009805231608692615,0.686784140969163
H2703,Housing,Aluminium,Cutting,M1,324,3.54,2.665,67.7,4.19,2025-10-22 23:00:00,2025-10-23 01:39:54.118297597,0.008225308641975309,0.009798819656065712,0.7528248587570622
H2108,Shaft,Steel,Drilling,M5,470,2.65,3.102,66.3,3.11,2025-10-22 23:00:00,2025-10-23 02:06:06.632824020,0.0066,0.006913321593560614,1.170566037735849
H2393,Shaft,Steel,Cutting,M1,463,4.93,4.623,61.3,3.42,2025-10-23 00:00:00,2025-10-23 04:37:22.214568969,0.00998488120950324,0.009793503740477568,0.9377281947261664
H2925,Housing,Aluminium,Turning,M4,365,3.22,2.255,75.9,3.75,2025-10-23 00:00:00,2025-10-23 02:15:17.394539127,0.006178082191780822,0.009421070731604916,0.7003105590062111
H1259,Gear,Steel,Assembly,M8,181,2.472,2.03,68.0,2.88,2025-10-23 02:00:00,2025-10-23 04:01:48.587960026,0.011215469613259667,0.011233655284756025,0.8211974110032362
H1279,Cover,Plastic,Drilling,M6,432,2.46,1.127,78.9,2.07,2025-10-23 03:00:00,2025-10-23 04:07:36.181911271,0.002608796296296296,0.005359151355457384,0.458130081300813
H2954,Bracket,Aluminium,Cutting,M1,565,5.95,4.831,65.3,2.09,2025-10-23 03:00:00,2025-10-23 07:49:53.302526032,0.008550442477876107,0.009794148109060147,0.8119327731092437
H985,Housing,Aluminium,Assembly,M8,526,6.612,5.369,66.8,2.55,2025-10-23 05:00:00,2025-10-23 10:22:09.052346603,0.01020722433460076,0.011233575523038936,0.8120084694494857
H2651,Housing,Aluminium,Cutting,M1,393,4.23,3.091,67.8,3.79,2025-10-23 05:00:00,2025-10-23 08:05:26.910509737,0.007865139949109414,0.00978997460023067,0.7307328605200946
H1826,Cover,Plastic,Assembly,M7,206,2.772,1.385,63.3,2.25,2025-10-23 05:00:00,2025-10-23 06:23:05.536075272,0.0067233009708737865,0.010974097070068483,0.49963924963924966
H1028,Housing,Aluminium,Assembly,M7,148,2.076,1.637,69.9,2.63,2025-10-23 05:00:00,2025-10-23 06:38:14.609794110,0.011060810810810812,0.01095346213754812,0.7885356454720617
H14,Housing,Aluminium,Cutting,M1,377,4.07,2.511,68.8,2.4,2025-10-23 06:00:00,2025-10-23 08:30:39.755632427,0.006660477453580903,0.009783537026146651,0.6169533169533169
H2029,Housing,Aluminium,Assembly,M7,101,1.512,1.133,60.8,2.15,2025-10-23 07:00:00,2025-10-23 08:07:59.143016250,0.011217821782178217,0.010953980730172577,0.7493386243386243
H273,Bracket,Aluminium,Cutting,M2,376,4.06,2.801,54.3,3.12,2025-10-23 08:00:00,2025-10-23 10:48:04.404393515,0.007449468085106384,0.010990820704075283,0.6899014778325124
H2518,Gear,Steel,Turning,M3,244,2.252,1.721,61.6,2.05,2025-10-23 08:00:00,2025-10-23 09:43:14.786803107,0.00705327868852459,0.008954944630310789,0.7642095914742453
H707,Shaft,Steel,Drilling,M6,485,2.725,2.529,65.2,0.34,2025-10-23 22:00:00,2025-10-24 00:31:45.470594832,0.0052144329896907215,0.005347546481790038,0.9280733944954128
H719,Valve,Titanium,Assembly,M7,170,2.34,3.101,80.9,2.16,2025-10-23 22:00:00,2025-10-24 01:06:04.321571554,0.018241176470588236,0.010955249196768758,1.3252136752136754
H2981,Cover,Plastic,Cutting,M1,268,2.98,1.641,55.6,2.43,2025-10-24 01:00:00,2025-10-24 02:38:25.997948475,0.006123134328358209,0.009773126827571433,0.5506711409395973
H2271,Cover,Plastic,Assembly,M7,313,4.056,2.061,70.6,2.28,2025-10-24 02:00:00,2025-10-24 04:03:38.464978961,0.006584664536741214,0.01099011009281574,0.5081360946745562
H2294,Cover,Plastic,Drilling,M5,124,0.92,0.664,76.6,2.4,2025-10-24 02:00:00,2025-10-24 02:39:50.943337201,0.00535483870967742,0.006911739161269904,0.7217391304347827
H2701,Valve,Titanium,Cutting,M2,357,3.87,5.927,53.9,2.97,2025-10-24 02:00:00,2025-10-24 07:55:35.749116543,0.016602240896358544,0.010976878370929736,1.5315245478036175
H732,Bracket,Aluminium,Assembly,M8,443,5.616,4.344,63.4,2.03,2025-10-24 02:00:00,2025-10-24 06:20:38.957407687,0.0098058690744921,0.01122909364011999,0.7735042735042736
H660,Valve,Titanium,Drilling,M5,105,0.825,1.543,58.6,2.77,2025-10-24 02:00:00,2025-10-24 03:32:33.886520461,0.014695238095238095,0.006903915540910142,1.8703030303030304
H589,Valve,Titanium,Cutting,M2,308,3.38,5.032,65.7,0.63,2025-10-24 03:00:00,2025-10-24 08:01:55.280858864,0.01633766233766234,0.010998938616127496,1.4887573964497043
H708,Gear,Steel,Cutting,M2,353,3.83,3.941,59.6,1.95,2025-10-24 03:00:00,2025-10-24 06:56:28.997789503,0.011164305949008498,0.011019793005664741,1.028981723237598
H828,Cover,Plastic,Cutting,M1,158,1.88,1.083,66.9,2.92,2025-10-24 03:00:00,2025-10-24 04:04:57.446055697,0.0068544303797468354,0.009761000606643816,0.576063829787234
H927,Shaft,Steel,Drilling,M6,215,1.375,1.246,72.7,3.66,2025-10-24 04:00:00,2025-10-24 05:14:46.401401074,0.005795348837209302,0.005346987181403066,0.9061818181818182
H819,Gear,Steel,Turning,M4,464,4.012,3.567,53.2,1.7,2025-10-24 04:00:00,2025-10-24 07:33:59.596460951,0.007687500000000001,0.00940285169486433,0.8890827517447658
H1747,Valve,Titanium,Drilling,M6,96,0.78,1.066,66.4,2.08,2025-10-24 04:00:00,2025-10-24 05:03:58.614204133,0.011104166666666667,0.005348863171594724,1.3666666666666667
H2327,Valve,Titanium,Drilling,M5,514,2.87,4.54,67.5,2.51,2025-10-24 06:00:00,2025-10-24 10:32:25.070557927,0.008832684824902725,0.006942872153681782,1.5818815331010452
H146,Gear,Steel,Assembly,M8,77,1.224,0.905,54.0,1.05,2025-10-24 07:00:00,2025-10-24 07:54:17.166659409,0.011753246753246753,0.011222905707225957,0.7393790849673203
H1764,Shaft,Steel,Drilling,M6,270,1.65,1.648,60.5,2.38,2025-10-24 07:00:00,2025-10-24 08:38:52.500089434,0.006103703703703703,0.005372843602824191,0.9987878787878788
H1897,Cover,Plastic,Cutting,M2,145,1.75,1.135,55.3,1.48,2025-10-24 08:00:00,2025-10-24 09:08:06.879912501,0.007827586206896551,0.011020355312837286,0.6485714285714286
H247,Valve,Titanium,Assembly,M7,594,7.428,8.405,68.9,2.29,2025-10-24 21:00:00,2025-10-25 05:24:16.521885053,0.014149831649831648,0.010969131780643957,1.1315293484114162
H1640,Housing,Aluminium,Assembly,M7,433,5.496,4.083,77.2,2.81,2025-10-24 21:00:00,2025-10-25 01:04:58.694190794,0.009429561200923788,0.010984206187606933,0.7429039301310043
H1667,Bracket,Aluminium,Drilling,M6,134,0.97,0.69,66.6,3.47,2025-10-24 23:00:00,2025-10-24 23:41:23.433541513,0.005149253731343283,0.005375876217350662,0.7113402061855669
H953,Valve,Titanium,Cutting,M2,75,1.05,1.604,66.6,1.39,2025-10-24 23:00:00,2025-10-25 00:36:13.037985448,0.02138666666666667,0.01100798023878325,1.5276190476190477
H2020,Valve,Titanium,Turning,M3,179,1.732,2.34,72.2,3.05,2025-10-24 23:00:00,2025-10-25 01:20:22.465885207,0.013072625698324021,0.008943059218174624,1.3510392609699768
H2166,Housing,Aluminium,Turning,M4,154,1.532,1.134,64.9,2.08,2025-10-24 23:00:00,2025-10-25 00:08:02.637855582,0.007363636363636363,0.00939326872450196,0.7402088772845952
H499,Cover,Plastic,Drilling,M6,567,3.135,1.599,70.2,2.36,2025-10-25 00:00:00,2025-10-25 01:35:57.856950428,0.00282010582010582,0.005374939760796913,0.5100478468899522
H346,Gear,Steel,Turning,M4,325,2.9,2.476,46.0,2.07,2025-10-25 01:00:00,2025-10-25 03:28:31.870604831,0.007618461538461538,0.009381992989163819,0.8537931034482759
H1142,Housing,Aluminium,Turning,M4,590,5.02,3.868,62.1,1.37,2025-10-25 01:00:00,2025-10-25 04:52:04.166248820,0.006555932203389831,0.00937224972148038,0.7705179282868526
H1400,Cover,Plastic,Cutting,M1,139,1.69,0.827,55.4,2.61,2025-10-25 01:00:00,2025-10-25 01:49:37.707845750,0.005949640287769784,0.009751376201918991,0.4893491124260355
H2358,Cover,Plastic,Assembly,M8,85,1.32,0.791,86.5,2.2,2025-10-25 02:00:00,2025-10-25 02:47:26.325179231,0.009305882352941178,0.01122520155591003,0.5992424242424242
H2977,Bracket,Aluminium,Drilling,M5,407,2.335,2.365,73.9,2.37,2025-10-25 02:00:00,2025-10-25 04:21:55.377642227,0.005810810810810811,0.006952274206772433,1.0128479657387581
H1496,Shaft,Steel,Turning,M4,122,1.276,1.062,63.1,1.88,2025-10-25 05:00:00,2025-10-25 06:03:43.944081248,0.008704918032786885,0.009356775449402959,0.8322884012539186
H535,Housing,Aluminium,Cutting,M1,162,1.92,1.446,57.6,3.75,2025-10-25 05:00:00,2025-10-25 06:26:46.715324887,0.008925925925925926,0.009738829218703976,0.753125
H1843,Valve,Titanium,Assembly,M8,230,3.06,4.544,71.4,2.76,2025-10-25 05:00:00,2025-10-25 09:32:39.588638672,0.019756521739130433,0.011216928628311026,1.4849673202614377
H882,Housing,Aluminium,Assembly,M8,339,4.368,3.357,61.2,1.82,2025-10-25 06:00:00,2025-10-25 09:21:25.325576153,0.009902654867256638,0.011253579242520552,0.7685439560439561
H329,Valve,Titanium,Turning,M3,481,4.148,6.251,80.5,2.51,2025-10-25 07:00:00,2025-10-25 13:15:02.411876382,0.012995841995841997,0.00896870869941779,1.5069913211186117
H2436,Housing,Aluminium,Cutting,M1,280,3.1,2.056,60.1,1.18,2025-10-25 21:00:00,2025-10-25 23:03:21.741949991,0.007342857142857143,0.009736155194714576,0.6632258064516129
H2446,Cover,Plastic,Drilling,M6,472,2.66,1.331,76.1,2.17,2025-10-25 22:00:00,2025-10-25 23:19:52.745297168,0.002819915254237288,0.005364426040876373,0.500375939849624
H709,Gear,Steel,Cutting,M1,355,3.85,3.121,68.7,3.13,2025-10-25 22:00:00,2025-10-26 01:07:15.828279873,0.008791549295774647,0.009728308315856027,0.8106493506493506
H1719,Gear,Steel,Cutting,M1,344,3.74,3.12,73.2,3.08,2025-10-25 22:00:00,2025-10-26 01:07:12.025530582,0.009069767441860466,0.009725247011868832,0.8342245989304813
H1135,Shaft,Steel,Drilling,M5,374,2.17,2.292,69.7,2.23,2025-10-25 22:00:00,2025-10-26 00:17:32.440168063,0.006128342245989305,0.006946623397881534,1.056221198156682
H2542,Housing,Aluminium,Cutting,M1,304,3.34,2.507,66.4,1.36,2025-10-25 23:00:00,2025-10-26 01:30:25.822847373,0.00824671052631579,0.009723111899262941,0.7505988023952096
H1106,Bracket,Aluminium,Assembly,M7,87,1.344,0.898,59.1,2.87,2025-10-25 23:00:00,2025-10-25 23:53:52.344538853,0.01032183908045977,0.01097687295653767,0.6681547619047619
H974,Valve,Titanium,Turning,M3,148,1.484,1.911,72.6,2.29,2025-10-26 00:00:00,2025-10-26 01:54:40.143743125,0.012912162162162162,0.00899356754692658,1.2877358490566038
H2576,Cover,Plastic,Cutting,M2,286,3.16,1.815,58.3,1.94,2025-10-26 01:00:00,2025-10-26 02:48:54.034601560,0.006346153846153846,0.011048052387153458,0.5743670886075949
H1455,Gear,Steel,Turning,M4,321,2.868,2.675,66.6,0.78,2025-10-26 02:00:00,2025-10-26 04:40:30.567026094,0.008333333333333333,0.009353213387017079,0.9327057182705718
H957,Cover,Plastic,Drilling,M6,369,2.145,0.972,63.8,2.99,2025-10-26 03:00:00,2025-10-26 03:58:18.665674412,0.0026341463414634144,0.005353997717980311,0.45314685314685316
H2226,Bracket,Aluminium,Drilling,M5,499,2.795,2.229,66.2,2.77,2025-10-26 03:00:00,2025-10-26 05:13:45.134138613,0.004466933867735471,0.006942592456246597,0.797495527728086
H2203,Valve,Titanium,Drilling,M6,30,0.45,0.538,62.9,1.45,2025-10-26 03:00:00,2025-10-26 03:32:17.638615406,0.017933333333333336,0.005342896283790446,1.1955555555555557
H1682,Cover,Plastic,Cutting,M1,561,5.91,3.045,75.4,2.21,2025-10-26 04:00:00,2025-10-26 07:02:43.228930254,0.005427807486631016,0.009718318388311815,0.515228426395939
H1207,Bracket,Aluminium,Drilling,M5,38,0.49,0.42,60.1,2.68,2025-10-26 06:00:00,2025-10-26 06:25:13.093467874,0.011052631578947368,0.006930456874930367,0.8571428571428571
H1604,Gear,Steel,Assembly,M7,403,5.136,4.63,69.1,3.01,2025-10-26 06:00:00,2025-10-26 10:37:49.164942454,0.011488833746898262,0.01097379768012416,0.9014797507788161
H803,Shaft,Steel,Turning,M3,254,2.332,2.161,63.1,2.51,2025-10-26 07:00:00,2025-10-26 09:09:39.768676717,0.008507874015748032,0.009017608004688761,0.9266723842195541
H2153,Bracket,Aluminium,Drilling,M5,218,1.39,1.357,70.5,1.8,2025-10-26 21:00:00,2025-10-26 22:21:25.427309222,0.006224770642201834,0.006950565044218254,0.9762589928057555
H449,Housing,Aluminium,Cutting,M2,139,1.69,1.408,60.0,3.35,2025-10-26 22:00:00,2025-10-26 23:24:28.926633291,0.010129496402877696,0.011029968161995767,0.8331360946745562
H160,Valve,Titanium,Assembly,M8,128,1.836,2.063,57.3,2.54,2025-10-26 23:00:00,2025-10-27 01:03:46.230839983,0.0161171875,0.01124780606142968,1.1236383442265796
H1917,Valve,Titanium,Turning,M3,103,1.124,1.392,69.0,2.07,2025-10-26 23:00:00,2025-10-27 00:23:29.422186958,0.013514563106796116,0.009014499870609856,1.2384341637010674
H1961,Valve,Titanium,Assembly,M8,262,3.444,4.92,50.7,1.08,2025-10-27 00:00:00,2025-10-27 04:55:12.613220540,0.018778625954198474,0.011268526833508702,1.4285714285714286
H2295,Bracket,Aluminium,Cutting,M1,216,2.46,1.711,54.6,2.41,2025-10-27 01:00:00,2025-10-27 02:42:39.265873405,0.007921296296296296,0.009704433239762686,0.6955284552845529
H2896,Gear,Steel,Cutting,M1,580,6.1,5.136,77.5,1.67,2025-10-27 01:00:00,2025-10-27 06:08:10.846084376,0.008855172413793104,0.009698681185106342,0.8419672131147542
H1706,Bracket,Aluminium,Drilling,M6,191,1.255,0.864,64.2,2.29,2025-10-27 02:00:00,2025-10-27 02:51:49.655869518,0.004523560209424083,0.005394076922203222,0.6884462151394423
H1431,Bracket,Aluminium,Cutting,M1,257,2.87,1.748,53.0,2.92,2025-10-27 02:00:00,2025-10-27 03:44:53.099487274,0.006801556420233463,0.009695968938253245,0.6090592334494773
H659,Valve,Titanium,Cutting,M2,334,3.64,5.322,67.3,3.4,2025-10-27 03:00:00,2025-10-27 08:19:20.058657059,0.015934131736526948,0.0110265180786275,1.462087912087912
H775,Bracket,Aluminium,Cutting,M1,554,5.84,4.802,63.7,4.01,2025-10-27 05:00:00,2025-10-27 09:48:05.897218090,0.008667870036101082,0.009686691975054463,0.8222602739726027
H511,Gear,Steel,Cutting,M1,479,5.09,4.699,80.0,1.96,2025-10-27 05:00:00,2025-10-27 09:41:57.175012982,0.009810020876826721,0.009683436952885283,0.9231827111984283
H2780,Valve,Titanium,Turning,M3,253,2.324,2.978,70.9,1.8,2025-10-27 06:00:00,2025-10-27 08:58:39.008701221,0.011770750988142294,0.009041772981132196,1.2814113597246128
H1711,Cover,Plastic,Assembly,M8,319,4.128,2.39,81.9,1.03,2025-10-27 07:00:00,2025-10-27 09:23:24.516710014,0.007492163009404389,0.01130034928740993,0.5789728682170543
H168,Bracket,Aluminium,Assembly,M8,43,0.816,0.577,59.1,3.23,2025-10-27 08:00:00,2025-10-27 08:34:36.031604565,0.01341860465116279,0.01128428099087826,0.7071078431372549
H1727,Gear,Steel,Cutting,M2,487,5.17,5.002,75.3,2.96,2025-10-27 08:00:00,2025-10-27 13:00:05.900930687,0.010271047227926077,0.011045249428466809,0.9675048355899419
H2011,Shaft,Steel,Drilling,M6,223,1.415,1.104,66.7,2.03,2025-10-27 21:00:00,2025-10-27 22:06:15.974940954,0.004950672645739911,0.005390552563042173,0.7802120141342757
H2794,Gear,Steel,Drilling,M6,134,0.97,0.818,72.8,2.86,2025-10-27 22:00:00,2025-10-27 22:49:05.484529189,0.006104477611940298,0.005388778853698212,0.843298969072165
H1355,Shaft,Steel,Turning,M4,301,2.708,2.521,63.3,2.77,2025-10-27 22:00:00,2025-10-28 00:31:16.849749883,0.008375415282392027,0.009347670560638363,0.9309453471196454
H1611,Shaft,Steel,Drilling,M5,415,2.375,2.87,87.1,1.34,2025-10-27 23:00:00,2025-10-28 01:52:13.642434255,0.00691566265060241,0.006947041770422057,1.208421052631579
H2725,Cover,Plastic,Cutting,M1,227,2.57,1.442,57.3,4.16,2025-10-27 23:00:00,2025-10-28 00:26:30.278999860,0.006352422907488987,0.009683840086401021,0.5610894941634241
H552,Shaft,Steel,Drilling,M6,595,3.275,3.036,65.4,1.76,2025-10-28 00:00:00,2025-10-28 03:02:09.370180747,0.005102521008403362,0.005391653145899988,0.9270229007633588
H1359,Valve,Titanium,Drilling,M6,60,0.6,0.816,73.1,2.43,2025-10-28 00:00:00,2025-10-28 00:48:55.823219685,0.0136,0.005390496617350001,1.3599999999999999
H1253,Gear,Steel,Assembly,M8,315,4.08,3.465,56.1,4.54,2025-10-28 01:00:00,2025-10-28 04:27:55.014436822,0.011,0.011293248737350046,0.8492647058823529
H1103,Shaft,Steel,Turning,M3,118,1.244,0.996,66.3,2.4,2025-10-28 04:00:00,2025-10-28 04:59:46.090662505,0.008440677966101694,0.00905821260768045,0.8006430868167203
H35,Valve,Titanium,Assembly,M7,312,4.044,4.987,62.5,1.9,2025-10-28 04:00:00,2025-10-28 08:59:12.395422914,0.01598397435897436,0.010976204390716563,1.2331849653808111
H2638,Housing,Aluminium,Cutting,M2,262,2.92,2.246,65.0,2.77,2025-10-28 04:00:00,2025-10-28 06:14:43.934885184,0.008572519083969466,0.011042305693863993,0.7691780821917809
H2257,Shaft,Steel,Cutting,M2,320,3.5,4.063,64.8,1.68,2025-10-28 07:00:00,2025-10-28 11:03:45.330051815,0.012696875,0.011032950441553786,1.1608571428571428
H910,Shaft,Steel,Cutting,M1,149,1.79,1.428,71.9,1.04,2025-10-28 08:00:00,2025-10-28 09:25:42.281978351,0.009583892617449664,0.00967326415884892,0.7977653631284916
H1831,Shaft,Steel,Turning,M4,217,2.036,2.035,71.1,3.11,2025-10-28 08:00:00,2025-10-28 10:02:05.376073944,0.009377880184331798,0.009342415126701897,0.9995088408644401
H1132,Valve,Titanium,Drilling,M6,473,2.665,3.759,77.0,2.52,2025-10-28 22:00:00,2025-10-29 01:45:31.406275801,0.007947145877378435,0.0054232038021414354,1.4105065666041274
H2650,Cover,Plastic,Drilling,M6,239,1.495,0.704,60.7,2.19,2025-10-28 23:00:00,2025-10-28 23:42:15.143029666,0.0029456066945606693,0.005433219445297137,0.47090301003344476
H1031,Housing,Aluminium,Cutting,M1,547,5.77,4.6,62.0,3.22,2025-10-29 00:00:00,2025-10-29 04:35:58.669581642,0.008409506398537476,0.009672981337515377,0.7972270363951474
H1071,Shaft,Steel,Turning,M4,45,0.66,0.573,62.4,3.26,2025-10-29 02:00:00,2025-10-29 02:34:23.035026160,0.012733333333333333,0.009342605799054746,0.868181818181818
H815,Gear,Steel,Cutting,M1,386,4.16,4.07,89.0,1.64,2025-10-29 03:00:00,2025-10-29 07:04:11.994012972,0.010544041450777203,0.009668995612155826,0.9783653846153847
H1761,Gear,Steel,Turning,M4,167,1.636,1.4,65.5,3.99,2025-10-29 03:00:00,2025-10-29 04:24:00.042153717,0.008383233532934131,0.009360738031858374,0.8557457212713936
H1497,Bracket,Aluminium,Assembly,M7,183,2.496,2.088,68.5,2.6,2025-10-29 04:00:00,2025-10-29 06:05:16.485248094,0.011409836065573772,0.010999496344057296,0.8365384615384616
H1439,Valve,Titanium,Drilling,M6,287,1.735,2.517,63.7,2.06,2025-10-29 05:00:00,2025-10-29 07:31:02.330431556,0.008770034843205574,0.005423386983831776,1.4507204610951008
H2611,Housing,Aluminium,Cutting,M2,442,4.72,3.515,53.6,2.11,2025-10-29 05:00:00,2025-10-29 08:30:53.332579686,0.007952488687782805,0.011039229402151697,0.7447033898305085
H2105,Gear,Steel,Turning,M4,318,2.844,2.32,78.2,2.94,2025-10-29 06:00:00,2025-10-29 08:19:11.884656447,0.007295597484276729,0.00935553853984282,0.8157524613220816
H2657,Valve,Titanium,Assembly,M7,497,6.264,8.231,71.4,3.49,2025-10-29 21:00:00,2025-10-30 05:13:52.483839088,0.016561368209255533,0.011001396064990244,1.3140166028097062
H167,Cover,Plastic,Drilling,M5,268,1.64,1.072,68.4,2.85,2025-10-29 21:00:00,2025-10-29 22:04:19.357055561,0.004,0.006946890180471238,0.6536585365853659
H2297,Gear,Steel,Drilling,M5,575,3.175,3.542,70.2,2.51,2025-10-29 21:00:00,2025-10-30 00:32:30.363328654,0.00616,0.0069327224392189725,1.1155905511811024
H1161,Valve,Titanium,Assembly,M7,447,5.664,7.82,56.0,1.96,2025-10-29 22:00:00,2025-10-30 05:49:13.605283595,0.01749440715883669,0.011027018056438471,1.3806497175141244
H666,Housing,Aluminium,Cutting,M2,291,3.21,2.57,59.2,2.02,2025-10-29 22:00:00,2025-10-30 00:34:12.381390491,0.008831615120274914,0.011027625113751813,0.8006230529595015
H739,Housing,Aluminium,Cutting,M1,400,4.3,3.675,63.8,2.27,2025-10-30 00:00:00,2025-10-30 03:40:29.162268716,0.0091875,0.009671747328629477,0.8546511627906976
H2342,Housing,Aluminium,Cutting,M2,159,1.89,1.883,76.1,0.87,2025-10-30 01:00:00,2025-10-30 02:52:57.306647496,0.011842767295597485,0.011019400357221936,0.9962962962962963
H1585,Gear,Steel,Cutting,M2,93,1.23,1.389,68.6,2.29,2025-10-30 01:00:00,2025-10-30 02:23:20.183986139,0.014935483870967742,0.011022472621917368,1.129268292682927
H1278,Valve,Titanium,Assembly,M7,357,4.584,5.403,51.6,2.22,2025-10-30 04:00:00,2025-10-30 09:24:09.561216475,0.015134453781512604,0.011056684978926536,1.1786649214659686
H1908,Bracket,Aluminium,Drilling,M5,539,2.995,2.638,56.7,1.92,2025-10-30 06:00:00,2025-10-30 08:38:17.170430448,0.004894248608534322,0.006929025202667686,0.8808013355592654
H1893,Bracket,Aluminium,Drilling,M6,299,1.795,1.263,62.7,2.66,2025-10-30 08:00:00,2025-10-30 09:15:45.597812793,0.004224080267558528,0.005436562762805689,0.7036211699164345
H2199,Shaft,Steel,Cutting,M2,75,1.05,1.083,66.6,0.75,2025-10-30 08:00:00,2025-10-30 09:04:57.073042582,0.01444,0.011037019132136887,1.0314285714285714
H2258,Cover,Plastic,Cutting,M1,457,4.87,2.197,65.7,1.3,2025-10-30 21:00:00,2025-10-30 23:11:47.506703273,0.004807439824945295,0.009670229311925311,0.451129363449692
H2847,Bracket,Aluminium,Assembly,M7,599,7.488,5.251,60.9,3.25,2025-10-30 21:00:00,2025-10-31 02:15:03.378706303,0.00876627712854758,0.011075304927796792,0.7012553418803419
H206,Housing,Aluminium,Turning,M4,504,4.332,3.452,54.9,2.52,2025-10-30 21:00:00,2025-10-31 00:27:07.905660583,0.006849206349206349,0.00934463938081866,0.7968605724838412
H1788,Valve,Titanium,Assembly,M8,201,2.712,4.156,74.1,1.99,2025-10-30 22:00:00,2025-10-31 02:09:23.273788022,0.020676616915422885,0.0112920217551854,1.5324483775811206
H2383,Valve,Titanium,Cutting,M1,358,3.88,5.962,65.4,2.23,2025-10-30 23:00:00,2025-10-31 04:57:43.987674460,0.0166536312849162,0.009655033094778498,1.5365979381443298
H691,Bracket,Aluminium,Cutting,M1,452,4.82,3.557,63.0,1.42,2025-10-31 00:00:00,2025-10-31 03:33:23.601739978,0.007869469026548672,0.009676835581352135,0.737966804979253
H2874,Housing,Aluminium,Turning,M3,564,4.812,3.301,54.4,3.12,2025-10-31 02:00:00,2025-10-31 05:18:02.958823176,0.005852836879432624,0.009054514795455427,0.6859933499584372
H2008,Bracket,Aluminium,Assembly,M7,511,6.432,4.595,67.8,4.01,2025-10-31 02:00:00,2025-10-31 06:35:42.746731584,0.008992172211350293,0.011064809346891113,0.7143967661691542
H277,Valve,Titanium,Assembly,M8,386,4.932,6.555,60.8,4.27,2025-10-31 03:00:00,2025-10-31 09:33:18.901240361,0.01698186528497409,0.011331124235019724,1.329075425790754
H1736,Bracket,Aluminium,Cutting,M2,80,1.1,0.885,67.6,2.0,2025-10-31 03:00:00,2025-10-31 03:53:04.280564418,0.0110625,0.011049622764980825,0.8045454545454545
H872,Shaft,Steel,Cutting,M2,532,5.62,5.349,76.4,3.15,2025-10-31 05:00:00,2025-10-31 10:20:58.015849757,0.01005451127819549,0.01104967028245322,0.951779359430605
H2753,Valve,Titanium,Cutting,M1,488,5.18,6.754,55.3,2.47,2025-10-31 05:00:00,2025-10-31 11:45:14.534827822,0.013840163934426228,0.009671222641740945,1.303861003861004
H2818,Valve,Titanium,Drilling,M6,355,2.075,2.678,63.4,0.95,2025-10-31 05:00:00,2025-10-31 07:40:42.025387900,0.007543661971830986,0.005431807929490995,1.290602409638554
H721,Bracket,Aluminium,Cutting,M1,390,4.2,3.207,71.8,3.97,2025-10-31 05:00:00,2025-10-31 08:12:24.552253053,0.008223076923076923,0.009684129580727585,0.7635714285714285
H1981,Gear,Steel,Turning,M3,469,4.052,3.636,76.1,1.88,2025-10-31 06:00:00,2025-10-31 09:38:08.015255156,0.0077526652452025585,0.009035457188812435,0.897334649555775
H2373,Cover,Plastic,Assembly,M8,39,0.768,0.407,70.5,2.53,2025-10-31 06:00:00,2025-10-31 06:24:24.013424195,0.010435897435897436,0.011354571293318289,0.5299479166666666
H2233,Cover,Plastic,Drilling,M6,231,1.455,0.63,56.1,2.69,2025-10-31 07:00:00,2025-10-31 07:37:47.687166123,0.0027272727272727275,0.005440057359343885,0.43298969072164945
H2580,Gear,Steel,Drilling,M6,141,1.005,0.908,65.4,3.07,2025-10-31 21:00:00,2025-10-31 21:54:27.654089071,0.006439716312056738,0.005429501777117927,0.9034825870646768
H108,Cover,Plastic,Drilling,M5,537,2.985,2.182,62.6,2.11,2025-10-31 21:00:00,2025-10-31 23:10:55.278991747,0.004063314711359404,0.006919335790314669,0.7309882747068677
H2204,Housing,Aluminium,Assembly,M7,503,6.336,3.945,72.7,2.3,2025-10-31 21:00:00,2025-11-01 00:56:41.583490485,0.007842942345924453,0.011055430898314005,0.6226325757575757
H1955,Gear,Steel,Drilling,M6,58,0.59,0.518,80.1,2.42,2025-10-31 22:00:00,2025-10-31 22:31:06.098504478,0.00893103448275862,0.005433417337330868,0.8779661016949153
H786,Housing,Aluminium,Assembly,M7,193,2.616,1.677,71.2,1.48,2025-10-31 22:00:00,2025-10-31 23:40:38.541230955,0.008689119170984456,0.011040960229159097,0.6410550458715596
H2354,Bracket,Aluminium,Assembly,M7,104,1.548,0.968,58.6,2.08,2025-10-31 22:00:00,2025-10-31 22:58:05.872968213,0.009307692307692307,0.011030413856700916,0.6253229974160206
H2957,Gear,Steel,Cutting,M2,444,4.74,4.743,64.8,1.83,2025-11-01 00:00:00,2025-11-01 04:44:35.193564270,0.010682432432432434,0.011046011609643448,1.000632911392405
H1223,Cover,Plastic,Assembly,M7,422,5.364,2.577,72.4,2.7,2025-11-01 00:00:00,2025-11-01 02:34:36.455928093,0.006106635071090047,0.011022723135499984,0.4804250559284116
H2240,Shaft,Steel,Drilling,M5,477,2.685,3.288,66.6,3.22,2025-11-01 01:00:00,2025-11-01 04:17:15.717513803,0.006893081761006289,0.006905800145390712,1.224581005586592
H1775,Shaft,Steel,Drilling,M5,473,2.665,3.207,60.9,3.76,2025-11-01 03:00:00,2025-11-01 06:12:24.371959038,0.006780126849894291,0.00690574015301154,1.2033771106941837
H1046,Gear,Steel,Drilling,M5,506,2.83,3.217,42.3,1.73,2025-11-01 03:00:00,2025-11-01 06:13:02.405692678,0.006357707509881423,0.006905150419194088,1.136749116607774
H1054,Housing,Aluminium,Assembly,M8,413,5.256,3.433,63.1,2.39,2025-11-01 03:00:00,2025-11-01 06:25:57.966872483,0.00831234866828087,0.011350775120353741,0.6531582952815829
H2219,Gear,Steel,Assembly,M7,75,1.2,1.1,62.2,3.32,2025-11-01 04:00:00,2025-11-01 05:05:58.322946694,0.014666666666666668,0.011000873855213717,0.9166666666666667
H2600,Gear,Steel,Assembly,M8,144,2.028,1.726,69.5,2.93,2025-11-01 04:00:00,2025-11-01 05:43:33.802555057,0.01198611111111111,0.011338271307793768,0.8510848126232742
H2929,Shaft,Steel,Cutting,M1,125,1.55,1.458,72.4,3.54,2025-11-01 05:00:00,2025-11-01 06:27:30.085022370,0.011663999999999999,0.009679620158944713,0.9406451612903225
H675,Valve,Titanium,Drilling,M5,46,0.53,0.882,59.0,3.18,2025-11-01 05:00:00,2025-11-01 05:52:55.883805028,0.01917391304347826,0.006902592274758047,1.6641509433962263
H383,Housing,Aluminium,Assembly,M7,109,1.608,1.28,60.6,2.38,2025-11-01 06:00:00,2025-11-01 07:16:47.561073919,0.011743119266055046,0.011017094177388288,0.7960199004975124
H2951,Bracket,Aluminium,Drilling,M5,280,1.7,1.488,74.0,2.52,2025-11-01 07:00:00,2025-11-01 08:29:17.025114013,0.005314285714285714,0.006959668185310234,0.8752941176470589
H1230,Bracket,Aluminium,Cutting,M1,486,5.16,3.477,71.9,1.43,2025-11-01 07:00:00,2025-11-01 10:28:35.591598470,0.007154320987654321,0.009685725943071037,0.6738372093023255
H1344,Gear,Steel,Cutting,M1,378,4.08,4.023,81.1,2.92,2025-11-01 07:00:00,2025-11-01 11:01:23.169415238,0.010642857142857141,0.009677960897195526,0.9860294117647058
H1786,Shaft,Steel,Cutting,M2,446,4.76,5.153,83.2,2.31,2025-11-01 07:00:00,2025-11-01 12:09:09.349451646,0.011553811659192824,0.011044679817785532,1.082563025210084
H2649,Bracket,Aluminium,Assembly,M8,544,6.828,5.115,73.2,1.18,2025-11-01 21:00:00,2025-11-02 02:06:54.565250260,0.009402573529411765,0.011340926388954906,0.7491212653778558
H90,Shaft,Steel,Drilling,M5,528,2.94,3.08,66.8,3.26,2025-11-01 21:00:00,2025-11-02 00:04:49.538308609,0.005833333333333334,0.006952050673870306,1.0476190476190477
H2200,Housing,Aluminium,Turning,M4,567,4.836,3.907,60.2,3.7,2025-11-01 21:00:00,2025-11-02 00:54:25.103608887,0.006890652557319224,0.009331505522757542,0.8078990901571547
H1620,Gear,Steel,Assembly,M8,88,1.356,1.201,58.7,1.09,2025-11-01 21:00:00,2025-11-01 22:12:02.495419097,0.013647727272727273,0.01133301474463024,0.8856932153392331
H2452,Bracket,Aluminium,Assembly,M7,184,2.508,1.602,49.7,3.16,2025-11-01 21:00:00,2025-11-01 22:36:07.886628316,0.008706521739130436,0.011020292525796511,0.6387559808612441
H929,Cover,Plastic,Drilling,M5,238,1.49,1.155,74.1,3.55,2025-11-01 23:00:00,2025-11-02 00:09:18.131258318,0.0048529411764705885,0.006946895294420826,0.7751677852348994
H1117,Bracket,Aluminium,Cutting,M2,514,5.44,4.726,84.2,3.37,2025-11-02 00:00:00,2025-11-02 04:43:31.886097880,0.00919455252918288,0.011046537963192129,0.8687499999999999
H2220,Gear,Steel,Cutting,M2,154,1.84,1.667,59.3,2.24,2025-11-02 00:00:00,2025-11-02 01:39:59.718824079,0.010824675324675325,0.011039803470704821,0.9059782608695652
H1127,Cover,Plastic,Drilling,M6,253,1.565,0.778,62.9,2.91,2025-11-02 01:00:00,2025-11-02 01:46:39.958894099,0.003075098814229249,0.005446921650633678,0.4971246006389777
H220,Bracket,Aluminium,Assembly,M7,438,5.556,3.788,66.0,4.41,2025-11-02 01:00:00,2025-11-02 04:47:16.450295149,0.008648401826484018,0.011010144408311134,0.6817854571634269
H301,Shaft,Steel,Drilling,M5,358,2.09,2.949,64.2,2.23,2025-11-02 02:00:00,2025-11-02 04:56:54.808893249,0.008237430167597764,0.006937290000301789,1.4110047846889953
H1933,Valve,Titanium,Drilling,M5,310,1.85,3.436,85.4,2.19,2025-11-02 03:00:00,2025-11-02 06:26:08.507248587,0.011083870967741936,0.006943226713394464,1.8572972972972972
H2814,Cover,Plastic,Cutting,M2,211,2.41,1.188,70.8,1.3,2025-11-02 03:00:00,2025-11-02 04:11:17.339933864,0.005630331753554502,0.011039024020900368,0.4929460580912863
H1567,Gear,Steel,Assembly,M8,45,0.84,0.682,69.0,3.12,2025-11-02 04:00:00,2025-11-02 04:40:53.818837456,0.015155555555555558,0.011342424145150961,0.811904761904762
H1392,Cover,Plastic,Assembly,M7,595,7.44,4.023,79.4,1.43,2025-11-02 05:00:00,2025-11-02 09:01:24.463286232,0.006761344537815126,0.01099983112192761,0.5407258064516128
H2594,Cover,Plastic,Assembly,M8,294,3.828,2.558,74.9,3.96,2025-11-02 05:00:00,2025-11-02 07:33:30.447606396,0.008700680272108843,0.011357861924140452,0.668234064785789
H2025,Valve,Titanium,Turning,M3,131,1.348,1.792,62.2,2.65,2025-11-02 07:00:00,2025-11-02 08:47:30.384064758,0.0136793893129771,0.009027866703939003,1.3293768545994065
H849,Gear,Steel,Drilling,M5,78,0.69,0.886,59.7,2.8,2025-11-02 07:00:00,2025-11-02 07:53:09.633757873,0.01135897435897436,0.006962047823641498,1.2840579710144928
H536,Housing,Aluminium,Turning,M3,536,4.588,3.65,77.5,2.35,2025-11-02 07:00:00,2025-11-02 10:38:58.548069861,0.0068097014925373135,0.009055228601639228,0.7955536181342633
H2863,Gear,Steel,Turning,M3,252,2.316,2.086,57.3,2.72,2025-11-02 21:00:00,2025-11-02 23:05:09.222700097,0.008277777777777778,0.0090420968641591,0.9006908462867013
H1584,Cover,Plastic,Assembly,M8,215,2.88,1.644,66.7,0.99,2025-11-02 22:00:00,2025-11-02 23:38:36.927374778,0.007646511627906976,0.011347147481995164,0.5708333333333333
H2797,Valve,Titanium,Cutting,M1,93,1.23,1.846,65.1,2.04,2025-11-02 22:00:00,2025-11-02 23:50:45.178236667,0.0198494623655914,0.009680911650240364,1.5008130081300814
H372,Gear,Steel,Turning,M3,134,1.372,1.285,76.5,3.69,2025-11-02 22:00:00,2025-11-02 23:17:06.424102700,0.00958955223880597,0.009037653148540603,0.9365889212827987
H1671,Valve,Titanium,Cutting,M2,119,1.49,2.225,53.8,2.95,2025-11-03 01:00:00,2025-11-03 03:13:30.118405152,0.018697478991596638,0.011019498056036303,1.493288590604027
H2161,Valve,Titanium,Cutting,M2,93,1.23,2.028,71.4,3.03,2025-11-03 01:00:00,2025-11-03 03:01:41.603194470,0.021806451612903226,0.011047116692495154,1.6487804878048782
H139,Bracket,Aluminium,Drilling,M6,170,1.15,0.68,57.0,2.43,2025-11-03 02:00:00,2025-11-03 02:40:48.761683502,0.004,0.005437799255109045,0.5913043478260871
H20,Cover,Plastic,Cutting,M1,262,2.92,1.526,80.5,3.38,2025-11-03 02:00:00,2025-11-03 03:31:33.399417586,0.005824427480916031,0.009711913329250579,0.5226027397260274
H152,Valve,Titanium,Turning,M3,281,2.548,3.502,77.1,1.86,2025-11-03 02:00:00,2025-11-03 05:30:06.860720426,0.012462633451957295,0.009040843316692426,1.3744113029827314
H1124,Gear,Steel,Turning,M4,171,1.668,1.482,53.4,2.01,2025-11-03 02:00:00,2025-11-03 03:28:55.048351379,0.008666666666666666,0.009318726187859961,0.8884892086330936
H2973,Shaft,Steel,Turning,M4,285,2.58,2.067,63.7,1.82,2025-11-03 03:00:00,2025-11-03 05:03:59.913226498,0.007252631578947369,0.009315330044520412,0.8011627906976745
H2145,Valve,Titanium,Cutting,M2,450,4.8,7.378,63.1,4.0,2025-11-03 03:00:00,2025-11-03 10:22:40.016807103,0.016395555555555556,0.01108568061694106,1.5370833333333334
H629,Cover,Plastic,Drilling,M6,541,3.005,1.437,73.2,2.48,2025-11-03 03:00:00,2025-11-03 04:26:14.419916287,0.002656192236598891,0.005432290445702498,0.4782029950083195
H2072,Bracket,Aluminium,Drilling,M5,294,1.77,1.719,57.9,4.19,2025-11-03 05:00:00,2025-11-03 06:43:08.385990991,0.005846938775510204,0.006981943418824,0.9711864406779661
H1641,Shaft,Steel,Turning,M4,488,4.204,3.351,66.1,2.05,2025-11-03 06:00:00,2025-11-03 09:21:03.048648393,0.006866803278688525,0.009304642487703971,0.7970980019029497
H782,Shaft,Steel,Turning,M4,115,1.22,1.076,68.1,2.72,2025-11-03 06:00:00,2025-11-03 07:04:33.044372675,0.009356521739130435,0.009292076306214201,0.8819672131147541
H188,Bracket,Aluminium,Drilling,M5,447,2.535,2.001,54.1,1.36,2025-11-03 07:00:00,2025-11-03 09:00:02.351238862,0.004476510067114093,0.006976830785295559,0.7893491124260354
H2666,Gear,Steel,Turning,M3,115,1.22,1.024,69.8,2.38,2025-11-03 07:00:00,2025-11-03 08:01:26.601279589,0.008904347826086957,0.009060508777239925,0.839344262295082
H204,Valve,Titanium,Cutting,M1,413,4.43,5.639,55.8,1.75,2025-11-03 21:00:00,2025-11-04 02:38:21.297478505,0.013653753026634383,0.009700097262842268,1.2729119638826187
H1827,Bracket,Aluminium,Cutting,M1,477,5.07,3.462,64.2,2.94,2025-11-03 22:00:00,2025-11-04 01:27:42.248844542,0.0072578616352201265,0.009712078037884061,0.6828402366863905
H2960,Gear,Steel,Assembly,M8,223,2.976,2.518,65.8,2.57,2025-11-03 23:00:00,2025-11-04 01:31:06.094932574,0.011291479820627802,0.011332285490613284,0.8461021505376344
H711,Valve,Titanium,Cutting,M1,84,1.14,1.583,66.4,3.01,2025-11-03 23:00:00,2025-11-04 00:34:58.394022362,0.018845238095238095,0.009704663486818612,1.3885964912280702
H2426,Valve,Titanium,Turning,M4,337,2.996,4.418,69.5,2.67,2025-11-03 23:00:00,2025-11-04 03:25:04.326244819,0.01310979228486647,0.009292406795613772,1.4746328437917224
H423,Housing,Aluminium,Cutting,M1,362,3.92,3.577,70.1,1.87,2025-11-04 00:00:00,2025-11-04 03:34:38.606394325,0.00988121546961326,0.009732195338048791,0.9125
H75,Gear,Steel,Drilling,M5,178,1.19,1.409,59.0,1.5,2025-11-04 01:00:00,2025-11-04 02:24:31.406875057,0.007915730337078652,0.006965618584765597,1.1840336134453782
H21,Housing,Aluminium,Assembly,M8,395,5.04,3.473,66.5,3.0,2025-11-04 02:00:00,2025-11-04 05:28:21.367830931,0.00879240506329114,0.01133212226793334,0.6890873015873016
H472,Shaft,Steel,Cutting,M2,488,5.18,5.125,57.7,2.83,2025-11-04 03:00:00,2025-11-04 08:07:29.120944533,0.010502049180327868,0.011104644456007541,0.9893822393822395
H80,Bracket,Aluminium,Cutting,M1,577,6.07,4.028,61.2,3.65,2025-11-04 03:00:00,2025-11-04 07:01:40.348495842,0.006980935875216637,0.009732642845951387,0.6635914332784183
H2895,Cover,Plastic,Drilling,M5,244,1.52,1.019,69.3,2.49,2025-11-04 04:00:00,2025-11-04 05:01:09.436730808,0.004176229508196721,0.0069698601550884235,0.6703947368421052
H144,Gear,Steel,Turning,M4,122,1.276,1.109,64.2,1.98,2025-11-04 04:00:00,2025-11-04 05:06:33.025991018,0.00909016393442623,0.00931188325219159,0.8691222570532915
H1994,Valve,Titanium,Turning,M4,92,1.036,1.456,57.4,1.66,2025-11-04 05:00:00,2025-11-04 06:27:20.774654351,0.01582608695652174,0.009310757773421208,1.4054054054054053
H2053,Housing,Aluminium,Turning,M4,572,4.876,3.516,56.1,3.13,2025-11-04 06:00:00,2025-11-04 09:30:56.924901082,0.006146853146853147,0.00934366347636616,0.7210828547990156
H717,Bracket,Aluminium,Drilling,M5,132,0.96,0.914,80.1,3.09,2025-11-04 07:00:00,2025-11-04 07:54:49.508106509,0.006924242424242425,0.006957444018880017,0.9520833333333334
H1499,Housing,Aluminium,Cutting,M1,123,1.53,1.095,50.0,3.12,2025-11-04 08:00:00,2025-11-04 09:05:41.308128643,0.008902439024390243,0.009724404202326432,0.7156862745098039
H1557,Shaft,Steel,Drilling,M6,200,1.3,1.138,64.5,2.54,2025-11-04 21:00:00,2025-11-04 22:08:16.307680559,0.00569,0.005421694651011262,0.8753846153846153
H2331,Cover,Plastic,Assembly,M8,468,5.916,3.109,71.7,2.52,2025-11-04 21:00:00,2025-11-05 00:06:31.827125273,0.0066431623931623935,0.011322003872695722,0.52552400270453
H698,Cover,Plastic,Drilling,M5,125,0.925,0.565,57.2,2.76,2025-11-04 21:00:00,2025-11-04 21:33:54.267898175,0.00452,0.00695729710916923,0.6108108108108107
H1963,Bracket,Aluminium,Cutting,M2,181,2.11,1.798,63.8,1.6,2025-11-04 21:00:00,2025-11-04 22:47:53.067164556,0.009933701657458563,0.011102499988834303,0.852132701421801
H402,Gear,Steel,Drilling,M6,383,2.215,1.827,61.8,1.74,2025-11-04 21:00:00,2025-11-04 22:49:35.962072060,0.00477023498694517,0.005422714823440877,0.8248306997742664
H2808,Valve,Titanium,Cutting,M1,510,5.4,8.277,57.6,4.12,2025-11-04 23:00:00,2025-11-05 07:16:36.891378171,0.01622941176470588,0.009721950574929607,1.5327777777777776
H219,Valve,Titanium,Cutting,M2,447,4.77,6.312,61.9,2.31,2025-11-04 23:00:00,2025-11-05 05:18:42.851479184,0.014120805369127517,0.011098355313900346,1.3232704402515725
H1181,Shaft,Steel,Turning,M4,46,0.668,0.619,70.0,3.6,2025-11-04 23:00:00,2025-11-04 23:37:06.968552602,0.013456521739130435,0.00932759910285102,0.9266467065868262
H514,Valve,Titanium,Assembly,M7,547,6.864,8.725,68.2,3.16,2025-11-05 00:00:00,2025-11-05 08:43:29.295907680,0.015950639853747714,0.01098140291938799,1.2711247086247086
H1120,Bracket,Aluminium,Drilling,M5,351,2.055,1.777,56.1,3.09,2025-11-05 00:00:00,2025-11-05 01:46:35.695802424,0.0050626780626780625,0.006946560117498881,0.8647201946472018
H1231,Bracket,Aluminium,Assembly,M7,370,4.74,2.982,76.0,2.39,2025-11-05 00:00:00,2025-11-05 02:58:54.777983630,0.00805945945945946,0.011002914767588681,0.6291139240506329
H85,Bracket,Aluminium,Drilling,M5,369,2.145,2.097,62.1,2.11,2025-11-05 04:00:00,2025-11-05 06:05:49.273449900,0.0056829268292682925,0.006938297476907562,0.9776223776223776
H2656,Valve,Titanium,Drilling,M6,474,2.67,3.319,76.3,3.55,2025-11-05 04:00:00,2025-11-05 07:19:07.280539017,0.00700210970464135,0.005420243308908696,1.243071161048689
H1013,Shaft,Steel,Cutting,M1,292,3.22,3.407,81.6,2.04,2025-11-05 05:00:00,2025-11-05 08:24:24.179801289,0.011667808219178082,0.0097413180189468,1.0580745341614906
H1923,Cover,Plastic,Drilling,M6,132,0.96,0.491,64.9,2.61,2025-11-05 05:00:00,2025-11-05 05:29:28.226183926,0.0037196969696969696,0.005426212616062405,0.5114583333333333
H142,Cover,Plastic,Assembly,M7,292,3.804,2.19,73.1,2.29,2025-11-05 06:00:00,2025-11-05 08:11:25.364634728,0.0075,0.010990227460226057,0.5757097791798107
H544,Cover,Plastic,Assembly,M7,536,6.732,3.797,69.5,1.43,2025-11-05 06:00:00,2025-11-05 09:47:50.676642471,0.0070839552238805975,0.010975247943229377,0.5640225787284611
H1440,Cover,Plastic,Drilling,M5,298,1.79,1.281,55.1,3.07,2025-11-05 06:00:00,2025-11-05 07:16:53.071522800,0.004298657718120805,0.006932815509013941,0.7156424581005586
H1753,Shaft,Steel,Drilling,M6,43,0.515,0.389,65.3,1.62,2025-11-05 07:00:00,2025-11-05 07:23:19.104512556,0.009046511627906977,0.005419797143707648,0.7553398058252427
H1924,Valve,Titanium,Assembly,M7,313,4.056,5.355,68.5,1.54,2025-11-05 08:00:00,2025-11-05 13:21:18.709070346,0.01710862619808307,0.010958618487163785,1.3202662721893492
H459,Bracket,Aluminium,Drilling,M5,446,2.53,2.191,71.2,3.51,2025-11-05 08:00:00,2025-11-05 10:11:26.521264911,0.0049125560538116585,0.006921362649053536,0.8660079051383399
H2699,Shaft,Steel,Turning,M3,307,2.756,2.343,66.7,1.63,2025-11-05 21:00:00,2025-11-05 23:20:35.544257816,0.007631921824104234,0.009059616428947623,0.850145137880987
H798,Cover,Plastic,Cutting,M1,286,3.16,1.663,59.9,2.58,2025-11-05 21:00:00,2025-11-05 22:39:47.572439649,0.005814685314685315,0.009747034607078051,0.5262658227848102
H2756,Gear,Steel,Cutting,M1,483,5.13,4.263,38.9,2.22,2025-11-05 22:00:00,2025-11-06 02:15:45.181337678,0.008826086956521739,0.009735400437573928,0.8309941520467836
H2805,Valve,Titanium,Drilling,M5,302,1.81,2.975,69.9,3.51,2025-11-05 23:00:00,2025-11-06 01:58:30.313404619,0.009850993377483444,0.006912666516606602,1.643646408839779
H1476,Cover,Plastic,Assembly,M7,75,1.2,0.637,54.1,2.64,2025-11-06 00:00:00,2025-11-06 00:38:12.619917839,0.008493333333333334,0.010984788732742164,0.5308333333333334
H1152,Gear,Steel,Turning,M4,242,2.236,2.02,70.0,2.56,2025-11-06 01:00:00,2025-11-06 03:01:13.421918062,0.008347107438016529,0.009348243716032417,0.9033989266547405
H807,Cover,Plastic,Drilling,M5,265,1.625,1.15,62.4,2.83,2025-11-06 01:00:00,2025-11-06 02:08:58.599385628,0.004339622641509434,0.006925331718593139,0.7076923076923076
H2520,Valve,Titanium,Drilling,M5,459,2.595,4.847,80.1,1.57,2025-11-06 01:00:00,2025-11-06 05:50:49.548934631,0.010559912854030502,0.006914234254742995,1.8678227360308286
H388,Gear,Steel,Cutting,M1,164,1.94,1.647,66.3,3.53,2025-11-06 02:00:00,2025-11-06 03:38:49.274304893,0.010042682926829269,0.009732718096921857,0.8489690721649484
H2406,Valve,Titanium,Turning,M3,156,1.548,1.921,64.5,3.11,2025-11-06 02:00:00,2025-11-06 03:55:16.203856599,0.012314102564102564,0.00905150452778374,1.2409560723514212
H2901,Bracket,Aluminium,Drilling,M5,542,3.01,2.829,70.3,2.42,2025-11-06 02:00:00,2025-11-06 04:49:44.936763243,0.005219557195571956,0.006929814077816872,0.9398671096345517
H2251,Housing,Aluminium,Cutting,M1,232,2.62,1.884,72.8,1.9,2025-11-06 02:00:00,2025-11-06 03:53:01.328960555,0.008120689655172413,0.009733629758186292,0.7190839694656488
H2116,Cover,Plastic,Assembly,M7,20,0.54,0.299,60.6,2.42,2025-11-06 03:00:00,2025-11-06 03:17:56.432166471,0.01495,0.01097423171833789,0.5537037037037037
H1842,Bracket,Aluminium,Cutting,M2,478,5.08,3.919,72.2,1.96,2025-11-06 03:00:00,2025-11-06 06:55:07.105571186,0.008198744769874478,0.011109035349431185,0.7714566929133858
H2007,Shaft,Steel,Turning,M3,207,1.956,1.758,58.0,3.16,2025-11-06 03:00:00,2025-11-06 04:45:27.677831846,0.008492753623188406,0.009069937285051078,0.8987730061349694
H2791,Housing,Aluminium,Assembly,M7,138,1.956,1.476,64.4,3.34,2025-11-06 04:00:00,2025-11-06 05:28:34.479845159,0.010695652173913044,0.0109910071119314,0.754601226993865
H2591,Gear,Steel,Drilling,M5,423,2.415,2.707,80.9,2.6,2025-11-06 05:00:00,2025-11-06 07:42:23.797020761,0.006399527186761229,0.006922536388956256,1.120910973084886
H2588,Bracket,Aluminium,Drilling,M6,221,1.405,1.02,71.0,2.83,2025-11-06 05:00:00,2025-11-06 06:01:13.545680747,0.004615384615384616,0.005433380344023001,0.7259786476868327
H2122,Valve,Titanium,Cutting,M1,408,4.38,5.852,54.6,2.0,2025-11-06 05:00:00,2025-11-06 10:51:08.630018265,0.014343137254901961,0.009728899728558685,1.3360730593607306
H96,Cover,Plastic,Assembly,M7,513,6.456,3.957,76.5,2.92,2025-11-06 06:00:00,2025-11-06 09:57:26.256041422,0.007713450292397661,0.01098976612479687,0.6129182156133829
H1086,Shaft,Steel,Cutting,M2,339,3.69,3.285,50.9,1.98,2025-11-06 06:00:00,2025-11-06 09:17:04.684505334,0.009690265486725665,0.011098787847390493,0.8902439024390244
H1566,Bracket,Aluminium,Assembly,M8,53,0.936,0.644,69.2,2.51,2025-11-06 07:00:00,2025-11-06 07:38:37.780321174,0.012150943396226415,0.011303437041427734,0.688034188034188
H348,Valve,Titanium,Turning,M4,521,4.468,6.96,50.1,2.28,2025-11-06 08:00:00,2025-11-06 14:57:37.003864145,0.013358925143953935,0.00934326293852985,1.557743957027753
H883,Housing,Aluminium,Assembly,M7,598,7.476,5.408,56.6,2.06,2025-11-06 08:00:00,2025-11-06 13:24:28.429748573,0.009043478260869566,0.010976057690351685,0.7233814874264313
H2593,Cover,Plastic,Cutting,M1,570,6.0,3.164,70.4,2.53,2025-11-06 21:00:00,2025-11-07 00:09:48.996002486,0.0055508771929824565,0.009742391651150331,0.5273333333333333
H1571,Bracket,Aluminium,Drilling,M6,498,2.79,2.024,67.2,1.88,2025-11-06 21:00:00,2025-11-06 23:01:27.313601691,0.00406425702811245,0.005430328121154947,0.7254480286738352
H1903,Bracket,Aluminium,Assembly,M7,378,4.836,3.078,59.6,2.21,2025-11-06 22:00:00,2025-11-07 01:04:41.209931202,0.008142857142857143,0.010968005276062176,0.6364764267990074
H2001,Bracket,Aluminium,Assembly,M7,354,4.548,3.236,61.2,2.14,2025-11-06 22:00:00,2025-11-07 01:14:09.881055670,0.009141242937853108,0.01095628266970033,0.7115215479331575
H679,Cover,Plastic,Drilling,M6,478,2.69,1.435,54.4,4.06,2025-11-06 23:00:00,2025-11-07 00:26:04.882286353,0.0030020920502092053,0.005425249789954046,0.533457249070632
H495,Shaft,Steel,Turning,M4,365,3.22,2.76,73.6,2.18,2025-11-07 01:00:00,2025-11-07 03:45:35.354076804,0.007561643835616438,0.009363142454398286,0.857142857142857
H1990,Cover,Plastic,Cutting,M2,30,0.6,0.339,61.8,2.05,2025-11-07 01:00:00,2025-11-07 01:20:21.725907138,0.011300000000000001,0.011093845663668861,0.5650000000000001
H2167,Bracket,Aluminium,Cutting,M1,494,5.24,3.789,54.8,3.44,2025-11-07 02:00:00,2025-11-07 05:47:21.177807737,0.00767004048582996,0.009730171492380164,0.7230916030534351
H1958,Housing,Aluminium,Cutting,M1,317,3.47,2.751,60.2,1.4,2025-11-07 02:00:00,2025-11-07 04:45:05.089327581,0.008678233438485804,0.009724182739454145,0.7927953890489913
H1863,Cover,Plastic,Drilling,M5,438,2.49,1.723,61.1,1.76,2025-11-07 03:00:00,2025-11-07 04:43:21.818965318,0.0039337899543378995,0.006920320248268989,0.6919678714859437
H1674,Bracket,Aluminium,Assembly,M7,545,6.84,4.802,41.6,3.34,2025-11-07 03:00:00,2025-11-07 07:48:06.216861681,0.008811009174311926,0.010948782505519143,0.7020467836257309
H1816,Gear,Steel,Turning,M3,396,3.468,2.942,57.8,2.85,2025-11-07 04:00:00,2025-11-07 06:56:32.600578524,0.00742929292929293,0.009066694680209153,0.848327566320646
H492,Valve,Titanium,Drilling,M5,409,2.345,3.937,58.5,3.37,2025-11-07 04:00:00,2025-11-07 07:56:12.641827897,0.009625916870415648,0.00690771885462371,1.6788912579957354
H2196,Bracket,Aluminium,Assembly,M7,208,2.796,1.839,66.3,2.64,2025-11-07 04:00:00,2025-11-07 05:50:20.737978817,0.008841346153846154,0.010939985084403064,0.657725321888412
H2449,Housing,Aluminium,Cutting,M1,395,4.25,3.1,70.6,2.49,2025-11-07 05:00:00,2025-11-07 08:06:00.878136716,0.007848101265822785,0.009721151002349888,0.7294117647058824
H2486,Cover,Plastic,Drilling,M5,319,1.895,1.319,54.2,3.31,2025-11-07 05:00:00,2025-11-07 06:19:08.362463027,0.004134796238244514,0.006919139854690063,0.696042216358839
H2841,Valve,Titanium,Assembly,M7,102,1.524,1.767,57.7,2.15,2025-11-07 06:00:00,2025-11-07 07:46:02.474312912,0.017323529411764706,0.01093138410517947,1.1594488188976377
H1794,Cover,Plastic,Drilling,M6,165,1.125,0.597,67.3,1.72,2025-11-07 06:00:00,2025-11-07 06:35:49.733623084,0.003618181818181818,0.005416275131658694,0.5306666666666666
H2491,Bracket,Aluminium,Drilling,M5,205,1.325,1.321,69.4,4.07,2025-11-07 07:00:00,2025-11-07 08:19:15.651603906,0.00644390243902439,0.006907489881399496,0.9969811320754717
H2681,Bracket,Aluminium,Cutting,M2,425,4.55,4.534,62.6,1.95,2025-11-07 08:00:00,2025-11-07 12:32:03.849169044,0.010668235294117647,0.011094566483026662,0.9964835164835165
H2817,Valve,Titanium,Turning,M3,29,0.532,0.685,60.5,1.84,2025-11-07 21:00:00,2025-11-07 21:41:05.639568359,0.023620689655172417,0.009057547184393978,1.287593984962406
H2038,Cover,Plastic,Cutting,M1,525,5.55,3.031,69.6,1.96,2025-11-07 21:00:00,2025-11-08 00:01:52.866551488,0.0057733333333333334,0.009715737563805013,0.5461261261261262
H2015,Bracket,Aluminium,Drilling,M5,312,1.86,2.015,67.9,2.61,2025-11-07 23:00:00,2025-11-08 01:00:54.053883389,0.006458333333333334,0.006905558267056267,1.0833333333333333
H1662,Cover,Plastic,Cutting,M1,47,0.77,0.418,63.0,3.81,2025-11-07 23:00:00,2025-11-07 23:25:04.054814362,0.008893617021276595,0.009704376168328149,0.5428571428571428
H1195,Bracket,Aluminium,Cutting,M2,417,4.47,3.403,76.6,3.1,2025-11-08 00:00:00,2025-11-08 03:24:10.886688729,0.008160671462829736,0.011093081008500847,0.7612975391498882
H2558,Shaft,Steel,Cutting,M2,267,2.97,3.237,62.4,3.05,2025-11-08 01:00:00,2025-11-08 04:14:14.085074550,0.012123595505617977,0.011082899030911711,1.08989898989899
H1063,Housing,Aluminium,Cutting,M1,91,1.21,0.813,71.6,2.12,2025-11-08 03:00:00,2025-11-08 03:48:48.004115146,0.008934065934065934,0.009702046400664207,0.671900826446281
H363,Valve,Titanium,Drilling,M6,413,2.365,3.297,77.2,2.79,2025-11-08 04:00:00,2025-11-08 07:17:49.058168869,0.007983050847457627,0.005409640100981658,1.3940803382663847
H1797,Bracket,Aluminium,Cutting,M2,345,3.75,2.804,61.3,2.14,2025-11-08 05:00:00,2025-11-08 07:48:16.114205960,0.008127536231884058,0.011086500056775746,0.7477333333333332
H65,Bracket,Aluminium,Cutting,M1,287,3.17,2.366,68.6,2.55,2025-11-08 07:00:00,2025-11-08 09:21:57.239638366,0.00824390243902439,0.009699845883567938,0.7463722397476341
H1539,Bracket,Aluminium,Cutting,M2,86,1.16,0.888,71.2,2.29,2025-11-08 07:00:00,2025-11-08 07:53:16.821968927,0.010325581395348837,0.011076296733241639,0.7655172413793104
H1956,Housing,Aluminium,Turning,M3,310,2.78,1.812,59.8,2.97,2025-11-08 21:00:00,2025-11-08 22:48:41.983155153,0.005845161290322581,0.009138453531453858,0.6517985611510791
H1920,Shaft,Steel,Cutting,M2,538,5.68,6.307,60.3,2.43,2025-11-08 21:00:00,2025-11-09 03:18:23.897497527,0.011723048327137548,0.011073716955448192,1.1103873239436621
H608,Bracket,Aluminium,Assembly,M7,408,5.196,4.121,60.0,1.84,2025-11-08 22:00:00,2025-11-09 02:07:16.832307264,0.010100490196078433,0.01095747449418594,0.7931100846805236
H2976,Bracket,Aluminium,Assembly,M7,480,6.06,4.095,54.0,2.79,2025-11-09 00:00:00,2025-11-09 04:05:42.684920517,0.008531249999999999,0.010953990818177373,0.6757425742574258
H2668,Bracket,Aluminium,Cutting,M2,299,3.29,3.069,72.1,3.47,2025-11-09 01:00:00,2025-11-09 04:04:07.926055881,0.010264214046822743,0.01107594069302247,0.9328267477203647
H1820,Shaft,Steel,Cutting,M2,376,4.06,3.636,60.8,1.89,2025-11-09 02:00:00,2025-11-09 05:38:09.522754257,0.009670212765957448,0.011073170294912574,0.8955665024630542
H795,Bracket,Aluminium,Cutting,M1,522,5.52,4.057,63.3,2.26,2025-11-09 02:00:00,2025-11-09 06:03:26.808536699,0.007772030651340997,0.009695686045154956,0.7349637681159421
H2768,Housing,Aluminium,Cutting,M2,384,4.14,3.477,54.7,4.49,2025-11-09 02:00:00,2025-11-09 05:28:37.553371541,0.0090546875,0.011068398330528372,0.8398550724637681
H2879,Gear,Steel,Turning,M3,310,2.78,2.323,62.1,1.46,2025-11-09 02:00:00,2025-11-09 04:19:21.604503546,0.007493548387096774,0.009120258546696227,0.835611510791367
H731,Valve,Titanium,Assembly,M8,459,5.808,7.32,60.0,2.0,2025-11-09 03:00:00,2025-11-09 10:19:10.513135674,0.015947712418300654,0.011306786868917057,1.2603305785123968
H2262,Bracket,Aluminium,Cutting,M2,24,0.54,0.494,76.0,3.5,2025-11-09 03:00:00,2025-11-09 03:29:39.157073378,0.020583333333333332,0.011061572192119801,0.9148148148148147
H2343,Cover,Plastic,Cutting,M2,80,1.1,0.617,61.5,2.21,2025-11-09 03:00:00,2025-11-09 03:37:02.084422566,0.0077125,0.01109374030408336,0.5609090909090909
H899,Bracket,Aluminium,Drilling,M6,480,2.7,2.128,71.8,2.07,2025-11-09 04:00:00,2025-11-09 06:07:39.013405923,0.004433333333333333,0.005419101169902525,0.7881481481481482
H937,Valve,Titanium,Assembly,M8,326,4.212,6.415,63.7,2.61,2025-11-09 05:00:00,2025-11-09 11:24:53.863082713,0.019677914110429448,0.0113250582293477,1.5230294396961064
H618,Shaft,Steel,Cutting,M2,500,5.3,5.383,62.4,2.5,2025-11-09 05:00:00,2025-11-09 10:23:00.572354747,0.010766,0.011082355656594864,1.0156603773584907
H1538,Cover,Plastic,Drilling,M5,242,1.51,1.024,74.1,1.96,2025-11-09 06:00:00,2025-11-09 07:01:26.828324478,0.004231404958677686,0.006903702561937084,0.6781456953642384
H1234,Valve,Titanium,Assembly,M7,357,4.584,5.891,73.6,2.39,2025-11-09 06:00:00,2025-11-09 11:53:27.893140697,0.01650140056022409,0.010944182150897304,1.2851221640488657
H2734,Bracket,Aluminium,Assembly,M8,548,6.876,5.121,65.3,1.74,2025-11-09 22:00:00,2025-11-10 03:07:15.768446973,0.009344890510948906,0.01135781452692057,0.7447643979057592
H2586,Shaft,Steel,Turning,M4,589,5.012,5.055,78.1,2.72,2025-11-09 22:00:00,2025-11-10 03:03:19.688391377,0.008582342954159591,0.009354268076965863,1.0085794094173983
H1370,Valve,Titanium,Assembly,M8,422,5.364,7.237,66.6,1.19,2025-11-09 22:00:00,2025-11-10 05:14:13.374868816,0.017149289099526066,0.01134995154248318,1.349179716629381
H2244,Cover,Plastic,Cutting,M2,494,5.24,2.818,63.6,3.39,2025-11-09 22:00:00,2025-11-10 00:49:05.473357596,0.005704453441295547,0.011081294060431795,0.5377862595419847
H1982,Shaft,Steel,Turning,M4,455,3.94,3.664,64.7,1.45,2025-11-09 23:00:00,2025-11-10 02:39:49.443517499,0.008052747252747253,0.00935048413028544,0.9299492385786803
H1735,Valve,Titanium,Assembly,M7,289,3.768,4.786,67.0,3.5,2025-11-09 23:00:00,2025-11-10 03:47:11.388576131,0.01656055363321799,0.010966590289644588,1.2701698513800423
H1830,Valve,Titanium,Assembly,M7,445,5.64,6.888,61.6,1.69,2025-11-09 23:00:00,2025-11-10 05:53:15.238394916,0.015478651685393259,0.010989056005883839,1.221276595744681
H1593,Shaft,Steel,Drilling,M5,113,0.865,0.89,65.2,2.97,2025-11-09 23:00:00,2025-11-09 23:53:23.019066650,0.007876106194690266,0.0068926600098575,1.0289017341040463
H2389,Valve,Titanium,Drilling,M5,143,1.015,1.518,54.9,2.71,2025-11-10 00:00:00,2025-11-10 01:31:03.499181591,0.010615384615384615,0.006896707113498787,1.4955665024630544
H1746,Shaft,Steel,Turning,M3,592,5.036,3.751,74.0,2.07,2025-11-10 00:00:00,2025-11-10 03:45:03.026397898,0.0063361486486486485,0.00911132057878634,0.7448371723590151
H2344,Bracket,Aluminium,Drilling,M5,477,2.685,2.378,69.3,1.78,2025-11-10 01:00:00,2025-11-10 03:22:39.020964259,0.0049853249475890985,0.006911947595063893,0.885661080074488
H479,Bracket,Aluminium,Cutting,M2,462,4.92,4.284,55.6,2.41,2025-11-10 01:00:00,2025-11-10 05:17:01.814760262,0.009272727272727273,0.011063311315886188,0.8707317073170732
H381,Bracket,Aluminium,Drilling,M5,376,2.18,1.708,60.2,2.19,2025-11-10 02:00:00,2025-11-10 03:42:29.702522378,0.004542553191489361,0.006904083829155833,0.78348623853211
H2636,Gear,Steel,Assembly,M8,432,5.484,4.444,68.0,2.58,2025-11-10 02:00:00,2025-11-10 06:26:38.720679606,0.010287037037037037,0.011372517058269341,0.8103574033552151
H790,Housing,Aluminium,Cutting,M1,56,0.86,0.551,64.6,3.31,2025-11-10 03:00:00,2025-11-10 03:33:04.227028775,0.009839285714285715,0.00969020554545748,0.6406976744186047
H940,Cover,Plastic,Drilling,M5,109,0.845,0.734,63.1,3.87,2025-11-10 03:00:00,2025-11-10 03:44:03.256576469,0.00673394495412844,0.006894484111116537,0.8686390532544379
H2036,Bracket,Aluminium,Drilling,M6,108,0.84,0.519,66.4,2.64,2025-11-10 04:00:00,2025-11-10 04:31:07.731449108,0.004805555555555556,0.005415490298706301,0.6178571428571429
H244,Gear,Steel,Assembly,M8,117,1.704,1.472,64.7,2.85,2025-11-10 04:00:00,2025-11-10 05:28:18.058857220,0.012581196581196582,0.01136830977136534,0.863849765258216
H2115,Valve,Titanium,Cutting,M1,225,2.55,3.641,76.3,4.03,2025-11-10 04:00:00,2025-11-10 07:38:26.396606456,0.016182222222222223,0.009690629068664379,1.427843137254902
H671,Gear,Steel,Turning,M4,353,3.124,3.178,55.5,3.72,2025-11-10 05:00:00,2025-11-10 08:10:39.217295212,0.009002832861189802,0.009344153706492572,1.0172855313700384
H2150,Housing,Aluminium,Cutting,M1,371,4.01,3.11,81.1,3.34,2025-11-10 06:00:00,2025-11-10 09:06:35.288504165,0.008382749326145552,0.009709018850969076,0.7755610972568578
H2924,Cover,Plastic,Drilling,M6,111,0.855,0.444,65.5,3.27,2025-11-10 07:00:00,2025-11-10 07:26:39.787915329,0.004,0.005413264259497722,0.5192982456140351
H2492,Shaft,Steel,Cutting,M1,360,3.9,3.704,64.9,3.19,2025-11-10 07:00:00,2025-11-10 10:42:13.127446038,0.010288888888888889,0.009705272326887653,0.9497435897435899
H1467,Bracket,Aluminium,Cutting,M1,434,4.64,3.194,68.7,2.86,2025-11-10 22:00:00,2025-11-11 01:11:37.418348322,0.0073594470046082945,0.00970691631720315,0.6883620689655173
H1480,Housing,Aluminium,Assembly,M7,136,1.932,1.33,65.7,1.85,2025-11-10 22:00:00,2025-11-10 23:19:49.251976417,0.009779411764705884,0.011007014388601875,0.6884057971014493
H284,Bracket,Aluminium,Cutting,M2,411,4.41,3.746,67.4,3.24,2025-11-11 00:00:00,2025-11-11 03:44:45.107702586,0.009114355231143552,0.011057342702408993,0.8494331065759637
H54,Cover,Plastic,Cutting,M1,540,5.7,3.174,51.4,1.21,2025-11-11 02:00:00,2025-11-11 05:10:25.081361043,0.005877777777777778,0.00970032230228013,0.5568421052631579
H1335,Housing,Aluminium,Turning,M3,246,2.268,1.756,65.3,2.71,2025-11-11 03:00:00,2025-11-11 04:45:21.232441363,0.007138211382113821,0.009096155704851162,0.7742504409171077
H52,Bracket,Aluminium,Cutting,M1,231,2.61,1.913,56.2,2.97,2025-11-11 03:00:00,2025-11-11 04:54:45.128882196,0.008281385281385282,0.00968961489464847,0.7329501915708813
H1686,Bracket,Aluminium,Drilling,M6,268,1.64,0.961,58.7,1.04,2025-11-11 03:00:00,2025-11-11 03:57:38.462842401,0.003585820895522388,0.0054081251167359115,0.5859756097560975
H1070,Shaft,Steel,Cutting,M2,545,5.75,5.525,55.1,3.0,2025-11-11 04:00:00,2025-11-11 09:31:31.217574391,0.010137614678899082,0.011050887594531034,0.9608695652173914
H2989,Gear,Steel,Drilling,M5,73,0.665,0.725,63.4,2.19,2025-11-11 04:00:00,2025-11-11 04:43:29.091441767,0.009931506849315068,0.006893834155015371,1.0902255639097744
H1779,Shaft,Steel,Drilling,M6,127,0.935,0.742,63.4,3.21,2025-11-11 05:00:00,2025-11-11 05:44:29.886604560,0.00584251968503937,0.005401522565209776,0.7935828877005348
H2063,Shaft,Steel,Cutting,M2,397,4.27,4.914,74.2,3.46,2025-11-11 05:00:00,2025-11-11 09:54:52.145640910,0.012377833753148614,0.011047863512028942,1.1508196721311477
H2864,Bracket,Aluminium,Assembly,M7,90,1.38,0.982,54.1,3.41,2025-11-11 06:00:00,2025-11-11 06:58:55.383682758,0.010911111111111111,0.01100212354149472,0.7115942028985508
H1633,Valve,Titanium,Drilling,M5,514,2.87,4.525,56.6,1.94,2025-11-11 07:00:00,2025-11-11 11:31:30.762020175,0.008803501945525292,0.006906082835234322,1.5766550522648084
H111,Shaft,Steel,Cutting,M2,73,1.03,1.096,70.4,2.2,2025-11-11 08:00:00,2025-11-11 09:05:44.940994253,0.015013698630136987,0.01105225285275871,1.0640776699029126
H2904,Bracket,Aluminium,Drilling,M6,553,3.065,1.971,65.6,2.31,2025-11-11 08:00:00,2025-11-11 09:58:17.008874485,0.003564195298372514,0.005403114612573781,0.6430668841761827
H539,Shaft,Steel,Cutting,M2,579,6.09,5.739,58.9,2.95,2025-11-11 08:00:00,2025-11-11 13:44:19.342095177,0.009911917098445596,0.011065283924394822,0.9423645320197044
H413,Housing,Aluminium,Cutting,M1,260,2.9,1.948,72.8,3.2,2025-11-11 21:00:00,2025-11-11 22:56:51.087389068,0.007492307692307692,0.009685681292376786,0.6717241379310345
H497,Bracket,Aluminium,Drilling,M6,266,1.63,1.292,66.2,2.94,2025-11-11 21:00:00,2025-11-11 22:17:32.296339071,0.004857142857142858,0.0053964997948967985,0.792638036809816
H1845,Housing,Aluminium,Turning,M4,138,1.404,0.936,52.0,4.02,2025-11-11 22:00:00,2025-11-11 22:56:11.374565124,0.006782608695652175,0.009342496809185277,0.6666666666666667
H648,Housing,Aluminium,Assembly,M7,253,3.336,2.444,51.9,0.87,2025-11-12 00:00:00,2025-11-12 02:26:39.521891964,0.0096600790513834,0.01100176238105669,0.7326139088729017
H1043,Valve,Titanium,Turning,M3,91,1.028,1.47,62.7,2.26,2025-11-12 01:00:00,2025-11-12 02:28:13.432008739,0.016153846153846154,0.009085514703097155,1.4299610894941635
H1266,Cover,Plastic,Drilling,M5,560,3.1,1.949,75.0,4.19,2025-11-12 02:00:00,2025-11-12 03:56:55.535110078,0.003480357142857143,0.006913702992303763,0.6287096774193548
H2276,Shaft,Steel,Drilling,M5,173,1.165,1.563,81.9,2.19,2025-11-12 03:00:00,2025-11-12 04:33:45.243072655,0.009034682080924856,0.006899969608905977,1.3416309012875536
H1511,Housing,Aluminium,Assembly,M7,172,2.364,1.624,70.9,2.65,2025-11-12 03:00:00,2025-11-12 04:37:26.294894432,0.00944186046511628,0.010996459284891973,0.6869712351945856
H493,Cover,Plastic,Cutting,M2,87,1.17,0.598,55.9,3.27,2025-11-12 04:00:00,2025-11-12 04:35:51.897054804,0.006873563218390805,0.01106150239381794,0.5111111111111111
H186,Valve,Titanium,Assembly,M8,268,3.516,4.89,64.1,4.34,2025-11-12 04:00:00,2025-11-12 08:53:24.740765269,0.018246268656716417,0.011372992732021059,1.3907849829351535
H1261,Gear,Steel,Turning,M3,21,0.468,0.468,73.0,2.62,2025-11-12 05:00:00,2025-11-12 05:28:03.161619889,0.022285714285714287,0.00912372190012823,1.0
H1759,Bracket,Aluminium,Drilling,M5,284,1.72,1.399,69.0,3.64,2025-11-12 05:00:00,2025-11-12 06:23:56.598571785,0.004926056338028169,0.006908474439471789,0.8133720930232559
H546,Gear,Steel,Turning,M4,478,4.124,4.446,64.6,3.58,2025-11-12 05:00:00,2025-11-12 09:26:44.119715879,0.009301255230125522,0.009330130199941155,1.0780795344325897
H826,Bracket,Aluminium,Assembly,M8,37,0.744,0.498,73.4,2.76,2025-11-12 05:00:00,2025-11-12 05:29:52.185698589,0.01345945945945946,0.011399428408654502,0.6693548387096774
H1309,Bracket,Aluminium,Assembly,M7,407,5.184,3.67,45.6,1.84,2025-11-12 05:00:00,2025-11-12 08:40:13.013920618,0.009017199017199017,0.010990338817097581,0.7079475308641975
H55,Cover,Plastic,Assembly,M7,362,4.644,2.239,67.2,1.93,2025-11-12 05:00:00,2025-11-12 07:14:20.770789034,0.0061850828729281765,0.010982601013960725,0.48212747631352276
H1599,Shaft,Steel,Turning,M4,556,4.748,3.894,63.5,2.16,2025-11-12 07:00:00,2025-11-12 10:53:38.746735839,0.007003597122302158,0.009329991377970888,0.8201347935973041
H1326,Valve,Titanium,Drilling,M6,417,2.385,3.152,65.0,2.38,2025-11-12 07:00:00,2025-11-12 10:09:07.402377345,0.007558752997601919,0.005394566615908434,1.3215932914046122
H1034,Housing,Aluminium,Cutting,M2,216,2.46,1.884,64.6,0.82,2025-11-12 08:00:00,2025-11-12 09:53:02.907878982,0.008722222222222221,0.011047816318081249,0.7658536585365854
H1768,Valve,Titanium,Drilling,M6,157,1.085,1.457,63.1,2.09,2025-11-12 08:00:00,2025-11-12 09:27:24.744467096,0.009280254777070064,0.00540229585298591,1.342857142857143
H1226,Valve,Titanium,Turning,M3,149,1.492,2.186,71.7,2.3,2025-11-12 21:00:00,2025-11-12 23:11:11.284653488,0.014671140939597316,0.009194485300050735,1.46514745308311
H1701,Cover,Plastic,Assembly,M8,327,4.224,2.005,70.0,3.87,2025-11-12 21:00:00,2025-11-12 23:00:17.258059244,0.0061314984709480115,0.011407321247929618,0.47466856060606055
H2900,Shaft,Steel,Drilling,M6,564,3.12,2.708,67.8,3.9,2025-11-12 21:00:00,2025-11-12 23:42:28.842722673,0.004801418439716312,0.005416096418552046,0.867948717948718
H1823,Cover,Plastic,Cutting,M2,397,4.27,3.044,90.6,1.77,2025-11-12 22:00:00,2025-11-13 01:02:38.209217221,0.007667506297229219,0.011040241093013305,0.71288056206089
H120,Shaft,Steel,Cutting,M1,359,3.89,3.415,63.8,3.66,2025-11-12 22:00:00,2025-11-13 01:24:55.071222100,0.009512534818941504,0.009679571616610578,0.877892030848329
H291,Cover,Plastic,Drilling,M5,210,1.35,0.839,68.3,2.81,2025-11-12 23:00:00,2025-11-12 23:50:21.496360680,0.003995238095238095,0.006900607700973997,0.6214814814814814
H1825,Gear,Steel,Assembly,M7,318,4.116,3.483,71.6,1.31,2025-11-12 23:00:00,2025-11-13 02:28:59.104114347,0.010952830188679246,0.010963860708722316,0.8462099125364433
H1338,Valve,Titanium,Drilling,M5,468,2.64,4.769,62.0,2.36,2025-11-12 23:00:00,2025-11-13 03:46:06.662533791,0.010190170940170941,0.006889124026643025,1.806439393939394
H2097,Gear,Steel,Turning,M3,442,3.836,4.104,72.2,2.56,2025-11-12 23:00:00,2025-11-13 03:06:14.243948798,0.009285067873303167,0.009223772228604462,1.0698644421272159
H1649,Gear,Steel,Assembly,M8,156,2.172,1.761,64.3,3.14,2025-11-13 00:00:00,2025-11-13 01:45:39.927421889,0.011288461538461537,0.011387184519773198,0.8107734806629833
H1419,Gear,Steel,Turning,M4,65,0.82,0.722,68.5,2.61,2025-11-13 01:00:00,2025-11-13 01:43:20.925158526,0.011107692307692308,0.009318860304977257,0.8804878048780488
H1521,Cover,Plastic,Assembly,M8,99,1.488,0.754,72.0,2.82,2025-11-13 01:00:00,2025-11-13 01:45:16.175950245,0.007616161616161616,0.011386809147220683,0.5067204301075269
H2332,Gear,Steel,Assembly,M7,394,5.028,4.831,63.9,2.22,2025-11-13 01:00:00,2025-11-13 05:49:51.839843422,0.012261421319796956,0.010963817788410863,0.9608194112967384
H1083,Housing,Aluminium,Cutting,M2,177,2.07,1.789,79.1,1.38,2025-11-13 01:00:00,2025-11-13 02:47:21.296219049,0.010107344632768361,0.011029290655364656,0.8642512077294686
H743,Bracket,Aluminium,Drilling,M6,161,1.105,0.781,79.3,2.01,2025-11-13 02:00:00,2025-11-13 02:46:51.125190551,0.004850931677018634,0.005413916709407238,0.7067873303167421
H1088,Valve,Titanium,Drilling,M6,468,2.64,3.272,52.5,3.72,2025-11-13 02:00:00,2025-11-13 05:16:18.820933744,0.006991452991452991,0.005411927363003039,1.2393939393939393
H1422,Valve,Titanium,Cutting,M2,231,2.61,4.464,62.4,2.84,2025-11-13 03:00:00,2025-11-13 07:27:50.283156148,0.019324675324675328,0.011026307011278583,1.7103448275862072
H1574,Cover,Plastic,Assembly,M7,166,2.292,1.089,74.2,1.9,2025-11-13 04:00:00,2025-11-13 05:05:20.171222939,0.006560240963855422,0.01096884725946275,0.47513089005235604
H2843,Housing,Aluminium,Turning,M3,40,0.62,0.382,58.4,2.45,2025-11-13 04:00:00,2025-11-13 04:22:54.747405158,0.00955,0.00922409826926775,0.6161290322580645
H2720,Housing,Aluminium,Assembly,M8,71,1.152,0.733,59.3,3.74,2025-11-13 04:00:00,2025-11-13 04:43:59.959630776,0.01032394366197183,0.011372526391421216,0.6362847222222222
H347,Shaft,Steel,Cutting,M1,445,4.75,4.128,73.9,3.59,2025-11-13 04:00:00,2025-11-13 08:07:40.357188168,0.009276404494382023,0.009679107625505941,0.8690526315789474
H2077,Cover,Plastic,Drilling,M5,479,2.695,1.835,62.8,3.74,2025-11-13 06:00:00,2025-11-13 07:50:07.492603603,0.0038308977035490604,0.00690212027433408,0.6808905380333952
H2129,Gear,Steel,Turning,M3,347,3.076,2.223,55.6,2.47,2025-11-13 06:00:00,2025-11-13 08:13:21.104387416,0.006406340057636887,0.009225822617049404,0.7226918075422626
H1915,Shaft,Steel,Cutting,M2,281,3.11,3.248,56.2,3.05,2025-11-13 07:00:00,2025-11-13 10:14:52.728633941,0.011558718861209965,0.011053075941321799,1.0443729903536978
H1429,Shaft,Steel,Turning,M3,187,1.796,1.357,66.6,3.06,2025-11-13 08:00:00,2025-11-13 09:21:23.873158753,0.007256684491978609,0.009210983235157759,0.7555679287305123
H1565,Shaft,Steel,Turning,M3,320,2.86,2.486,65.0,2.92,2025-11-13 08:00:00,2025-11-13 10:29:10.755886273,0.0077687500000000005,0.009200751304565198,0.8692307692307694
H2822,Housing,Aluminium,Turning,M4,61,0.788,0.529,62.2,0.61,2025-11-13 08:00:00,2025-11-13 08:31:45.336604995,0.008672131147540984,0.009327378552609233,0.6713197969543148
H1743,Gear,Steel,Drilling,M5,558,3.09,3.188,53.4,2.13,2025-11-13 21:00:00,2025-11-14 00:11:16.211970659,0.00571326164874552,0.00689007626425257,1.0317152103559872
H10,Gear,Steel,Cutting,M1,49,0.79,0.626,49.1,1.46,2025-11-13 22:00:00,2025-11-13 22:37:35.356367504,0.012775510204081632,0.009677992104367093,0.7924050632911392
H2230,Housing,Aluminium,Assembly,M8,537,6.744,4.943,64.0,3.35,2025-11-13 23:00:00,2025-11-14 03:56:33.843188639,0.009204841713221602,0.01136856947546103,0.7329478054567022
H2263,Shaft,Steel,Turning,M3,561,4.788,4.152,68.5,2.67,2025-11-13 23:00:00,2025-11-14 03:09:06.776090417,0.007401069518716578,0.009193292964437253,0.8671679197994987
H876,Housing,Aluminium,Turning,M3,319,2.852,1.802,68.0,2.98,2025-11-13 23:00:00,2025-11-14 00:48:06.528587293,0.0056489028213166145,0.009184006832594143,0.6318373071528752
H471,Valve,Titanium,Turning,M3,211,1.988,2.583,68.0,3.17,2025-11-14 00:00:00,2025-11-14 02:34:57.028508162,0.012241706161137442,0.009165784646968999,1.2992957746478875
H2830,Gear,Steel,Assembly,M7,127,1.824,1.659,77.3,2.61,2025-11-14 00:00:00,2025-11-14 01:39:32.163690603,0.013062992125984252,0.010951825613533762,0.9095394736842105
H1771,Gear,Steel,Turning,M3,243,2.244,2.063,62.9,1.46,2025-11-14 01:00:00,2025-11-14 03:03:47.268382897,0.00848971193415638,0.009181558603451915,0.9193404634581105
H2299,Valve,Titanium,Cutting,M1,489,5.19,6.572,56.7,2.04,2025-11-14 01:00:00,2025-11-14 07:34:20.733799539,0.013439672801635992,0.009686548784200558,1.266281310211946
H1972,Shaft,Steel,Turning,M4,103,1.124,1.027,67.9,1.65,2025-11-14 01:00:00,2025-11-14 02:01:35.413185536,0.009970873786407767,0.009324273114670522,0.9137010676156582
H1341,Cover,Plastic,Assembly,M8,113,1.656,0.934,73.9,2.02,2025-11-14 02:00:00,2025-11-14 02:56:03.804254199,0.008265486725663717,0.011360435160565393,0.5640096618357489
H668,Cover,Plastic,Assembly,M8,330,4.26,2.252,67.0,2.48,2025-11-14 05:00:00,2025-11-14 07:15:08.807217678,0.006824242424242424,0.011348843593393476,0.5286384976525821
H2334,Housing,Aluminium,Assembly,M7,579,7.248,5.122,65.3,2.11,2025-11-14 06:00:00,2025-11-14 11:07:20.589837219,0.008846286701208982,0.010959945484735497,0.7066777041942605
H1949,Gear,Steel,Cutting,M1,120,1.5,1.314,62.3,1.06,2025-11-14 07:00:00,2025-11-14 08:18:49.542970779,0.01095,0.009696887968821594,0.876
H563,Housing,Aluminium,Cutting,M2,459,4.89,4.335,49.5,1.44,2025-11-14 21:00:00,2025-11-15 01:20:05.228621168,0.009444444444444445,0.011054701802800538,0.8865030674846627
H1668,Cover,Plastic,Drilling,M6,171,1.155,0.639,64.1,2.46,2025-11-14 21:00:00,2025-11-14 21:38:21.801146929,0.0037368421052631578,0.005417489072962369,0.5532467532467532
H580,Valve,Titanium,Turning,M3,436,3.788,4.4,62.0,3.08,2025-11-14 21:00:00,2025-11-15 01:24:01.512587716,0.010091743119266056,0.00917802877350653,1.1615628299894405
H2553,Valve,Titanium,Turning,M4,170,1.66,2.631,55.0,2.3,2025-11-14 22:00:00,2025-11-15 00:37:52.780530720,0.015476470588235293,0.009327323117839093,1.5849397590361445
H2906,Gear,Steel,Turning,M4,102,1.116,1.168,71.9,2.34,2025-11-14 22:00:00,2025-11-14 23:10:03.941720573,0.011450980392156862,0.00935619235478931,1.046594982078853
H1250,Gear,Steel,Turning,M4,186,1.788,1.405,66.8,2.07,2025-11-14 22:00:00,2025-11-14 23:24:17.936921588,0.007553763440860215,0.009365981083935887,0.7857941834451901
H67,Bracket,Aluminium,Cutting,M1,350,3.8,2.736,56.8,1.01,2025-11-14 22:00:00,2025-11-15 00:44:09.152996206,0.007817142857142858,0.009700330584291863,0.7200000000000001
H475,Valve,Titanium,Assembly,M8,193,2.616,3.708,55.5,3.35,2025-11-14 23:00:00,2025-11-15 02:42:28.480377604,0.019212435233160623,0.011331960753210076,1.4174311926605505
H435,Cover,Plastic,Assembly,M8,76,1.212,0.524,73.5,1.9,2025-11-15 00:00:00,2025-11-15 00:31:26.474519506,0.006894736842105263,0.011361256197373461,0.43234323432343236
H1313,Shaft,Steel,Cutting,M1,391,4.21,3.958,54.6,1.73,2025-11-15 00:00:00,2025-11-15 03:57:28.427520257,0.010122762148337596,0.009695171165861318,0.9401425178147269
H2585,Valve,Titanium,Drilling,M6,289,1.745,2.161,55.6,2.74,2025-11-15 00:00:00,2025-11-15 02:09:41.192163120,0.007477508650519031,0.005411592066058162,1.2383954154727792
H2662,Cover,Plastic,Cutting,M2,116,1.46,0.773,61.0,2.34,2025-11-15 01:00:00,2025-11-15 01:46:24.523496887,0.006663793103448276,0.011049540721523756,0.5294520547945206
H1515,Gear,Steel,Drilling,M5,79,0.695,0.722,61.7,2.74,2025-11-15 01:00:00,2025-11-15 01:43:20.072045745,0.009139240506329114,0.006885479332160746,1.0388489208633094
H97,Shaft,Steel,Cutting,M1,565,5.95,5.242,66.0,2.04,2025-11-15 03:00:00,2025-11-15 08:14:32.460675884,0.009277876106194691,0.009696339447234205,0.8810084033613446
H1609,Bracket,Aluminium,Cutting,M1,195,2.25,1.88,65.6,2.99,2025-11-15 04:00:00,2025-11-15 05:52:48.692731142,0.00964102564102564,0.009695199220146902,0.8355555555555555
H549,Shaft,Steel,Turning,M4,73,0.884,0.858,71.3,2.47,2025-11-15 05:00:00,2025-11-15 05:51:30.157847368,0.011753424657534246,0.009357552164665769,0.9705882352941176
H2141,Valve,Titanium,Drilling,M6,447,2.535,3.091,75.3,1.86,2025-11-15 07:00:00,2025-11-15 10:05:27.881732465,0.006914988814317674,0.005418815550619214,1.2193293885601577
H397,Housing,Aluminium,Assembly,M8,278,3.636,2.047,63.6,2.82,2025-11-15 07:00:00,2025-11-15 09:02:50.867219439,0.007363309352517986,0.011344713533094691,0.562981298129813
H1618,Bracket,Aluminium,Cutting,M2,403,4.33,3.804,47.9,2.19,2025-11-15 08:00:00,2025-11-15 11:48:13.158576951,0.009439205955334987,0.011035528748303066,0.8785219399538106
H2413,Gear,Steel,Turning,M4,487,4.196,4.1,79.2,1.69,2025-11-15 21:00:00,2025-11-16 01:06:00.985219028,0.00841889117043121,0.009368644166947568,0.977121067683508
H956,Shaft,Steel,Drilling,M5,419,2.395,3.002,73.2,1.29,2025-11-15 22:00:00,2025-11-16 01:00:05.511282550,0.007164677804295942,0.006894248830892918,1.2534446764091858
H2660,Gear,Steel,Assembly,M7,166,2.292,2.091,77.8,2.9,2025-11-16 00:00:00,2025-11-16 02:05:26.839172482,0.012596385542168676,0.010951847175220068,0.9123036649214661
H862,Gear,Steel,Turning,M4,303,2.724,2.741,75.2,3.0,2025-11-16 01:00:00,2025-11-16 03:44:28.716702411,0.009046204620462047,0.009364267425028137,1.0062408223201174
H2386,Cover,Plastic,Drilling,M5,48,0.54,0.343,57.8,3.16,2025-11-16 01:00:00,2025-11-16 01:20:36.516606702,0.007145833333333334,0.006895297005208434,0.6351851851851852
H2290,Valve,Titanium,Cutting,M2,285,3.15,4.382,57.5,2.02,2025-11-16 01:00:00,2025-11-16 05:22:54.194557232,0.015375438596491226,0.011030444917752213,1.391111111111111
H1170,Housing,Aluminium,Assembly,M7,22,0.564,0.39,52.5,2.94,2025-11-16 01:00:00,2025-11-16 01:23:25.008441275,0.017727272727272727,0.010958124039216055,0.6914893617021277
H2523,Shaft,Steel,Cutting,M2,213,2.43,2.408,63.5,2.19,2025-11-16 02:00:00,2025-11-16 04:24:30.511043271,0.011305164319248827,0.01104423854847837,0.990946502057613
H455,Cover,Plastic,Cutting,M2,212,2.42,1.394,76.4,3.3,2025-11-16 02:00:00,2025-11-16 03:23:37.896808428,0.006575471698113207,0.011045064262942833,0.5760330578512396
H577,Valve,Titanium,Cutting,M2,412,4.42,6.258,73.7,1.75,2025-11-16 02:00:00,2025-11-16 08:15:29.136476221,0.015189320388349515,0.011030964601855042,1.4158371040723983
H2046,Shaft,Steel,Cutting,M1,292,3.22,2.959,56.3,3.12,2025-11-16 03:00:00,2025-11-16 05:57:31.879116122,0.010133561643835616,0.009695052009334073,0.918944099378882
H2686,Cover,Plastic,Cutting,M2,475,5.05,3.025,69.2,3.0,2025-11-16 03:00:00,2025-11-16 06:01:31.281426307,0.006368421052631579,0.01104404119237861,0.599009900990099
H62,Gear,Steel,Cutting,M1,85,1.15,1.01,56.7,2.49,2025-11-16 03:00:00,2025-11-16 04:00:34.646660262,0.01188235294117647,0.009696240382327302,0.8782608695652174
H1878,Cover,Plastic,Drilling,M5,407,2.335,1.457,68.6,1.4,2025-11-16 05:00:00,2025-11-16 06:27:25.293133575,0.00357985257985258,0.0068962643269386455,0.623982869379015
H951,Gear,Steel,Cutting,M1,186,2.16,1.957,63.7,2.11,2025-11-16 05:00:00,2025-11-16 06:57:24.098530828,0.010521505376344087,0.009702148794648516,0.9060185185185184
H964,Cover,Plastic,Cutting,M1,510,5.4,3.299,66.2,2.9,2025-11-16 07:00:00,2025-11-16 10:17:57.030721984,0.006468627450980392,0.009704357302954974,0.6109259259259259
H1008,Gear,Steel,Assembly,M8,535,6.72,6.082,65.8,2.1,2025-11-16 21:00:00,2025-11-17 03:04:53.504364685,0.01136822429906542,0.01133002200475308,0.9050595238095238
H411,Housing,Aluminium,Turning,M3,270,2.46,1.731,61.4,3.68,2025-11-16 21:00:00,2025-11-16 22:43:52.698836102,0.006411111111111111,0.009182666917393634,0.7036585365853659
H946,Gear,Steel,Drilling,M5,100,0.8,0.813,57.7,3.12,2025-11-16 22:00:00,2025-11-16 22:48:45.545839137,0.00813,0.006883508897142161,1.0162499999999999
H2067,Gear,Steel,Drilling,M5,475,2.675,3.101,71.4,2.23,2025-11-16 23:00:00,2025-11-17 02:06:02.183239018,0.006528421052631579,0.006888284725122459,1.1592523364485983
H458,Gear,Steel,Turning,M3,195,1.86,1.564,68.5,4.16,2025-11-16 23:00:00,2025-11-17 00:33:51.470593726,0.008020512820512821,0.009168669160796247,0.8408602150537634
H2537,Gear,Steel,Drilling,M6,291,1.755,1.676,63.7,2.12,2025-11-17 00:00:00,2025-11-17 01:40:33.825386278,0.005759450171821306,0.005424028697879487,0.954985754985755
H983,Bracket,Aluminium,Cutting,M2,510,5.4,4.204,78.7,2.7,2025-11-17 02:00:00,2025-11-17 06:12:13.798112640,0.00824313725490196,0.011029384075953072,0.7785185185185184
H2816,Valve,Titanium,Assembly,M8,257,3.384,4.91,45.9,3.01,2025-11-17 04:00:00,2025-11-17 08:54:34.700041998,0.019105058365758754,0.011330162454364521,1.4509456264775416
H976,Bracket,Aluminium,Cutting,M2,506,5.36,3.954,70.9,2.48,2025-11-17 04:00:00,2025-11-17 07:57:13.677110836,0.007814229249011859,0.011020677054637286,0.7376865671641791
H2731,Valve,Titanium,Turning,M4,104,1.132,1.731,68.2,2.16,2025-11-17 04:00:00,2025-11-17 05:43:52.091818923,0.01664423076923077,0.009362808421337465,1.5291519434628977
H2926,Cover,Plastic,Drilling,M5,154,1.07,0.735,58.8,3.03,2025-11-17 04:00:00,2025-11-17 04:44:04.265459486,0.004772727272727272,0.006886911199654937,0.6869158878504672
H1065,Gear,Steel,Drilling,M6,306,1.83,1.452,43.3,2.42,2025-11-17 04:00:00,2025-11-17 05:27:06.703339117,0.004745098039215686,0.005425193355775118,0.7934426229508196
H272,Housing,Aluminium,Cutting,M1,101,1.31,0.922,61.6,3.14,2025-11-17 05:00:00,2025-11-17 05:55:19.222641524,0.00912871287128713,0.009695659104428161,0.7038167938931298
H1204,Shaft,Steel,Cutting,M2,562,5.92,5.868,68.7,3.27,2025-11-17 05:00:00,2025-11-17 10:52:06.192264024,0.010441281138790037,0.011010688120663375,0.9912162162162163
H2385,Housing,Aluminium,Assembly,M7,154,2.148,1.68,62.4,2.37,2025-11-17 05:00:00,2025-11-17 06:40:49.718497465,0.010909090909090908,0.010983862247155435,0.7821229050279329
H32,Shaft,Steel,Cutting,M1,304,3.34,2.847,74.2,0.58,2025-11-17 06:00:00,2025-11-17 08:50:49.637153374,0.009365131578947368,0.009694139141336629,0.8523952095808384
H1319,Shaft,Steel,Drilling,M6,213,1.365,1.086,54.1,2.17,2025-11-17 06:00:00,2025-11-17 07:05:08.583015796,0.005098591549295775,0.005422840084783564,0.7956043956043957
H1535,Gear,Steel,Drilling,M5,426,2.43,2.901,70.4,2.16,2025-11-17 08:00:00,2025-11-17 10:54:03.335973448,0.006809859154929577,0.006878872477499318,1.193827160493827
H1172,Gear,Steel,Turning,M3,179,1.732,1.512,63.2,2.3,2025-11-17 22:00:00,2025-11-17 23:30:43.181827495,0.008446927374301676,0.009162899530945578,0.8729792147806005
H2554,Cover,Plastic,Assembly,M7,72,1.164,0.545,51.9,1.52,2025-11-17 22:00:00,2025-11-17 22:32:42.640487020,0.007569444444444445,0.010983579022390038,0.46821305841924404
H1413,Cover,Plastic,Cutting,M2,273,3.03,1.862,70.3,2.48,2025-11-17 23:00:00,2025-11-18 00:51:42.451857416,0.006820512820512821,0.011008919775999172,0.6145214521452146
H1408,Gear,Steel,Assembly,M8,276,3.612,3.199,53.9,1.53,2025-11-18 01:00:00,2025-11-18 04:11:55.739867475,0.011590579710144927,0.011358641926567431,0.8856589147286821
H1053,Bracket,Aluminium,Assembly,M7,533,6.696,5.227,68.1,3.87,2025-11-18 01:00:00,2025-11-18 06:13:37.310656393,0.009806754221388369,0.01097069549568081,0.780615292712067
H1022,Housing,Aluminium,Turning,M4,541,4.628,3.352,71.7,2.15,2025-11-18 01:00:00,2025-11-18 04:21:08.192455604,0.006195933456561922,0.009396056925209126,0.7242869490060501
H2852,Valve,Titanium,Drilling,M5,143,1.015,1.662,72.0,3.57,2025-11-18 02:00:00,2025-11-18 03:39:43.131981157,0.011622377622377621,0.006878611063398675,1.6374384236453203
H2469,Valve,Titanium,Cutting,M2,320,3.5,5.465,51.8,2.0,2025-11-18 03:00:00,2025-11-18 08:27:54.091146849,0.017078125,0.010995952571802619,1.5614285714285714
H2709,Gear,Steel,Turning,M4,362,3.196,2.539,62.4,1.67,2025-11-18 03:00:00,2025-11-18 05:32:20.148481582,0.007013812154696133,0.009381510909442548,0.7944305381727159
H376,Bracket,Aluminium,Cutting,M2,435,4.65,3.86,64.3,2.77,2025-11-18 05:00:00,2025-11-18 08:51:34.248880327,0.008873563218390805,0.011014724708926685,0.8301075268817203
H2975,Shaft,Steel,Turning,M4,485,4.18,3.835,66.8,2.74,2025-11-18 05:00:00,2025-11-18 08:50:05.573288609,0.00790721649484536,0.009370797340416546,0.917464114832536
H1610,Cover,Plastic,Assembly,M8,81,1.272,0.689,60.6,1.44,2025-11-18 06:00:00,2025-11-18 06:41:20.601254051,0.008506172839506172,0.011359488414828664,0.5416666666666666
H2313,Cover,Plastic,Cutting,M2,401,4.31,2.38,65.6,2.09,2025-11-18 07:00:00,2025-11-18 09:22:48.170198403,0.005935162094763092,0.011008136519725037,0.5522041763341068
H450,Shaft,Steel,Drilling,M5,513,2.865,3.433,55.2,3.7,2025-11-18 07:00:00,2025-11-18 10:25:57.972720666,0.006692007797270955,0.006896512069281615,1.1982547993019195
H938,Bracket,Aluminium,Drilling,M6,270,1.65,1.289,70.7,3.59,2025-11-18 08:00:00,2025-11-18 09:17:21.755354965,0.004774074074074074,0.005421721986385329,0.7812121212121212
H955,Cover,Plastic,Cutting,M2,265,2.95,1.885,51.9,3.06,2025-11-18 08:00:00,2025-11-18 09:53:06.182179967,0.007113207547169811,0.010992575248482822,0.6389830508474575
H1426,Shaft,Steel,Turning,M3,247,2.276,1.898,67.8,2.89,2025-11-18 21:00:00,2025-11-18 22:53:53.261673467,0.007684210526315789,0.009159319670162357,0.8339191564147628
H430,Gear,Steel,Drilling,M6,126,0.93,0.784,60.7,2.17,2025-11-18 21:00:00,2025-11-18 21:47:02.729281241,0.006222222222222223,0.005419496392184947,0.843010752688172
H764,Cover,Plastic,Drilling,M6,224,1.42,0.686,69.2,1.62,2025-11-18 23:00:00,2025-11-18 23:41:08.243188235,0.0030625,0.005422245453246719,0.48309859154929585
H1247,Shaft,Steel,Drilling,M6,191,1.255,1.092,69.5,0.86,2025-11-19 01:00:00,2025-11-19 02:05:32.568213914,0.005717277486910995,0.005414191714498436,0.8701195219123508
H2157,Shaft,Steel,Drilling,M5,56,0.58,0.721,70.6,2.57,2025-11-19 02:00:00,2025-11-19 02:43:15.860588034,0.012875,0.006895743256228943,1.243103448275862
H1006,Gear,Steel,Drilling,M6,595,3.275,2.809,69.5,3.48,2025-11-19 03:00:00,2025-11-19 05:48:32.482466076,0.004721008403361345,0.0054152226184862335,0.8577099236641222
H2243,Gear,Steel,Cutting,M1,484,5.14,4.526,59.5,2.65,2025-11-19 03:00:00,2025-11-19 07:31:33.041146629,0.009351239669421488,0.009693259441971953,0.880544747081712
H2173,Valve,Titanium,Cutting,M2,486,5.16,7.052,50.3,3.31,2025-11-19 05:00:00,2025-11-19 12:03:05.692726139,0.01451028806584362,0.010980711738692875,1.3666666666666665
H303,Shaft,Steel,Cutting,M1,404,4.34,3.945,58.2,1.64,2025-11-19 06:00:00,2025-11-19 09:56:42.575094394,0.009764851485148515,0.00969234738924515,0.9089861751152074
H2551,Valve,Titanium,Assembly,M7,423,5.376,7.467,68.4,2.03,2025-11-19 07:00:00,2025-11-19 14:28:02.929766017,0.017652482269503545,0.010966319776604522,1.3889508928571428
H634,Housing,Aluminium,Turning,M4,137,1.396,1.121,58.5,2.01,2025-11-19 07:00:00,2025-11-19 08:07:16.504334602,0.008182481751824818,0.009364204633904964,0.8030085959885387
H2345,Gear,Steel,Turning,M4,557,4.756,4.363,77.3,2.34,2025-11-19 07:00:00,2025-11-19 11:21:46.843624738,0.007833034111310594,0.009358905428155725,0.9173675357443231
H2357,Bracket,Aluminium,Drilling,M6,478,2.69,2.058,63.4,2.31,2025-11-19 08:00:00,2025-11-19 10:03:29.939302081,0.004305439330543933,0.005412869349960387,0.7650557620817844
H2380,Housing,Aluminium,Cutting,M1,60,0.9,0.675,80.2,3.63,2025-11-19 08:00:00,2025-11-19 08:40:28.769498630,0.011250000000000001,0.009692540219287447,0.75
H1182,Gear,Steel,Cutting,M1,175,2.05,1.778,56.7,2.62,2025-11-19 21:00:00,2025-11-19 22:46:41.699349803,0.01016,0.009696671412339736,0.8673170731707318
H421,Housing,Aluminium,Turning,M3,410,3.58,2.824,72.8,2.38,2025-11-19 22:00:00,2025-11-20 00:49:25.844862170,0.00688780487804878,0.009151980818700433,0.788826815642458
H1284,Shaft,Steel,Turning,M4,352,3.116,2.527,63.4,0.75,2025-11-19 22:00:00,2025-11-20 00:31:37.260913188,0.0071789772727272735,0.009352093502634095,0.8109756097560976
H1758,Shaft,Steel,Turning,M3,172,1.676,1.323,72.5,2.11,2025-11-19 22:00:00,2025-11-19 23:19:21.385430213,0.007691860465116279,0.00914077202691503,0.7893794749403341
H2776,Shaft,Steel,Cutting,M1,399,4.29,3.437,67.1,1.79,2025-11-19 22:00:00,2025-11-20 01:26:14.186480905,0.008614035087719298,0.009697897149344128,0.8011655011655011
H635,Housing,Aluminium,Turning,M3,127,1.316,0.847,59.8,3.09,2025-11-20 00:00:00,2025-11-20 00:50:50.197738138,0.006669291338582677,0.00913363453153671,0.6436170212765957
H1684,Shaft,Steel,Drilling,M6,260,1.6,1.439,64.3,1.4,2025-11-20 00:00:00,2025-11-20 01:26:19.751525288,0.005534615384615385,0.005409128032327223,0.899375
H15,Bracket,Aluminium,Cutting,M2,126,1.56,1.291,56.4,1.98,2025-11-20 01:00:00,2025-11-20 02:17:29.256668874,0.010246031746031746,0.01099147264212931,0.8275641025641025
H357,Shaft,Steel,Drilling,M5,107,0.835,0.882,67.6,2.97,2025-11-20 01:00:00,2025-11-20 01:52:56.672490628,0.008242990654205607,0.006918137476243066,1.0562874251497008
H252,Gear,Steel,Assembly,M8,341,4.392,3.696,61.9,3.03,2025-11-20 01:00:00,2025-11-20 04:41:43.806468645,0.010838709677419355,0.01134911272182749,0.8415300546448087
H1673,Gear,Steel,Turning,M3,553,4.724,4.065,60.7,3.4,2025-11-20 01:00:00,2025-11-20 05:03:55.531803084,0.007350813743218807,0.009121554417845758,0.8604995766299747
H1946,Housing,Aluminium,Cutting,M1,375,4.05,2.912,65.6,4.18,2025-11-20 02:00:00,2025-11-20 04:54:44.906907342,0.007765333333333333,0.009695037354986278,0.7190123456790124
H878,Valve,Titanium,Cutting,M2,60,0.9,1.368,59.9,2.36,2025-11-20 02:00:00,2025-11-20 03:22:04.241372499,0.0228,0.010989206864329621,1.52
H1233,Gear,Steel,Turning,M3,314,2.812,2.628,66.8,1.87,2025-11-20 02:00:00,2025-11-20 04:37:41.052294306,0.008369426751592357,0.009112916658457334,0.9345661450924609
H1222,Housing,Aluminium,Assembly,M7,462,5.844,3.762,61.6,2.46,2025-11-20 04:00:00,2025-11-20 07:45:41.913005704,0.008142857142857143,0.01099136158369403,0.6437371663244353
H389,Housing,Aluminium,Assembly,M7,27,0.624,0.462,57.4,2.36,2025-11-20 04:00:00,2025-11-20 04:27:43.363778030,0.01711111111111111,0.010980732835780462,0.7403846153846154
H1457,Shaft,Steel,Turning,M3,36,0.588,0.563,76.4,2.51,2025-11-20 06:00:00,2025-11-20 06:33:48.205767694,0.015638888888888886,0.009109307484152165,0.9574829931972789
H1346,Cover,Plastic,Cutting,M2,560,5.9,4.399,55.5,4.3,2025-11-20 21:00:00,2025-11-21 01:23:55.477398543,0.007855357142857143,0.011024997146558925,0.745593220338983
H68,Housing,Aluminium,Turning,M3,114,1.212,0.844,62.0,1.79,2025-11-20 21:00:00,2025-11-20 21:50:38.051459841,0.007403508771929824,0.009140851355672632,0.6963696369636964
H64,Housing,Aluminium,Cutting,M2,298,3.28,2.738,57.6,3.67,2025-11-20 21:00:00,2025-11-20 23:44:16.294178077,0.009187919463087248,0.01101542119488611,0.8347560975609757
H214,Valve,Titanium,Drilling,M5,474,2.67,5.07,74.4,2.65,2025-11-20 22:00:00,2025-11-21 03:04:13.152852001,0.01069620253164557,0.0069230809582503895,1.8988764044943822
H2673,Shaft,Steel,Cutting,M2,68,0.98,0.959,51.2,2.4,2025-11-20 22:00:00,2025-11-20 22:57:31.325455840,0.014102941176470587,0.011009916671597559,0.9785714285714285
H2493,Gear,Steel,Drilling,M5,224,1.42,1.71,67.7,1.26,2025-11-20 22:00:00,2025-11-20 23:42:35.256279143,0.007633928571428571,0.006937107432500929,1.204225352112676
H1116,Bracket,Aluminium,Cutting,M1,432,4.62,3.708,63.2,2.86,2025-11-20 23:00:00,2025-11-21 02:42:29.504252484,0.008583333333333333,0.009689959186508244,0.8025974025974026
H2375,Cover,Plastic,Assembly,M7,284,3.708,2.12,57.3,3.35,2025-11-20 23:00:00,2025-11-21 01:07:11.142619586,0.0074647887323943665,0.011003522346097675,0.5717367853290184
H222,Housing,Aluminium,Assembly,M8,242,3.204,2.351,52.2,2.61,2025-11-20 23:00:00,2025-11-21 01:21:05.290599281,0.00971487603305785,0.011347263435434707,0.7337702871410736
H375,Housing,Aluminium,Turning,M4,322,2.876,2.336,58.5,1.73,2025-11-20 23:00:00,2025-11-21 01:20:09.124803002,0.007254658385093167,0.009342435208278954,0.8122392211404729
H1728,Valve,Titanium,Assembly,M7,313,4.056,5.928,68.5,2.98,2025-11-21 00:00:00,2025-11-21 05:55:40.758244798,0.01893929712460064,0.010990415925306182,1.4615384615384615
H1001,Valve,Titanium,Assembly,M8,506,6.372,8.651,70.0,1.58,2025-11-21 00:00:00,2025-11-21 08:39:04.606458662,0.01709683794466403,0.011341370340119268,1.3576585059635906
H1787,Bracket,Aluminium,Cutting,M1,314,3.44,2.472,64.5,0.95,2025-11-21 01:00:00,2025-11-21 03:28:18.091587141,0.007872611464968152,0.009687054656709885,0.7186046511627907
H2451,Shaft,Steel,Cutting,M1,313,3.43,3.283,60.5,3.11,2025-11-21 01:00:00,2025-11-21 04:16:59.651053779,0.010488817891373802,0.009682304805422603,0.9571428571428571
H2467,Bracket,Aluminium,Assembly,M7,22,0.564,0.401,60.4,1.52,2025-11-21 01:00:00,2025-11-21 01:24:02.474004477,0.018227272727272727,0.011019747590248229,0.7109929078014185
H587,Cover,Plastic,Assembly,M7,220,2.94,1.766,63.6,1.88,2025-11-21 02:00:00,2025-11-21 03:45:57.765956779,0.008027272727272727,0.011046245844428466,0.6006802721088436
H1036,Shaft,Steel,Turning,M4,238,2.204,2.192,58.9,1.88,2025-11-21 03:00:00,2025-11-21 05:11:32.176577405,0.009210084033613446,0.009333197257733884,0.9945553539019963
H1630,Valve,Titanium,Assembly,M8,203,2.736,3.562,55.7,2.34,2025-11-21 04:00:00,2025-11-21 07:33:41.704385849,0.01754679802955665,0.011362073460998923,1.3019005847953216
H2568,Valve,Titanium,Turning,M4,394,3.452,4.375,65.1,1.47,2025-11-21 06:00:00,2025-11-21 10:22:31.501498127,0.011104060913705584,0.009332654908728947,1.2673812282734647
H8,Gear,Steel,Drilling,M5,397,2.285,2.721,71.1,2.68,2025-11-21 06:00:00,2025-11-21 08:43:14.816858340,0.006853904282115869,0.0069396882515339944,1.1908096280087528
H1011,Shaft,Steel,Turning,M4,528,4.524,4.362,63.0,1.82,2025-11-21 08:00:00,2025-11-21 12:21:44.281895020,0.008261363636363636,0.009340424233312179,0.9641909814323607
H2403,Shaft,Steel,Drilling,M5,396,2.28,2.477,58.1,2.1,2025-11-21 08:00:00,2025-11-21 10:28:36.605939392,0.006255050505050505,0.0069393717055213815,1.08640350877193
H519,Housing,Aluminium,Assembly,M7,181,2.472,1.621,80.0,3.13,2025-11-21 21:00:00,2025-11-21 22:37:17.070062303,0.008955801104972376,0.011035187334841814,0.6557443365695793
H248,Shaft,Steel,Cutting,M1,326,3.56,3.409,58.0,3.04,2025-11-21 21:00:00,2025-11-22 00:24:32.714463708,0.010457055214723926,0.009684410583714904,0.9575842696629213
H525,Gear,Steel,Turning,M4,293,2.644,2.798,68.9,4.15,2025-11-21 22:00:00,2025-11-22 00:47:54.387390779,0.009549488054607508,0.00933571217830367,1.0582450832072616
H794,Gear,Steel,Drilling,M6,326,1.93,1.626,61.9,2.56,2025-11-22 00:00:00,2025-11-22 01:37:34.749082820,0.004987730061349693,0.005409550548664894,0.8424870466321244
H2048,Housing,Aluminium,Turning,M3,431,3.748,2.641,67.1,2.03,2025-11-22 01:00:00,2025-11-22 03:38:28.074493510,0.006127610208816706,0.009132498747096946,0.7046424759871931
H754,Cover,Plastic,Assembly,M8,386,4.932,2.522,69.6,1.4,2025-11-22 01:00:00,2025-11-22 03:31:18.919188038,0.006533678756476684,0.011384240932570816,0.5113544201135442
H466,Gear,Steel,Assembly,M7,103,1.536,1.36,71.0,1.97,2025-11-22 02:00:00,2025-11-22 03:21:36.313300040,0.013203883495145632,0.011027598334002874,0.8854166666666667
H2702,Housing,Aluminium,Cutting,M2,319,3.49,2.689,73.9,1.83,2025-11-22 03:00:00,2025-11-22 05:41:22.144828906,0.008429467084639498,0.011019205033474054,0.770487106017192
H1038,Valve,Titanium,Assembly,M8,296,3.852,6.652,75.0,3.66,2025-11-22 05:00:00,2025-11-22 11:39:06.414786757,0.022472972972972974,0.011366917496227622,1.726895119418484
H761,Shaft,Steel,Drilling,M5,548,3.04,3.644,52.2,2.98,2025-11-22 05:00:00,2025-11-22 08:38:37.244190419,0.00664963503649635,0.0069368558187549445,1.1986842105263158
H2626,Cover,Plastic,Drilling,M6,268,1.64,0.795,70.1,2.41,2025-11-22 06:00:00,2025-11-22 06:47:42.772312837,0.0029664179104477613,0.005408135043673903,0.48475609756097565
H2362,Bracket,Aluminium,Cutting,M2,441,4.71,3.893,61.1,2.39,2025-11-22 06:00:00,2025-11-22 09:53:35.332894659,0.00882766439909297,0.011011451327040418,0.8265392781316347
H2739,Housing,Aluminium,Cutting,M2,43,0.73,0.624,59.6,3.25,2025-11-22 07:00:00,2025-11-22 07:37:25.942360694,0.014511627906976745,0.01100493256009132,0.8547945205479452
H2915,Cover,Plastic,Drilling,M5,382,2.21,1.546,62.4,3.31,2025-11-22 21:00:00,2025-11-22 22:32:45.127220158,0.0040471204188481675,0.00693580372797744,0.6995475113122173
H2114,Housing,Aluminium,Cutting,M2,74,1.04,0.863,57.2,2.54,2025-11-22 21:00:00,2025-11-22 21:51:48.214007959,0.011662162162162162,0.011015369153385622,0.8298076923076922
H2291,Bracket,Aluminium,Cutting,M2,64,0.94,0.788,58.1,3.61,2025-11-22 22:00:00,2025-11-22 22:47:17.498838507,0.0123125,0.01101728842047398,0.8382978723404256
H2955,Bracket,Aluminium,Assembly,M8,35,0.72,0.444,69.2,0.43,2025-11-22 22:00:00,2025-11-22 22:26:37.173942711,0.012685714285714286,0.01140644082532636,0.6166666666666667
H1524,Bracket,Aluminium,Drilling,M5,326,1.93,2.019,86.4,1.27,2025-11-23 00:00:00,2025-11-23 02:01:07.963324182,0.006193251533742332,0.0069252610881631,1.0461139896373057
H128,Shaft,Steel,Drilling,M6,502,2.81,2.567,58.6,3.54,2025-11-23 00:00:00,2025-11-23 02:33:59.954939449,0.005113545816733068,0.005399968765636358,0.9135231316725979
H2045,Housing,Aluminium,Cutting,M1,369,3.99,2.817,63.7,1.74,2025-11-23 00:00:00,2025-11-23 02:49:01.236285251,0.007634146341463415,0.009686422679108157,0.706015037593985
H588,Valve,Titanium,Assembly,M7,100,1.5,1.799,62.5,2.36,2025-11-23 02:00:00,2025-11-23 03:47:54.790959047,0.01799,0.011035512098225212,1.1993333333333334
H2870,Valve,Titanium,Turning,M4,397,3.476,4.969,77.1,3.04,2025-11-23 02:00:00,2025-11-23 06:58:06.988852255,0.012516372795969774,0.009336641638635427,1.4295166858458
H2575,Shaft,Steel,Drilling,M5,69,0.645,0.781,64.0,2.23,2025-11-23 02:00:00,2025-11-23 02:46:51.037144632,0.011318840579710145,0.006922599235237934,1.2108527131782947
H1802,Housing,Aluminium,Assembly,M8,442,5.604,3.93,65.1,1.51,2025-11-23 02:00:00,2025-11-23 05:55:46.317124308,0.008891402714932127,0.011410977256036956,0.7012847965738758
H2633,Cover,Plastic,Cutting,M2,84,1.14,0.561,62.8,2.5,2025-11-23 02:00:00,2025-11-23 02:33:39.364138176,0.0066785714285714295,0.011021120407395656,0.4921052631578948
H921,Shaft,Steel,Cutting,M2,407,4.37,4.76,80.1,2.87,2025-11-23 03:00:00,2025-11-23 07:45:36.956127703,0.011695331695331695,0.011008310528402074,1.089244851258581
H533,Shaft,Steel,Drilling,M5,70,0.65,0.768,60.0,3.36,2025-11-23 03:00:00,2025-11-23 03:46:05.673169596,0.010971428571428571,0.006938527645906311,1.1815384615384614
H541,Gear,Steel,Assembly,M8,122,1.764,1.416,70.7,2.59,2025-11-23 04:00:00,2025-11-23 05:24:57.644717018,0.01160655737704918,0.011402074165785703,0.8027210884353742
H1130,Gear,Steel,Drilling,M6,98,0.79,0.68,69.6,3.08,2025-11-23 05:00:00,2025-11-23 05:40:48.787677504,0.006938775510204082,0.005399014022473347,0.8607594936708861
H1530,Cover,Plastic,Cutting,M2,520,5.5,3.445,81.1,1.89,2025-11-23 06:00:00,2025-11-23 09:26:40.921823925,0.006625,0.011010331178893043,0.6263636363636363
H1514,Shaft,Steel,Drilling,M6,425,2.425,2.185,66.2,2.12,2025-11-23 07:00:00,2025-11-23 09:11:04.476915422,0.005141176470588236,0.005404129509143549,0.9010309278350517
H2563,Cover,Plastic,Assembly,M8,387,4.944,2.728,66.8,2.35,2025-11-23 08:00:00,2025-11-23 10:43:41.414931836,0.007049095607235142,0.011402794177092968,0.551779935275081
H2823,Shaft,Steel,Turning,M3,166,1.628,1.37,60.8,3.25,2025-11-23 08:00:00,2025-11-23 09:22:12.969951067,0.008253012048192771,0.009118121289975988,0.8415233415233416
H2529,Valve,Titanium,Drilling,M6,78,0.69,0.811,74.2,3.34,2025-11-23 08:00:00,2025-11-23 08:48:40.726371742,0.010397435897435898,0.0054032588037178685,1.17536231884058
H653,Valve,Titanium,Cutting,M2,339,3.69,5.414,68.2,4.06,2025-11-23 21:00:00,2025-11-24 02:24:49.259512547,0.015970501474926253,0.010997470970157287,1.4672086720867208
H46,Valve,Titanium,Drilling,M5,484,2.72,5.207,66.9,2.01,2025-11-23 22:00:00,2025-11-24 03:12:25.589785496,0.010758264462809917,0.00695308685502372,1.9143382352941174
H1388,Shaft,Steel,Turning,M3,402,3.516,3.03,57.1,1.55,2025-11-23 22:00:00,2025-11-24 01:01:47.147263076,0.0075373134328358205,0.009114001722157972,0.8617747440273037
H1634,Gear,Steel,Drilling,M5,292,1.76,2.015,69.0,4.21,2025-11-23 22:00:00,2025-11-24 00:00:52.275029548,0.00690068493150685,0.006966774544260361,1.1448863636363638
H2269,Gear,Steel,Drilling,M5,542,3.01,3.584,69.3,3.08,2025-11-23 22:00:00,2025-11-24 01:35:01.237868745,0.006612546125461255,0.006966537663927912,1.1906976744186049
H1138,Shaft,Steel,Drilling,M6,552,3.06,2.35,67.6,3.49,2025-11-23 23:00:00,2025-11-24 01:20:59.809837661,0.004257246376811594,0.005419741236370404,0.7679738562091504
H2528,Bracket,Aluminium,Drilling,M5,87,0.735,0.649,62.0,2.95,2025-11-23 23:00:00,2025-11-23 23:38:56.722632244,0.007459770114942529,0.006965273408433388,0.8829931972789116
H2795,Shaft,Steel,Drilling,M5,143,1.015,1.175,64.5,4.16,2025-11-24 00:00:00,2025-11-24 01:10:29.236698009,0.008216783216783216,0.006967033183189648,1.1576354679802958
H444,Cover,Plastic,Drilling,M5,378,2.19,1.555,66.7,3.77,2025-11-24 01:00:00,2025-11-24 02:33:17.969234220,0.004113756613756614,0.006971464920897426,0.7100456621004566
H1646,Shaft,Steel,Drilling,M5,173,1.165,1.25,59.2,1.8,2025-11-24 03:00:00,2025-11-24 04:15:00.958785797,0.0072254335260115606,0.006961367011684915,1.0729613733905579
H2211,Valve,Titanium,Turning,M3,271,2.468,2.908,74.2,2.4,2025-11-24 04:00:00,2025-11-24 06:54:29.082663256,0.010730627306273062,0.009106529265810475,1.1782820097244733
H61,Valve,Titanium,Cutting,M2,424,4.54,6.69,57.7,2.95,2025-11-24 04:00:00,2025-11-24 10:41:25.333249177,0.015778301886792453,0.011012011995025031,1.473568281938326
H2474,Housing,Aluminium,Cutting,M2,448,4.78,4.016,72.7,3.1,2025-11-24 04:00:00,2025-11-24 08:00:55.966563413,0.008964285714285715,0.011025907883922314,0.8401673640167363
H1327,Shaft,Steel,Drilling,M6,567,3.135,2.817,56.2,1.62,2025-11-24 05:00:00,2025-11-24 07:49:00.630694740,0.004968253968253969,0.005415917240121855,0.8985645933014356
H2119,Bracket,Aluminium,Drilling,M6,319,1.895,1.341,70.6,2.03,2025-11-24 06:00:00,2025-11-24 07:20:26.212951517,0.004203761755485893,0.005414449491689501,0.7076517150395778
H121,Housing,Aluminium,Cutting,M1,24,0.54,0.433,56.4,2.86,2025-11-24 07:00:00,2025-11-24 07:25:58.752069957,0.018041666666666668,0.009681092091218169,0.8018518518518518
H2022,Gear,Steel,Drilling,M6,214,1.37,1.032,53.8,3.14,2025-11-24 07:00:00,2025-11-24 08:01:54.516748085,0.004822429906542056,0.005410492995819555,0.7532846715328467
H2248,Bracket,Aluminium,Drilling,M5,354,2.07,1.783,76.1,2.93,2025-11-24 08:00:00,2025-11-24 09:46:57.640894358,0.005036723163841808,0.006962296823355079,0.861352657004831
H1589,Housing,Aluminium,Cutting,M1,41,0.71,0.517,69.2,2.33,2025-11-24 21:00:00,2025-11-24 21:31:01.390839562,0.012609756097560976,0.009702751610843684,0.7281690140845071
H2931,Shaft,Steel,Cutting,M2,478,5.08,4.683,68.5,2.0,2025-11-24 22:00:00,2025-11-25 02:40:59.580432641,0.009797071129707112,0.01101991479621988,0.9218503937007874
H1874,Gear,Steel,Cutting,M1,517,5.47,4.235,65.1,1.26,2025-11-24 22:00:00,2025-11-25 02:14:04.739940770,0.008191489361702128,0.009710263250344246,0.7742230347349178
H2908,Housing,Aluminium,Assembly,M8,548,6.876,5.52,68.5,3.71,2025-11-24 23:00:00,2025-11-25 04:31:13.116381199,0.010072992700729927,0.011387518041760135,0.8027923211169283
H2719,Valve,Titanium,Turning,M3,162,1.596,1.916,63.3,2.2,2025-11-24 23:00:00,2025-11-25 00:54:56.499016110,0.01182716049382716,0.009114190105623978,1.200501253132832
H1453,Bracket,Aluminium,Cutting,M1,267,2.97,1.907,56.0,2.76,2025-11-24 23:00:00,2025-11-25 00:54:25.885144254,0.007142322097378277,0.00970634888465187,0.642087542087542
H1369,Housing,Aluminium,Assembly,M7,125,1.8,1.328,65.1,2.95,2025-11-25 00:00:00,2025-11-25 01:19:41.060027335,0.010624,0.011060709518159177,0.7377777777777778
H1334,Valve,Titanium,Drilling,M5,553,3.065,4.614,66.5,2.72,2025-11-25 01:00:00,2025-11-25 05:36:49.147350216,0.008343580470162749,0.006955540424549769,1.5053833605220228
H63,Gear,Steel,Turning,M3,270,2.46,2.123,62.2,1.68,2025-11-25 05:00:00,2025-11-25 07:07:21.844021131,0.007862962962962964,0.009126927055803334,0.863008130081301
H1836,Valve,Titanium,Drilling,M6,321,1.905,2.429,57.0,1.04,2025-11-25 05:00:00,2025-11-25 07:25:45.221341621,0.007566978193146417,0.005408577480870768,1.2750656167979002
H2630,Housing,Aluminium,Turning,M3,259,2.372,1.595,57.8,2.77,2025-11-25 06:00:00,2025-11-25 07:35:41.504347110,0.006158301158301158,0.009121020681537726,0.6724283305227656
H1123,Housing,Aluminium,Cutting,M1,170,2.0,1.259,58.9,3.07,2025-11-25 08:00:00,2025-11-25 09:15:32.008300934,0.007405882352941176,0.009699757556149881,0.6295
H1783,Cover,Plastic,Cutting,M1,379,4.09,2.335,79.2,3.01,2025-11-25 21:00:00,2025-11-25 23:20:05.475928228,0.006160949868073878,0.009693875824859602,0.5709046454767727
H1466,Shaft,Steel,Turning,M4,269,2.452,2.312,92.5,2.84,2025-11-25 22:00:00,2025-11-26 00:18:42.610650186,0.008594795539033457,0.009350406708580596,0.9429037520391517
H681,Valve,Titanium,Cutting,M1,177,2.07,2.629,75.2,1.64,2025-11-25 22:00:00,2025-11-26 00:37:44.411636403,0.014853107344632768,0.009684840208601837,1.270048309178744
H2075,Bracket,Aluminium,Assembly,M8,245,3.24,2.241,64.6,1.59,2025-11-25 22:00:00,2025-11-26 00:14:29.290948217,0.009146938775510205,0.011382921799308979,0.6916666666666667
H336,Cover,Plastic,Cutting,M1,129,1.59,0.925,77.0,3.1,2025-11-25 23:00:00,2025-11-25 23:55:30.812771752,0.0071705426356589155,0.009698024563540691,0.5817610062893082
H2320,Cover,Plastic,Assembly,M7,144,2.028,1.127,61.5,2.5,2025-11-26 01:00:00,2025-11-26 02:07:38.746811921,0.00782638888888889,0.011059132949501565,0.5557199211045365
H2073,Bracket,Aluminium,Cutting,M1,462,4.92,3.441,49.4,2.17,2025-11-26 01:00:00,2025-11-26 04:26:28.095359792,0.0074480519480519475,0.009691593311815802,0.699390243902439
H1373,Shaft,Steel,Cutting,M1,227,2.57,2.223,68.7,3.05,2025-11-26 02:00:00,2025-11-26 04:13:24.063838999,0.00979295154185022,0.009685899044395083,0.8649805447470817
H51,Housing,Aluminium,Cutting,M1,353,3.83,2.652,51.2,2.63,2025-11-26 03:00:00,2025-11-26 05:39:05.685726918,0.007512747875354108,0.00968617006337598,0.6924281984334204
H749,Bracket,Aluminium,Assembly,M8,90,1.38,0.762,69.6,1.12,2025-11-26 03:00:00,2025-11-26 03:45:42.355205899,0.008466666666666667,0.011375130917692955,0.5521739130434783
H2634,Housing,Aluminium,Assembly,M7,205,2.76,1.961,64.3,3.86,2025-11-26 03:00:00,2025-11-26 04:57:39.855103267,0.009565853658536586,0.011047504373743964,0.7105072463768117
H2005,Bracket,Aluminium,Cutting,M2,400,4.3,3.837,69.3,2.02,2025-11-26 04:00:00,2025-11-26 07:50:11.702537860,0.0095925,0.011016370321824192,0.8923255813953489
H1080,Housing,Aluminium,Assembly,M7,478,6.036,4.054,70.6,2.38,2025-11-26 06:00:00,2025-11-26 10:03:13.933711869,0.008481171548117155,0.011042193797703794,0.6716368455931081
H543,Valve,Titanium,Turning,M4,68,0.844,1.106,67.9,2.44,2025-11-26 06:00:00,2025-11-26 07:06:22.656557018,0.01626470588235294,0.009347149763884273,1.3104265402843605
H1672,Cover,Plastic,Cutting,M1,30,0.6,0.306,69.2,2.85,2025-11-26 07:00:00,2025-11-26 07:18:22.183035544,0.010199999999999999,0.009680681623507239,0.51
H757,Cover,Plastic,Cutting,M1,518,5.48,3.232,48.9,1.69,2025-11-26 07:00:00,2025-11-26 10:13:53.842056180,0.00623938223938224,0.009681989730249033,0.5897810218978102
H1069,Shaft,Steel,Cutting,M1,215,2.45,2.48,71.6,1.63,2025-11-26 07:00:00,2025-11-26 09:28:49.469275699,0.011534883720930233,0.009673339962684041,1.0122448979591836
H2507,Cover,Plastic,Cutting,M2,456,4.86,3.066,65.6,2.82,2025-11-26 08:00:00,2025-11-26 11:03:57.094937400,0.006723684210526316,0.01101225508968019,0.6308641975308641
H1246,Cover,Plastic,Drilling,M5,510,2.85,1.897,57.2,3.36,2025-11-26 08:00:00,2025-11-26 09:53:48.912979708,0.003719607843137255,0.006960393711422542,0.6656140350877193
H1519,Housing,Aluminium,Cutting,M1,415,4.45,2.895,88.7,1.97,2025-11-26 08:00:00,2025-11-26 10:53:41.850722051,0.006975903614457831,0.009678005485887667,0.650561797752809
H1676,Valve,Titanium,Turning,M3,435,3.78,5.365,69.5,3.16,2025-11-26 23:00:00,2025-11-27 04:21:53.101233386,0.012333333333333333,0.009107240590731975,1.4193121693121695
H1588,Gear,Steel,Turning,M4,115,1.22,0.963,44.7,2.83,2025-11-27 00:00:00,2025-11-27 00:57:45.790467829,0.008373913043478261,0.009376838845937785,0.7893442622950819
H2201,Housing,Aluminium,Turning,M3,396,3.468,2.42,62.1,2.23,2025-11-27 01:00:00,2025-11-27 03:25:10.632561352,0.0061111111111111106,0.009122176205281055,0.6978085351787774
H2280,Housing,Aluminium,Assembly,M7,470,5.94,4.457,69.0,1.43,2025-11-27 01:00:00,2025-11-27 05:27:23.935066050,0.009482978723404254,0.011033047289669556,0.7503367003367003
H2993,Housing,Aluminium,Cutting,M2,250,2.8,2.276,74.5,3.11,2025-11-27 02:00:00,2025-11-27 04:16:35.228101032,0.009104,0.01099989609579214,0.8128571428571428
H1314,Shaft,Steel,Drilling,M5,83,0.715,0.868,68.6,3.71,2025-11-27 02:00:00,2025-11-27 02:52:06.269054330,0.010457831325301205,0.006949101774599248,1.2139860139860141
H2803,Housing,Aluminium,Assembly,M7,31,0.672,0.543,58.7,2.28,2025-11-27 03:00:00,2025-11-27 03:32:34.806243444,0.017516129032258066,0.01102753103142662,0.8080357142857143
H1187,Gear,Steel,Assembly,M7,586,7.332,6.665,63.7,3.06,2025-11-27 04:00:00,2025-11-27 10:39:54.414367385,0.01137372013651877,0.011050540244195526,0.9090289143480633
H318,Gear,Steel,Cutting,M1,189,2.19,1.783,74.8,1.86,2025-11-27 05:00:00,2025-11-27 06:46:58.396285966,0.009433862433862433,0.009671250231209093,0.8141552511415525
H2074,Gear,Steel,Assembly,M7,318,4.116,3.781,59.9,2.24,2025-11-27 05:00:00,2025-11-27 08:46:51.235290520,0.01188993710691824,0.011051682222613629,0.9186103012633626
H412,Bracket,Aluminium,Drilling,M6,270,1.65,1.088,70.4,2.95,2025-11-27 05:00:00,2025-11-27 06:05:18.185568431,0.0040296296296296295,0.005415585275391144,0.6593939393939395
H1113,Shaft,Steel,Turning,M4,251,2.308,2.51,66.1,3.46,2025-11-27 05:00:00,2025-11-27 07:30:36.496294292,0.009999999999999998,0.009372552838234967,1.0875216637781628
H1506,Valve,Titanium,Assembly,M7,143,2.016,2.758,76.3,2.63,2025-11-27 06:00:00,2025-11-27 08:45:29.959035694,0.019286713286713286,0.011054633824318927,1.3680555555555556
H2878,Cover,Plastic,Cutting,M2,255,2.85,1.785,73.3,1.83,2025-11-27 06:00:00,2025-11-27 07:47:06.989591376,0.006999999999999999,0.010994448118505381,0.6263157894736842
H680,Shaft,Steel,Cutting,M2,187,2.17,2.279,62.0,2.27,2025-11-27 21:00:00,2025-11-27 23:16:43.338206652,0.01218716577540107,0.010983002708423704,1.0502304147465438
H103,Gear,Steel,Assembly,M8,381,4.872,4.907,65.0,2.83,2025-11-27 21:00:00,2025-11-28 01:54:24.742343972,0.012879265091863518,0.011365032083488002,1.007183908045977
H211,Gear,Steel,Cutting,M1,127,1.57,1.457,75.9,2.91,2025-11-27 22:00:00,2025-11-27 23:27:26.130429211,0.01147244094488189,0.009670658241689525,0.9280254777070064
H2414,Housing,Aluminium,Turning,M3,276,2.508,1.634,67.0,2.91,2025-11-27 23:00:00,2025-11-28 00:38:04.131029849,0.005920289855072464,0.009108300329271055,0.6515151515151515
H2584,Gear,Steel,Cutting,M1,577,6.07,5.291,54.0,3.23,2025-11-27 23:00:00,2025-11-28 04:17:28.658372421,0.009169844020797228,0.00967514028821488,0.8716639209225701
H1790,Valve,Titanium,Turning,M3,75,0.9,1.091,71.8,2.31,2025-11-28 00:00:00,2025-11-28 01:05:26.981582822,0.014546666666666666,0.009093676428013262,1.212222222222222
H332,Valve,Titanium,Turning,M4,165,1.62,1.867,45.9,2.91,2025-11-28 01:00:00,2025-11-28 02:52:00.008812268,0.011315151515151516,0.009375222826157372,1.152469135802469
H861,Housing,Aluminium,Turning,M4,208,1.964,1.364,58.0,3.91,2025-11-28 02:00:00,2025-11-28 03:21:48.905524701,0.006557692307692308,0.009383442862975143,0.6945010183299389
H1978,Valve,Titanium,Drilling,M6,593,3.265,4.687,66.5,1.79,2025-11-28 02:00:00,2025-11-28 06:41:11.530298603,0.007903878583473863,0.005411099982039164,1.4355283307810107
H723,Cover,Plastic,Cutting,M1,327,3.57,1.759,55.4,0.2,2025-11-28 02:00:00,2025-11-28 03:45:33.368164958,0.005379204892966361,0.009673886451323024,0.49271708683473386
H2721,Shaft,Steel,Turning,M3,53,0.724,0.659,63.4,1.71,2025-11-28 03:00:00,2025-11-28 03:39:32.922850909,0.012433962264150944,0.0091185759268199,0.9102209944751382
H378,Shaft,Steel,Turning,M3,492,4.236,4.067,52.1,1.84,2025-11-28 04:00:00,2025-11-28 08:04:00.944564128,0.008266260162601626,0.00913364586471686,0.9601038715769595
H2382,Shaft,Steel,Cutting,M1,281,3.11,2.832,66.0,1.89,2025-11-28 04:00:00,2025-11-28 06:49:55.598807436,0.010078291814946619,0.0096632560514261,0.9106109324758842
H2970,Valve,Titanium,Turning,M4,558,4.764,6.786,67.9,2.32,2025-11-28 05:00:00,2025-11-28 11:47:10.220832733,0.012161290322580644,0.009371519864851588,1.424433249370277
H1931,Shaft,Steel,Drilling,M5,93,0.765,0.868,62.6,2.85,2025-11-28 05:00:00,2025-11-28 05:52:04.632432957,0.009333333333333334,0.006961284863316964,1.134640522875817
H1857,Cover,Plastic,Assembly,M7,205,2.76,1.49,69.2,1.64,2025-11-28 06:00:00,2025-11-28 07:29:24.301128245,0.00726829268292683,0.011083518313660662,0.5398550724637682
H1926,Valve,Titanium,Turning,M4,332,2.956,3.997,58.7,2.43,2025-11-28 07:00:00,2025-11-28 10:59:48.343330138,0.012039156626506023,0.009383241589463893,1.3521650879566982
H2687,Gear,Steel,Cutting,M2,590,6.2,6.458,75.0,2.33,2025-11-28 07:00:00,2025-11-28 13:27:27.816895458,0.010945762711864407,0.010986443174329353,1.0416129032258064
H2155,Housing,Aluminium,Cutting,M2,194,2.24,1.749,68.3,0.34,2025-11-28 07:00:00,2025-11-28 08:44:57.795366376,0.009015463917525774,0.010986327275575893,0.7808035714285714
H1512,Gear,Steel,Assembly,M8,225,3.0,2.384,71.4,1.0,2025-11-28 07:00:00,2025-11-28 09:23:01.394185115,0.010595555555555554,0.011370271644070618,0.7946666666666666
H2631,Cover,Plastic,Drilling,M5,101,0.805,0.541,56.3,1.96,2025-11-28 07:00:00,2025-11-28 07:32:28.728588678,0.005356435643564357,0.00696949264349003,0.6720496894409937
H2138,Bracket,Aluminium,Drilling,M5,204,1.32,1.151,83.3,2.41,2025-11-28 08:00:00,2025-11-28 09:09:02.914113627,0.005642156862745098,0.006963930377973045,0.871969696969697
H1136,Cover,Plastic,Assembly,M7,49,0.888,0.513,63.9,3.2,2025-11-28 08:00:00,2025-11-28 08:30:46.775565544,0.010469387755102042,0.01107017836390285,0.5777027027027027
H592,Bracket,Aluminium,Assembly,M8,567,7.104,4.491,55.5,3.81,2025-11-28 21:00:00,2025-11-29 01:29:29.101275930,0.00792063492063492,0.011367600209282633,0.632179054054054
H1432,Gear,Steel,Assembly,M8,476,6.012,5.429,75.4,3.38,2025-11-28 21:00:00,2025-11-29 02:25:42.727644355,0.01140546218487395,0.01135575496774089,0.9030272787757819
H2006,Gear,Steel,Turning,M4,199,1.892,1.909,74.9,2.16,2025-11-28 22:00:00,2025-11-28 23:54:32.931707577,0.009592964824120602,0.009394354204681644,1.0089852008456661
H1465,Housing,Aluminium,Assembly,M8,471,5.952,4.123,74.9,1.58,2025-11-28 22:00:00,2025-11-29 02:07:23.653961403,0.00875371549893843,0.01135592519793655,0.6927083333333334
H2224,Housing,Aluminium,Cutting,M1,350,3.8,2.718,67.6,3.28,2025-11-28 22:00:00,2025-11-29 00:43:05.346811380,0.0077657142857142855,0.009664280831089113,0.7152631578947368
H1858,Valve,Titanium,Cutting,M1,302,3.32,4.043,64.4,2.1,2025-11-28 22:00:00,2025-11-29 02:02:33.125190704,0.013387417218543047,0.009659604558809867,1.2177710843373495
H1012,Valve,Titanium,Drilling,M6,353,2.065,2.74,67.8,2.31,2025-11-28 23:00:00,2025-11-29 01:44:23.987628346,0.007762039660056658,0.005419141203334115,1.3268765133171914
H1488,Bracket,Aluminium,Drilling,M5,510,2.85,2.288,62.1,3.31,2025-11-29 00:00:00,2025-11-29 02:17:17.199887238,0.0044862745098039215,0.006959388200944772,0.8028070175438595
H2407,Gear,Steel,Drilling,M6,468,2.64,2.406,60.8,2.28,2025-11-29 00:00:00,2025-11-29 02:24:22.574289785,0.005141025641025641,0.0054266746388862775,0.9113636363636364
H1942,Cover,Plastic,Drilling,M6,52,0.56,0.307,69.8,2.34,2025-11-29 02:00:00,2025-11-29 02:18:23.986644756,0.005903846153846154,0.005425759097226468,0.5482142857142857
H2278,Bracket,Aluminium,Drilling,M6,204,1.32,0.854,71.4,2.26,2025-11-29 03:00:00,2025-11-29 03:51:15.082262292,0.0041862745098039215,0.005427286531912153,0.646969696969697
H1716,Valve,Titanium,Cutting,M1,214,2.44,3.574,65.8,1.7,2025-11-29 03:00:00,2025-11-29 06:34:27.944812308,0.01670093457943925,0.009668763803674076,1.4647540983606557
H557,Bracket,Aluminium,Cutting,M1,516,5.46,3.739,63.1,4.03,2025-11-29 05:00:00,2025-11-29 08:44:21.798939159,0.0072461240310077515,0.009685999516359773,0.6847985347985348
H689,Bracket,Aluminium,Assembly,M8,306,3.972,2.366,57.3,2.77,2025-11-29 05:00:00,2025-11-29 07:21:58.007351766,0.00773202614379085,0.011347043936165225,0.595669687814703
H2182,Bracket,Aluminium,Drilling,M6,380,2.2,1.442,73.5,3.13,2025-11-29 06:00:00,2025-11-29 07:26:29.842809848,0.003794736842105263,0.005423334264325822,0.6554545454545454
H934,Gear,Steel,Assembly,M7,525,6.6,6.536,67.9,4.08,2025-11-29 06:00:00,2025-11-29 12:32:11.360469400,0.012449523809523808,0.011068085016833859,0.9903030303030302
H649,Valve,Titanium,Turning,M3,434,3.772,5.139,82.0,3.61,2025-11-29 07:00:00,2025-11-29 12:08:19.623790024,0.011841013824884793,0.009129721042535342,1.3624072110286323
H1156,Bracket,Aluminium,Drilling,M5,223,1.415,1.234,69.3,2.56,2025-11-29 08:00:00,2025-11-29 09:14:00.660219156,0.005533632286995516,0.0069509186335093565,0.8720848056537102
H485,Bracket,Aluminium,Cutting,M2,599,6.29,4.48,54.6,2.99,2025-11-29 08:00:00,2025-11-29 12:28:47.578568452,0.0074791318864774635,0.010980728231945068,0.7122416534181241
H335,Cover,Plastic,Drilling,M5,458,2.59,1.884,48.6,2.35,2025-11-29 21:00:00,2025-11-29 22:53:03.806165080,0.00411353711790393,0.006946081478743098,0.7274131274131274
H1409,Valve,Titanium,Turning,M4,270,2.46,3.258,63.3,2.96,2025-11-29 22:00:00,2025-11-30 01:15:30.268858665,0.012066666666666667,0.009395181748929306,1.324390243902439
H488,Shaft,Steel,Cutting,M2,271,3.01,2.702,67.7,1.82,2025-11-29 22:00:00,2025-11-30 00:42:06.795806655,0.009970479704797048,0.010970808695555641,0.8976744186046512
H510,Housing,Aluminium,Cutting,M1,40,0.7,0.463,70.0,2.28,2025-11-29 22:00:00,2025-11-29 22:27:46.278053495,0.011575,0.009680034050625418,0.6614285714285715
H199,Bracket,Aluminium,Drilling,M6,340,2.0,1.287,55.7,4.11,2025-11-29 23:00:00,2025-11-30 00:17:11.591443364,0.0037852941176470586,0.00541816411377909,0.6435
H2784,Gear,Steel,Assembly,M8,387,4.944,4.005,80.2,1.3,2025-11-30 00:00:00,2025-11-30 04:00:16.598126078,0.010348837209302325,0.011334747957279599,0.8100728155339806
H627,Valve,Titanium,Cutting,M2,254,2.84,3.939,63.7,3.63,2025-11-30 00:00:00,2025-11-30 03:56:18.733132097,0.015507874015748031,0.010967982907446152,1.3869718309859156
H2917,Cover,Plastic,Assembly,M7,451,5.712,2.974,64.1,1.37,2025-11-30 00:00:00,2025-11-30 02:58:24.694594562,0.006594235033259424,0.011072881679308475,0.5206582633053222
H2065,Housing,Aluminium,Turning,M4,430,3.74,2.313,56.3,2.37,2025-11-30 01:00:00,2025-11-30 03:18:46.123604566,0.005379069767441861,0.009406266748587968,0.6184491978609625
H1520,Cover,Plastic,Cutting,M2,498,5.28,3.414,59.5,3.52,2025-11-30 02:00:00,2025-11-30 05:24:51.825180184,0.006855421686746988,0.010980771333103342,0.6465909090909091
H2490,Shaft,Steel,Cutting,M2,149,1.79,1.78,66.6,2.06,2025-11-30 02:00:00,2025-11-30 03:46:47.122218962,0.011946308724832214,0.01096918327229897,0.994413407821229
H338,Cover,Plastic,Cutting,M2,560,5.9,3.546,77.6,1.7,2025-11-30 02:00:00,2025-11-30 05:32:44.541194178,0.0063321428571428565,0.010971920318384497,0.6010169491525423
H2980,Gear,Steel,Cutting,M2,78,1.08,1.18,59.0,3.25,2025-11-30 03:00:00,2025-11-30 04:10:47.478878741,0.015128205128205128,0.010958960046146392,1.0925925925925926
H1405,Housing,Aluminium,Cutting,M1,474,5.04,4.427,76.2,2.48,2025-11-30 04:00:00,2025-11-30 08:25:37.813535577,0.009339662447257382,0.009684655918794624,0.8783730158730158
H954,Valve,Titanium,Turning,M4,552,4.716,5.989,41.1,2.94,2025-11-30 04:00:00,2025-11-30 09:59:21.382928691,0.01084963768115942,0.00938962543874852,1.2699321458863442
H1285,Housing,Aluminium,Cutting,M2,159,1.89,1.59,57.5,2.35,2025-11-30 06:00:00,2025-11-30 07:35:22.374170148,0.01,0.010970573542196696,0.8412698412698414
H2579,Cover,Plastic,Drilling,M6,434,2.47,1.153,54.5,3.02,2025-11-30 06:00:00,2025-11-30 07:09:11.099449013,0.0026566820276497697,0.005412996803664747,0.46680161943319837
H2454,Shaft,Steel,Drilling,M6,109,0.845,0.62,71.6,3.18,2025-11-30 06:00:00,2025-11-30 06:37:12.806599130,0.005688073394495413,0.005404301804371326,0.7337278106508875
H2159,Shaft,Steel,Cutting,M1,309,3.39,2.84,72.8,2.27,2025-11-30 08:00:00,2025-11-30 10:50:25.766338743,0.00919093851132686,0.009683816518620566,0.8377581120943952
H2859,Cover,Plastic,Drilling,M6,335,1.975,0.973,78.8,3.11,2025-11-30 21:00:00,2025-11-30 21:58:21.371442928,0.0029044776119402983,0.005405194167862282,0.4926582278481012
H1276,Gear,Steel,Drilling,M5,425,2.425,2.407,62.9,2.37,2025-12-01 01:00:00,2025-12-01 03:24:24.924531451,0.005663529411764706,0.006936446974114394,0.992577319587629
H1090,Gear,Steel,Assembly,M8,179,2.448,2.175,67.8,2.13,2025-12-01 01:00:00,2025-12-01 03:10:30.181230279,0.012150837988826815,0.011331405886947473,0.8884803921568627
H342,Cover,Plastic,Drilling,M5,207,1.335,0.802,70.5,2.01,2025-12-01 01:00:00,2025-12-01 01:48:06.531993273,0.0038743961352657006,0.0069321319993267665,0.600749063670412
H262,Housing,Aluminium,Cutting,M2,462,4.92,3.698,61.2,2.85,2025-12-01 02:00:00,2025-12-01 05:41:51.976893072,0.008004329004329003,0.010967877504579482,0.7516260162601626
H1209,Gear,Steel,Drilling,M6,340,2.0,1.664,63.9,3.13,2025-12-01 06:00:00,2025-12-01 07:39:51.425258499,0.004894117647058823,0.005397354931009861,0.832
H1782,Bracket,Aluminium,Drilling,M6,266,1.63,1.171,57.9,3.27,2025-12-01 06:00:00,2025-12-01 07:10:17.382260090,0.004402255639097744,0.005395782314497515,0.7184049079754602
H1398,Valve,Titanium,Assembly,M7,363,4.656,6.49,60.3,1.03,2025-12-01 07:00:00,2025-12-01 13:29:23.443195380,0.01787878787878788,0.011057384632090314,1.3939003436426118
H2438,Housing,Aluminium,Turning,M4,483,4.164,3.087,68.8,3.49,2025-12-01 07:00:00,2025-12-01 10:05:12.207202814,0.006391304347826087,0.009395633719581489,0.7413544668587897
H415,Gear,Steel,Turning,M3,252,2.316,1.929,60.7,2.51,2025-12-01 07:00:00,2025-12-01 08:55:46.187983151,0.007654761904761905,0.009141934073086465,0.8329015544041452
H491,Valve,Titanium,Turning,M4,322,2.876,4.214,77.9,2.11,2025-12-01 07:00:00,2025-12-01 11:12:50.091586899,0.013086956521739131,0.009383320894287407,1.465229485396384
H2757,Housing,Aluminium,Turning,M4,303,2.724,2.08,67.4,2.77,2025-12-01 07:00:00,2025-12-01 09:04:48.459431620,0.006864686468646865,0.009398437774399455,0.763582966226138
H477,Valve,Titanium,Cutting,M1,486,5.16,7.23,53.0,1.93,2025-12-01 08:00:00,2025-12-01 15:13:48.711839765,0.014876543209876544,0.009682620212777621,1.4011627906976745
H1287,Gear,Steel,Turning,M4,579,4.932,4.721,60.1,3.11,2025-12-01 08:00:00,2025-12-01 12:43:15.738337453,0.00815371329879102,0.00938813797234355,0.9572181670721817
H2655,Valve,Titanium,Turning,M4,179,1.732,2.063,65.3,2.14,2025-12-01 21:00:00,2025-12-01 23:03:45.346029837,0.01152513966480447,0.009383140301600423,1.1911085450346421
H2930,Shaft,Steel,Drilling,M6,299,1.795,1.362,59.9,2.4,2025-12-01 21:00:00,2025-12-01 22:21:43.671176642,0.004555183946488295,0.005392687215820257,0.7587743732590531
H190,Gear,Steel,Assembly,M8,109,1.608,1.54,78.6,2.86,2025-12-01 22:00:00,2025-12-01 23:32:24.325758254,0.014128440366972478,0.01133417423864301,0.9577114427860696
H1635,Valve,Titanium,Turning,M4,574,4.892,6.677,59.0,2.92,2025-12-01 22:00:00,2025-12-02 04:40:37.904935176,0.011632404181184669,0.009391777395806891,1.364881439084219
H1685,Gear,Steel,Drilling,M5,583,3.215,3.379,63.6,1.94,2025-12-01 23:00:00,2025-12-02 02:22:44.973198051,0.005795883361921098,0.006921801810596831,1.0510108864696734
H1938,Housing,Aluminium,Turning,M4,246,2.268,1.576,66.3,3.36,2025-12-01 23:00:00,2025-12-02 00:34:32.677135733,0.00640650406504065,0.009400775896952988,0.6948853615520283
H1805,Bracket,Aluminium,Cutting,M2,80,1.1,0.933,75.4,3.92,2025-12-02 00:00:00,2025-12-02 00:55:58.534479917,0.011662500000000001,0.01095966822895552,0.8481818181818181
H2177,Shaft,Steel,Turning,M4,525,4.5,3.945,72.3,1.59,2025-12-02 00:00:00,2025-12-02 03:56:42.588929482,0.007514285714285714,0.009388798809625338,0.8766666666666666
H1358,Housing,Aluminium,Turning,M4,148,1.484,1.105,61.9,3.01,2025-12-02 00:00:00,2025-12-02 01:06:18.419185419,0.007466216216216216,0.00938133062996263,0.7446091644204852
H1463,Housing,Aluminium,Assembly,M7,191,2.592,2.249,70.5,2.54,2025-12-02 01:00:00,2025-12-02 03:14:57.115195361,0.011774869109947645,0.01108090671225134,0.8676697530864198
H310,Bracket,Aluminium,Cutting,M2,55,0.85,0.689,57.0,2.53,2025-12-02 06:00:00,2025-12-02 06:41:22.117274887,0.012527272727272725,0.010961609753184925,0.8105882352941176
H95,Bracket,Aluminium,Cutting,M1,510,5.4,4.032,59.0,2.82,2025-12-02 06:00:00,2025-12-02 10:01:56.807694920,0.007905882352941176,0.00969519629751636,0.7466666666666666
H270,Valve,Titanium,Drilling,M5,508,2.84,4.774,72.3,1.54,2025-12-02 07:00:00,2025-12-02 11:46:26.845928840,0.00939763779527559,0.006918010839389169,1.6809859154929578
H230,Valve,Titanium,Assembly,M8,212,2.844,4.105,69.9,1.43,2025-12-02 07:00:00,2025-12-02 11:06:18.568480788,0.019363207547169813,0.0113435825421054,1.4433895921237696
H2540,Housing,Aluminium,Cutting,M2,411,4.41,3.878,73.0,3.32,2025-12-02 08:00:00,2025-12-02 11:52:41.652611151,0.009435523114355231,0.010965922874325662,0.8793650793650793
H720,Gear,Steel,Turning,M4,157,1.556,1.572,57.0,4.69,2025-12-02 08:00:00,2025-12-02 09:34:20.203591096,0.010012738853503185,0.00937373096959062,1.0102827763496145
H688,Gear,Steel,Cutting,M1,406,4.36,4.294,68.0,4.03,2025-12-02 08:00:00,2025-12-02 12:17:39.648707748,0.010576354679802955,0.009690874283157482,0.9848623853211007
H2854,Housing,Aluminium,Cutting,M1,512,5.42,3.918,56.6,2.37,2025-12-02 21:00:00,2025-12-03 00:55:03.859665247,0.00765234375,0.009693007970860243,0.7228782287822879
H98,Bracket,Aluminium,Drilling,M5,331,1.955,1.778,63.1,2.56,2025-12-02 21:00:00,2025-12-02 22:46:41.262224704,0.0053716012084592145,0.006926331735214291,0.909462915601023
H696,Valve,Titanium,Drilling,M6,466,2.63,3.377,64.7,2.84,2025-12-02 22:00:00,2025-12-03 01:22:35.484967284,0.007246781115879828,0.0053900862739900334,1.2840304182509505
H1029,Bracket,Aluminium,Drilling,M5,84,0.72,0.651,78.0,2.49,2025-12-02 22:00:00,2025-12-02 22:39:04.890625270,0.00775,0.006921131967566281,0.9041666666666668
H1433,Shaft,Steel,Cutting,M1,504,5.34,4.42,74.9,2.87,2025-12-02 23:00:00,2025-12-03 03:25:10.265879843,0.00876984126984127,0.009688102528021637,0.8277153558052435
H1689,Shaft,Steel,Drilling,M5,102,0.81,0.98,77.7,2.49,2025-12-03 00:00:00,2025-12-03 00:58:47.422729184,0.009607843137254901,0.006923894861007726,1.2098765432098764
H783,Bracket,Aluminium,Drilling,M6,456,2.58,1.795,60.5,1.96,2025-12-03 01:00:00,2025-12-03 02:47:41.918201626,0.00393640350877193,0.005395834555234274,0.695736434108527
H863,Housing,Aluminium,Cutting,M2,350,3.8,3.161,63.9,1.72,2025-12-03 02:00:00,2025-12-03 05:09:38.024114079,0.009031428571428572,0.010961718479380688,0.8318421052631579
H2783,Gear,Steel,Drilling,M6,495,2.775,2.295,72.4,2.98,2025-12-03 04:00:00,2025-12-03 06:17:41.406057442,0.004636363636363636,0.005391330138424205,0.827027027027027
H1670,Valve,Titanium,Assembly,M7,219,2.928,3.87,69.6,2.8,2025-12-03 04:00:00,2025-12-03 07:52:12.377702516,0.01767123287671233,0.011083291462758887,1.3217213114754098
H1867,Bracket,Aluminium,Cutting,M1,365,3.95,3.189,69.4,1.82,2025-12-03 06:00:00,2025-12-03 09:11:19.070997823,0.008736986301369863,0.009685900462654296,0.8073417721518987
H970,Shaft,Steel,Drilling,M6,578,3.19,2.643,73.0,2.46,2025-12-03 06:00:00,2025-12-03 08:38:35.421777932,0.004572664359861592,0.005389007164571711,0.828526645768025
H2886,Housing,Aluminium,Assembly,M7,549,6.888,4.677,62.6,3.04,2025-12-03 07:00:00,2025-12-03 11:40:36.660982074,0.008519125683060109,0.011105852905957357,0.679006968641115
H2508,Gear,Steel,Drilling,M5,287,1.735,1.733,51.9,3.81,2025-12-03 07:00:00,2025-12-03 08:43:59.721719547,0.006038327526132405,0.00693281163268961,0.9988472622478386
H2894,Gear,Steel,Turning,M3,159,1.572,1.212,60.3,3.27,2025-12-03 21:00:00,2025-12-03 22:12:44.133209234,0.007622641509433962,0.009135265139596222,0.7709923664122137
H2890,Gear,Steel,Cutting,M2,121,1.51,1.469,59.4,3.22,2025-12-03 23:00:00,2025-12-04 00:28:09.718773860,0.012140495867768596,0.01095643001387945,0.9728476821192054
H1555,Gear,Steel,Turning,M4,53,0.724,0.753,70.4,3.01,2025-12-04 00:00:00,2025-12-04 00:45:10.262901252,0.01420754716981132,0.009376256692451934,1.0400552486187846
H2365,Housing,Aluminium,Assembly,M8,124,1.788,1.268,82.4,3.39,2025-12-04 01:00:00,2025-12-04 02:16:05.106517825,0.010225806451612904,0.011370494035410985,0.70917225950783
H494,Housing,Aluminium,Turning,M4,298,2.684,2.197,71.1,2.05,2025-12-04 04:00:00,2025-12-04 06:11:47.935168292,0.00737248322147651,0.009395277521102956,0.8185543964232489
H393,Shaft,Steel,Drilling,M6,121,0.905,0.726,63.2,3.3,2025-12-04 06:00:00,2025-12-04 06:43:33.804611747,0.006,0.005386503045538857,0.8022099447513812
H2884,Shaft,Steel,Turning,M3,68,0.844,0.668,51.5,2.58,2025-12-04 08:00:00,2025-12-04 08:40:04.230094206,0.009823529411764707,0.009128512355532997,0.7914691943127963
H170,Gear,Steel,Assembly,M8,349,4.488,4.274,63.0,2.2,2025-12-04 21:00:00,2025-12-05 01:16:25.542907307,0.012246418338108883,0.011366665648843099,0.9523172905525846
H229,Cover,Plastic,Assembly,M7,222,2.964,1.465,70.1,2.41,2025-12-04 22:00:00,2025-12-04 23:27:54.142505015,0.006599099099099099,0.011097024485401395,0.4942645074224022
H622,Gear,Steel,Drilling,M5,31,0.455,0.479,64.7,1.35,2025-12-04 23:00:00,2025-12-04 23:28:43.399715829,0.015451612903225807,0.006929849764787103,1.0527472527472526
H2330,Gear,Steel,Assembly,M7,79,1.248,1.093,58.3,0.96,2025-12-05 01:00:00,2025-12-05 02:05:34.317786928,0.013835443037974684,0.011081725419461591,0.875801282051282
H2595,Valve,Titanium,Cutting,M1,423,4.53,6.669,75.2,2.75,2025-12-05 02:00:00,2025-12-05 08:40:10.064938376,0.01576595744680851,0.009683630333081845,1.472185430463576
H2965,Shaft,Steel,Drilling,M6,88,0.74,0.592,69.1,2.85,2025-12-05 02:00:00,2025-12-05 02:35:30.576714857,0.006727272727272727,0.0053883791830142734,0.7999999999999999
H2265,Housing,Aluminium,Assembly,M8,520,6.54,5.075,73.2,2.41,2025-12-05 04:00:00,2025-12-05 09:04:31.615187231,0.009759615384615386,0.011369598157807317,0.7759938837920489
H2399,Gear,Steel,Cutting,M1,494,5.24,4.545,55.0,1.06,2025-12-05 04:00:00,2025-12-05 08:32:40.754654535,0.009200404858299595,0.009698146626909357,0.8673664122137404
H870,Bracket,Aluminium,Assembly,M8,172,2.364,1.517,57.4,2.09,2025-12-05 04:00:00,2025-12-05 05:31:02.471300204,0.008819767441860464,0.011364249377829936,0.6417089678510999
H886,Valve,Titanium,Cutting,M1,572,6.02,8.503,75.7,3.01,2025-12-05 04:00:00,2025-12-05 12:30:09.463663351,0.014865384615384615,0.009696961527460284,1.4124584717607975
H2995,Gear,Steel,Assembly,M7,69,1.128,1.025,83.6,3.06,2025-12-05 05:00:00,2025-12-05 06:01:31.365550883,0.014855072463768115,0.01109106005545655,0.9086879432624113
H759,Gear,Steel,Turning,M4,38,0.604,0.54,59.1,2.52,2025-12-05 05:00:00,2025-12-05 05:32:24.233215707,0.014210526315789474,0.009387344994437753,0.8940397350993379
H2040,Gear,Steel,Assembly,M7,219,2.928,2.662,59.0,2.63,2025-12-05 06:00:00,2025-12-05 08:39:43.090812959,0.012155251141552512,0.011103776313592738,0.9091530054644809
H1201,Cover,Plastic,Cutting,M1,144,1.74,0.95,66.2,3.13,2025-12-05 07:00:00,2025-12-05 07:57:01.631773716,0.006597222222222222,0.00970923806686153,0.5459770114942528
H973,Valve,Titanium,Turning,M3,506,4.348,5.456,54.5,1.6,2025-12-05 08:00:00,2025-12-05 13:27:22.592515654,0.010782608695652176,0.00913160132022736,1.254829806807728
H2748,Bracket,Aluminium,Cutting,M2,345,3.75,2.99,60.6,1.34,2025-12-05 21:00:00,2025-12-05 23:59:23.413925643,0.008666666666666668,0.010959665166485706,0.7973333333333333
H1742,Cover,Plastic,Drilling,M6,91,0.755,0.393,62.0,4.09,2025-12-05 21:00:00,2025-12-05 21:23:35.938128455,0.004318681318681319,0.005392461175527257,0.5205298013245033
H1879,Shaft,Steel,Turning,M4,269,2.452,2.298,71.8,2.8,2025-12-05 21:00:00,2025-12-05 23:17:51.078099725,0.00854275092936803,0.009406185546474283,0.9371941272430669
H2249,Cover,Plastic,Assembly,M7,525,6.6,3.564,60.9,1.93,2025-12-05 22:00:00,2025-12-06 01:33:51.021947365,0.0067885714285714285,0.011107316632878797,0.54
H1752,Bracket,Aluminium,Assembly,M7,500,6.3,4.435,55.4,2.32,2025-12-05 22:00:00,2025-12-06 02:26:05.249810374,0.00887,0.011092824199307297,0.7039682539682539
H1478,Gear,Steel,Drilling,M5,47,0.535,0.628,64.4,1.84,2025-12-05 23:00:00,2025-12-05 23:37:39.399438903,0.013361702127659575,0.006957974395607034,1.1738317757009344
H1121,Housing,Aluminium,Cutting,M1,330,3.6,2.719,62.8,2.53,2025-12-06 00:00:00,2025-12-06 02:43:07.362877428,0.008239393939393939,0.009701863621732055,0.7552777777777777
H2883,Gear,Steel,Drilling,M6,152,1.06,0.907,53.7,1.22,2025-12-06 00:00:00,2025-12-06 00:54:23.868193608,0.005967105263157895,0.0053891974069654154,0.8556603773584905
H1966,Valve,Titanium,Turning,M3,422,3.676,4.866,59.9,3.42,2025-12-06 01:00:00,2025-12-06 05:51:58.486490985,0.01153080568720379,0.009138906662596497,1.3237214363438519
H1294,Valve,Titanium,Drilling,M6,372,2.16,3.161,77.5,1.88,2025-12-06 02:00:00,2025-12-06 05:09:40.988095813,0.00849731182795699,0.005390948642893271,1.463425925925926
H2154,Bracket,Aluminium,Assembly,M8,272,3.564,2.199,75.3,3.32,2025-12-06 03:00:00,2025-12-06 05:11:57.703908803,0.008084558823529412,0.011355823940955865,0.617003367003367
H99,Gear,Steel,Turning,M4,572,4.876,4.08,67.5,2.97,2025-12-06 05:00:00,2025-12-06 09:04:47.726309692,0.007132867132867133,0.009402825878703443,0.8367514356029532
H578,Gear,Steel,Turning,M3,379,3.332,2.686,68.0,1.02,2025-12-06 07:00:00,2025-12-06 09:41:10.926370187,0.007087071240105541,0.009149443662704898,0.8061224489795918
H2461,Gear,Steel,Assembly,M8,129,1.848,1.516,80.6,3.75,2025-12-06 21:00:00,2025-12-06 22:30:57.008839154,0.011751937984496124,0.011345027686442907,0.8203463203463203
H891,Cover,Plastic,Drilling,M6,377,2.185,1.222,77.2,0.28,2025-12-06 22:00:00,2025-12-06 23:13:17.469013141,0.0032413793103448275,0.005400333425929718,0.5592677345537758
H837,Bracket,Aluminium,Cutting,M1,567,5.97,4.646,63.6,2.48,2025-12-06 23:00:00,2025-12-07 03:38:46.782970126,0.00819400352733686,0.009698406246596502,0.7782244556113903
H79,Bracket,Aluminium,Drilling,M5,256,1.58,1.391,60.0,2.75,2025-12-07 00:00:00,2025-12-07 01:23:27.261236717,0.00543359375,0.00697903928946247,0.880379746835443
H2570,Valve,Titanium,Drilling,M6,150,1.05,1.413,69.9,2.37,2025-12-07 01:00:00,2025-12-07 02:24:45.803013754,0.00942,0.005393830552087594,1.3457142857142856
H2152,Cover,Plastic,Cutting,M1,331,3.61,2.203,65.2,2.94,2025-12-07 02:00:00,2025-12-07 04:12:09.828267302,0.006655589123867069,0.009694858126975608,0.6102493074792243
H1696,Housing,Aluminium,Turning,M4,175,1.7,1.323,60.7,2.61,2025-12-07 03:00:00,2025-12-07 04:19:21.653375297,0.00756,0.009394027588990899,0.778235294117647
H2667,Valve,Titanium,Assembly,M8,309,4.008,5.209,55.1,2.81,2025-12-07 03:00:00,2025-12-07 08:12:31.525268213,0.016857605177993527,0.011346366207160187,1.2996506986027943
H390,Valve,Titanium,Turning,M3,117,1.236,1.628,53.6,2.16,2025-12-07 04:00:00,2025-12-07 05:37:39.246978813,0.013914529914529914,0.009140398169623323,1.3171521035598706
H923,Bracket,Aluminium,Assembly,M7,199,2.688,1.651,66.2,2.34,2025-12-07 05:00:00,2025-12-07 06:39:01.901807149,0.008296482412060302,0.011085390004660784,0.6142113095238095
H2081,Shaft,Steel,Turning,M4,146,1.468,1.329,52.3,3.09,2025-12-07 06:00:00,2025-12-07 07:19:44.611077636,0.009102739726027397,0.009386946401388617,0.9053133514986376
H2459,Valve,Titanium,Assembly,M7,492,6.204,8.704,72.7,3.31,2025-12-07 07:00:00,2025-12-07 15:42:15.246752996,0.017691056910569106,0.011076093646018782,1.4029658284977435
H105,Bracket,Aluminium,Drilling,M6,94,0.77,0.527,62.7,2.42,2025-12-07 21:00:00,2025-12-07 21:31:37.091614810,0.0056063829787234044,0.005405921151030274,0.6844155844155845
H1425,Valve,Titanium,Turning,M4,416,3.628,5.466,63.5,2.22,2025-12-07 22:00:00,2025-12-08 03:27:59.310415486,0.013139423076923078,0.009385853298791075,1.5066152149944874
H703,Shaft,Steel,Drilling,M6,211,1.355,1.146,67.5,2.39,2025-12-08 03:00:00,2025-12-08 04:08:43.804497344,0.0054312796208530805,0.005406521336143128,0.8457564575645756
H1100,Gear,Steel,Cutting,M1,69,0.99,0.965,70.2,1.35,2025-12-08 04:00:00,2025-12-08 04:57:54.175539289,0.01398550724637681,0.009687706905791823,0.9747474747474747
H1613,Bracket,Aluminium,Drilling,M6,412,2.36,1.524,51.8,2.71,2025-12-08 04:00:00,2025-12-08 05:31:25.043819928,0.0036990291262135925,0.0054065952414706206,0.6457627118644068
H1773,Gear,Steel,Drilling,M5,412,2.36,2.971,81.4,1.61,2025-12-08 04:00:00,2025-12-08 06:58:13.805525128,0.007211165048543689,0.0069739722549068545,1.2588983050847458
H966,Shaft,Steel,Turning,M3,104,1.132,1.16,65.6,0.43,2025-12-08 05:00:00,2025-12-08 06:09:37.011470234,0.011153846153846153,0.009161245906500644,1.0247349823321554
H2172,Shaft,Steel,Cutting,M2,542,5.72,6.195,53.0,3.68,2025-12-08 05:00:00,2025-12-08 11:11:41.464573269,0.011429889298892989,0.010953417214170121,1.0830419580419581
H2000,Bracket,Aluminium,Drilling,M6,154,1.07,0.684,57.5,1.04,2025-12-08 06:00:00,2025-12-08 06:41:02.454004925,0.004441558441558442,0.005401513199460927,0.6392523364485981
H994,Housing,Aluminium,Assembly,M8,113,1.656,1.146,74.1,2.47,2025-12-08 06:00:00,2025-12-08 07:08:46.462782290,0.010141592920353982,0.01136443584313013,0.6920289855072463
H530,Shaft,Steel,Cutting,M2,244,2.74,3.047,76.5,2.47,2025-12-08 08:00:00,2025-12-08 11:02:47.550158688,0.012487704918032787,0.010954711975269912,1.1120437956204379
H2939,Cover,Plastic,Cutting,M2,150,1.8,1.052,65.9,2.27,2025-12-08 08:00:00,2025-12-08 09:03:08.392310291,0.007013333333333333,0.010958866427689323,0.5844444444444444
H440,Housing,Aluminium,Turning,M3,478,4.124,2.524,59.1,2.52,2025-12-08 21:00:00,2025-12-08 23:31:27.101325044,0.005280334728033473,0.009169909385836929,0.6120271580989332
H537,Cover,Plastic,Cutting,M1,579,6.09,3.531,72.5,2.23,2025-12-08 22:00:00,2025-12-09 01:31:50.470104375,0.006098445595854923,0.009697795638985684,0.5798029556650247
H2550,Valve,Titanium,Assembly,M8,369,4.728,6.377,67.0,3.85,2025-12-08 22:00:00,2025-12-09 04:22:35.616766560,0.017281842818428185,0.011360439624428249,1.3487732656514382
H569,Shaft,Steel,Cutting,M2,269,2.99,2.819,67.3,2.7,2025-12-09 00:00:00,2025-12-09 02:49:08.714768169,0.010479553903345725,0.010948202824731603,0.942809364548495
H2968,Shaft,Steel,Turning,M4,594,5.052,5.141,69.7,2.81,2025-12-09 00:00:00,2025-12-09 05:08:29.354043604,0.008654882154882155,0.009400234792193879,1.0176167854315123
H615,Housing,Aluminium,Assembly,M7,128,1.836,1.349,67.0,3.22,2025-12-09 01:00:00,2025-12-09 02:20:56.805438071,0.0105390625,0.011098070268160147,0.7347494553376905
H2769,Gear,Steel,Assembly,M7,582,7.284,6.453,45.4,2.17,2025-12-09 03:00:00,2025-12-09 09:27:09.254063381,0.011087628865979382,0.011096219249060279,0.8859143327841846
H866,Bracket,Aluminium,Assembly,M8,186,2.532,2.008,60.7,2.51,2025-12-09 03:00:00,2025-12-09 05:00:27.821804810,0.010795698924731183,0.011379727582714893,0.7930489731437599
H508,Shaft,Steel,Cutting,M2,128,1.58,1.584,68.9,1.47,2025-12-09 04:00:00,2025-12-09 05:35:01.670576996,0.012375,0.010946939620091748,1.0025316455696203
H2696,Cover,Plastic,Cutting,M2,109,1.39,0.832,62.0,2.35,2025-12-09 04:00:00,2025-12-09 04:49:54.891315611,0.0076330275229357794,0.01095077849208075,0.5985611510791367
H69,Housing,Aluminium,Turning,M4,369,3.252,2.327,79.3,3.41,2025-12-09 05:00:00,2025-12-09 07:19:36.451128539,0.006306233062330623,0.009397389934799558,0.715559655596556
H177,Cover,Plastic,Assembly,M7,157,2.184,1.125,62.4,2.34,2025-12-09 06:00:00,2025-12-09 07:07:29.547494303,0.007165605095541401,0.011096190897961,0.5151098901098901
H1153,Housing,Aluminium,Turning,M4,466,4.028,2.813,66.6,2.98,2025-12-09 07:00:00,2025-12-09 09:48:48.483631276,0.006036480686695279,0.009385636486615266,0.698361469712016
H2456,Bracket,Aluminium,Cutting,M1,30,0.6,0.448,53.2,3.66,2025-12-09 07:00:00,2025-12-09 07:26:53.246752755,0.014933333333333333,0.009689366247783972,0.7466666666666667
H192,Bracket,Aluminium,Cutting,M1,198,2.28,1.495,64.8,2.0,2025-12-09 08:00:00,2025-12-09 09:29:41.143756147,0.007550505050505051,0.00970161850732965,0.655701754385965
H1014,Gear,Steel,Assembly,M7,280,3.66,3.621,74.2,1.83,2025-12-09 21:00:00,2025-12-10 00:37:15.553334025,0.012932142857142857,0.011083261339400411,0.9893442622950819
H1443,Valve,Titanium,Assembly,M8,373,4.776,5.752,71.2,1.26,2025-12-09 22:00:00,2025-12-10 03:45:07.998252457,0.015420911528150134,0.011377831385773389,1.204355108877722
H912,Shaft,Steel,Turning,M4,511,4.388,3.065,63.5,2.76,2025-12-09 22:00:00,2025-12-10 01:03:53.462774967,0.0059980430528375735,0.009372950290403448,0.6984958979033729
H260,Shaft,Steel,Cutting,M2,149,1.79,1.727,52.6,2.86,2025-12-09 23:00:00,2025-12-10 00:43:36.156780065,0.011590604026845638,0.010941883717364546,0.9648044692737431
H841,Housing,Aluminium,Cutting,M1,81,1.11,0.875,72.1,2.75,2025-12-09 23:00:00,2025-12-09 23:52:31.426246757,0.010802469135802469,0.009696604256847539,0.7882882882882882
H1780,Valve,Titanium,Assembly,M8,500,6.3,8.377,73.8,2.56,2025-12-10 00:00:00,2025-12-10 08:22:38.361502984,0.016754,0.011390915787528651,1.3296825396825398
H1954,Bracket,Aluminium,Drilling,M5,591,3.255,3.024,61.3,3.2,2025-12-10 00:00:00,2025-12-10 03:01:26.425895025,0.005116751269035533,0.00697474739475534,0.9290322580645162
H27,Housing,Aluminium,Assembly,M7,597,7.464,5.534,68.5,2.05,2025-12-10 00:00:00,2025-12-10 05:32:00.701933197,0.00926968174204355,0.01108932324601596,0.7414255091103965
H1525,Cover,Plastic,Drilling,M5,155,1.075,0.732,57.3,1.92,2025-12-10 01:00:00,2025-12-10 01:43:54.941961655,0.00472258064516129,0.006968695290111303,0.6809302325581396
H621,Housing,Aluminium,Assembly,M8,546,6.852,4.82,82.6,2.49,2025-12-10 02:00:00,2025-12-10 06:49:13.500256210,0.008827838827838828,0.011408216059181787,0.7034442498540572
H2111,Gear,Steel,Turning,M4,152,1.516,1.69,80.9,1.97,2025-12-10 03:00:00,2025-12-10 04:41:24.352643807,0.011118421052631578,0.009360214791393767,1.1147757255936674
H930,Housing,Aluminium,Turning,M3,88,1.004,0.665,61.3,2.89,2025-12-10 03:00:00,2025-12-10 03:39:55.083392724,0.007556818181818182,0.009153071400305312,0.6623505976095618
H2325,Cover,Plastic,Assembly,M7,209,2.808,1.559,67.5,2.34,2025-12-10 04:00:00,2025-12-10 05:33:33.718836953,0.00745933014354067,0.011083376705153304,0.5551994301994302
H207,Cover,Plastic,Cutting,M1,140,1.7,0.861,63.8,2.94,2025-12-10 04:00:00,2025-12-10 04:51:39.256552575,0.00615,0.009699176035635809,0.5064705882352941
H1273,Housing,Aluminium,Assembly,M8,564,7.068,4.834,60.2,3.82,2025-12-10 04:00:00,2025-12-10 08:50:02.618772441,0.008570921985815601,0.011399919026283577,0.6839275608375778
H1434,Shaft,Steel,Cutting,M1,369,3.99,3.468,55.8,3.25,2025-12-10 04:00:00,2025-12-10 07:28:04.601361029,0.009398373983739838,0.009690941288453358,0.869172932330827
H538,Bracket,Aluminium,Assembly,M7,345,4.44,3.105,63.8,2.82,2025-12-10 06:00:00,2025-12-10 09:06:16.397842672,0.009,0.011071571993226227,0.6993243243243242
H2489,Shaft,Steel,Cutting,M1,495,5.25,5.045,58.9,2.57,2025-12-10 07:00:00,2025-12-10 12:02:42.639171177,0.010191919191919191,0.009690264049322076,0.9609523809523809
H579,Valve,Titanium,Cutting,M2,599,6.29,10.88,62.4,2.53,2025-12-10 08:00:00,2025-12-10 18:52:47.925251830,0.018163606010016695,0.010943618263646579,1.7297297297297298
H2844,Shaft,Steel,Turning,M3,552,4.716,4.408,72.1,2.76,2025-12-10 08:00:00,2025-12-10 12:24:29.818902901,0.007985507246376812,0.009146190998501488,0.9346904156064462
H2055,Cover,Plastic,Cutting,M1,450,4.8,2.69,65.7,3.36,2025-12-10 08:00:00,2025-12-10 10:41:24.174573332,0.005977777777777778,0.009691422606233386,0.5604166666666667
H2281,Housing,Aluminium,Turning,M4,551,4.708,3.496,64.1,3.21,2025-12-10 21:00:00,2025-12-11 00:29:44.516348489,0.006344827586206896,0.009366824589368345,0.7425658453695837
H1459,Valve,Titanium,Drilling,M6,589,3.245,4.149,86.8,2.89,2025-12-10 21:00:00,2025-12-11 01:08:57.705056058,0.007044142614601018,0.005398664669022047,1.278582434514638
H1293,Valve,Titanium,Turning,M4,214,2.012,2.587,66.2,1.52,2025-12-10 21:00:00,2025-12-10 23:35:12.701553085,0.012088785046728973,0.009355506248532534,1.2857852882703777
H1859,Shaft,Steel,Drilling,M5,442,2.51,2.427,73.7,2.21,2025-12-11 01:00:00,2025-12-11 03:25:35.660506774,0.005490950226244344,0.006961402710095231,0.9669322709163347
H2427,Cover,Plastic,Cutting,M1,466,4.96,2.971,61.7,2.84,2025-12-11 01:00:00,2025-12-11 03:58:16.833756992,0.0063755364806866955,0.009682865820914365,0.598991935483871
H2136,Gear,Steel,Cutting,M2,32,0.62,0.644,67.4,1.44,2025-12-11 01:00:00,2025-12-11 01:38:38.371002028,0.020125,0.010962871564303566,1.038709677419355
H1815,Shaft,Steel,Drilling,M6,56,0.58,0.508,59.6,2.71,2025-12-11 01:00:00,2025-12-11 01:30:29.124913575,0.009071428571428572,0.005403532946967547,0.8758620689655173
H1638,Shaft,Steel,Turning,M3,374,3.292,2.651,70.5,1.9,2025-12-11 02:00:00,2025-12-11 04:39:01.808622427,0.007088235294117647,0.00914120952317048,0.8052855407047388
H2669,Shaft,Steel,Drilling,M5,582,3.21,4.044,54.1,1.35,2025-12-11 02:00:00,2025-12-11 06:02:38.087987062,0.006948453608247422,0.006956643964192801,1.2598130841121493
H926,Valve,Titanium,Assembly,M7,220,2.94,3.934,60.3,2.28,2025-12-11 02:00:00,2025-12-11 05:56:02.201960444,0.017881818181818183,0.011064846110131336,1.3380952380952382
H1729,Housing,Aluminium,Assembly,M7,178,2.436,1.892,64.2,3.19,2025-12-11 03:00:00,2025-12-11 04:53:30.042743882,0.010629213483146067,0.011086907508421586,0.7766830870279146
H597,Gear,Steel,Drilling,M5,155,1.075,1.284,46.3,1.65,2025-12-11 03:00:00,2025-12-11 04:17:04.126046942,0.008283870967741936,0.006956617543689751,1.194418604651163
H2479,Housing,Aluminium,Assembly,M7,343,4.416,2.963,66.6,0.93,2025-12-11 04:00:00,2025-12-11 06:57:48.439516131,0.008638483965014578,0.011085431076081988,0.6709692028985507
H1019,Shaft,Steel,Drilling,M5,159,1.095,1.287,53.0,2.07,2025-12-11 04:00:00,2025-12-11 05:17:13.153044649,0.008094339622641509,0.0069608852395870256,1.1753424657534246
H89,Gear,Steel,Assembly,M7,398,5.076,4.528,49.9,0.93,2025-12-11 05:00:00,2025-12-11 09:31:39.642361713,0.011376884422110552,0.01107756307894029,0.8920409771473601
H1387,Shaft,Steel,Turning,M3,111,1.188,1.178,50.6,2.53,2025-12-11 06:00:00,2025-12-11 07:10:40.177134123,0.010612612612612612,0.009132436129029229,0.9915824915824916
H2623,Shaft,Steel,Cutting,M1,92,1.22,1.021,66.5,1.66,2025-12-11 08:00:00,2025-12-11 09:01:16.648133527,0.01109782608695652,0.009675262764959818,0.8368852459016393
H697,Cover,Plastic,Cutting,M2,308,3.38,1.977,56.6,2.84,2025-12-11 21:00:00,2025-12-11 22:58:36.134507926,0.006418831168831169,0.010987238927164461,0.5849112426035503
H893,Bracket,Aluminium,Assembly,M8,70,1.14,0.722,79.0,3.4,2025-12-11 22:00:00,2025-12-11 22:43:17.506197060,0.010314285714285713,0.011390851728076948,0.6333333333333334
H673,Cover,Plastic,Drilling,M6,241,1.505,0.781,61.1,2.05,2025-12-11 22:00:00,2025-12-11 22:46:51.236940625,0.003240663900414938,0.005414352698072152,0.518936877076412
H593,Gear,Steel,Assembly,M8,81,1.272,1.127,67.5,2.95,2025-12-12 00:00:00,2025-12-12 01:07:38.078678832,0.01391358024691358,0.011387412220045667,0.886006289308176
H2842,Gear,Steel,Cutting,M2,60,0.9,0.898,65.9,2.93,2025-12-12 00:00:00,2025-12-12 00:53:51.769601296,0.014966666666666666,0.010975121134702039,0.9977777777777778
H2589,Bracket,Aluminium,Cutting,M2,43,0.73,0.682,62.7,1.52,2025-12-12 00:00:00,2025-12-12 00:40:55.085512696,0.01586046511627907,0.010985680778966495,0.9342465753424658
H1607,Valve,Titanium,Turning,M3,519,4.452,5.705,66.9,1.99,2025-12-12 02:00:00,2025-12-12 07:42:17.639022441,0.010992292870905588,0.009138734752363627,1.2814465408805031
H482,Gear,Steel,Cutting,M2,390,4.2,3.877,64.5,3.06,2025-12-12 03:00:00,2025-12-12 06:52:35.892056295,0.00994102564102564,0.01099854300676943,0.923095238095238
H998,Bracket,Aluminium,Assembly,M7,66,1.092,0.807,65.4,1.58,2025-12-12 03:00:00,2025-12-12 03:48:25.997612553,0.012227272727272727,0.011078522442219683,0.739010989010989
H1364,Shaft,Steel,Cutting,M1,205,2.35,1.961,72.8,2.43,2025-12-12 06:00:00,2025-12-12 07:57:38.705423681,0.009565853658536586,0.009678525524872654,0.8344680851063829
H434,Gear,Steel,Turning,M4,338,3.004,2.688,67.2,1.42,2025-12-12 06:00:00,2025-12-12 08:41:17.172179632,0.007952662721893492,0.009365705050018342,0.8948069241011984
H599,Gear,Steel,Cutting,M1,28,0.58,0.476,52.1,4.46,2025-12-12 06:00:00,2025-12-12 06:28:32.700213125,0.016999999999999998,0.009678267694514905,0.8206896551724138
H2031,Cover,Plastic,Cutting,M1,89,1.19,0.616,57.8,1.3,2025-12-12 07:00:00,2025-12-12 07:36:56.631236723,0.006921348314606742,0.009694983978317383,0.5176470588235295
H2195,Housing,Aluminium,Cutting,M1,331,3.61,2.617,63.1,1.53,2025-12-12 08:00:00,2025-12-12 10:37:01.798785083,0.007906344410876133,0.00968866590163467,0.7249307479224377
H566,Gear,Steel,Drilling,M6,396,2.28,1.896,68.8,3.03,2025-12-12 08:00:00,2025-12-12 09:53:43.866949319,0.004787878787878788,0.005407959495726101,0.8315789473684211
H271,Bracket,Aluminium,Assembly,M8,303,3.936,2.628,62.8,2.31,2025-12-12 08:00:00,2025-12-12 10:37:39.188716417,0.008673267326732674,0.011395457341150342,0.6676829268292683
H1757,Housing,Aluminium,Cutting,M2,435,4.65,3.932,67.8,3.01,2025-12-12 21:00:00,2025-12-13 00:55:56.040064559,0.009039080459770114,0.010995760066333262,0.8455913978494622
H2856,Housing,Aluminium,Cutting,M1,484,5.14,3.615,68.5,2.44,2025-12-12 21:00:00,2025-12-13 00:36:54.764600737,0.00746900826446281,0.009684615170973855,0.703307392996109
H2,Shaft,Steel,Cutting,M2,105,1.35,1.353,73.0,1.65,2025-12-13 00:00:00,2025-12-13 01:21:09.351319428,0.012885714285714285,0.010990624424321286,1.0022222222222221
H2606,Housing,Aluminium,Turning,M3,59,0.772,0.565,73.9,1.68,2025-12-13 00:00:00,2025-12-13 00:33:53.503313028,0.009576271186440678,0.009146588812187956,0.7318652849740932
H2641,Gear,Steel,Cutting,M1,286,3.16,2.397,58.4,3.45,2025-12-13 01:00:00,2025-12-13 03:23:50.984643427,0.008381118881118881,0.009679591119031652,0.7585443037974683
H2060,Shaft,Steel,Turning,M3,347,3.076,2.612,65.5,1.54,2025-12-13 01:00:00,2025-12-13 03:36:44.183054356,0.007527377521613833,0.009148401817986493,0.8491547464239272
H2521,Housing,Aluminium,Cutting,M1,472,5.02,3.405,69.8,2.29,2025-12-13 01:00:00,2025-12-13 04:24:17.971470687,0.0072139830508474575,0.009676653399036375,0.6782868525896415
H2432,Gear,Steel,Cutting,M2,555,5.85,5.905,54.9,2.15,2025-12-13 02:00:00,2025-12-13 07:54:16.394728249,0.010639639639639641,0.010995585392544827,1.0094017094017096
H2497,Valve,Titanium,Drilling,M6,598,3.29,4.021,77.4,2.37,2025-12-13 02:00:00,2025-12-13 06:01:15.238203681,0.006724080267558529,0.005406141077228015,1.2221884498480242
H200,Gear,Steel,Assembly,M8,596,7.452,7.254,77.1,2.29,2025-12-13 04:00:00,2025-12-13 11:15:15.187483532,0.012171140939597315,0.0113868154680887,0.9734299516908212
H2256,Gear,Steel,Cutting,M2,196,2.26,2.17,70.4,1.82,2025-12-13 04:00:00,2025-12-13 06:10:10.753004483,0.01107142857142857,0.010994656030265702,0.9601769911504425
H1238,Cover,Plastic,Cutting,M1,395,4.25,2.138,69.0,2.71,2025-12-13 05:00:00,2025-12-13 07:08:16.041977931,0.005412658227848101,0.009671094323758298,0.5030588235294118
H267,Housing,Aluminium,Turning,M3,513,4.404,2.767,59.6,1.86,2025-12-13 05:00:00,2025-12-13 07:45:59.950467801,0.005393762183235867,0.009141590791531144,0.6282924613987284
H1179,Cover,Plastic,Cutting,M2,224,2.54,1.403,56.8,2.11,2025-12-13 06:00:00,2025-12-13 07:24:11.241045455,0.006263392857142857,0.010994855958758314,0.5523622047244094
H2076,Valve,Titanium,Turning,M3,173,1.684,2.039,70.4,1.72,2025-12-13 07:00:00,2025-12-13 09:02:21.515249116,0.011786127167630058,0.009125909500283047,1.210807600950119
H1900,Valve,Titanium,Assembly,M8,82,1.284,1.86,68.4,2.58,2025-12-13 07:00:00,2025-12-13 08:51:36.550417441,0.022682926829268295,0.011389297510720054,1.4485981308411215
H1738,Shaft,Steel,Drilling,M5,365,2.125,2.462,69.0,2.74,2025-12-13 21:00:00,2025-12-13 23:27:41.979195339,0.006745205479452055,0.006964518106199379,1.1585882352941177
H126,Gear,Steel,Assembly,M7,599,7.488,7.115,64.5,3.76,2025-12-13 21:00:00,2025-12-14 04:06:53.347547598,0.01187813021702838,0.011082192570925922,0.9501869658119658
H422,Cover,Plastic,Cutting,M1,431,4.61,2.571,77.6,2.45,2025-12-14 00:00:00,2025-12-14 02:34:14.032316081,0.005965197215777263,0.009661503251470211,0.557700650759219
H2303,Bracket,Aluminium,Cutting,M1,268,2.98,2.098,70.1,3.53,2025-12-14 01:00:00,2025-12-14 03:05:51.068844413,0.007828358208955223,0.009653196945772024,0.7040268456375839
H829,Shaft,Steel,Drilling,M5,345,2.025,1.96,64.2,1.29,2025-12-14 03:00:00,2025-12-14 04:57:37.334193275,0.005681159420289855,0.006963817426880698,0.9679012345679012
H2536,Bracket,Aluminium,Drilling,M5,422,2.41,2.339,61.9,2.31,2025-12-14 03:00:00,2025-12-14 05:20:22.116022451,0.0055426540284360185,0.006959732528770536,0.9705394190871368
H1581,Shaft,Steel,Drilling,M6,296,1.78,1.651,50.9,2.37,2025-12-14 04:00:00,2025-12-14 05:39:01.957001922,0.005577702702702703,0.005409994700591555,0.9275280898876405
H2027,Bracket,Aluminium,Cutting,M1,572,6.02,4.089,57.6,2.93,2025-12-14 06:00:00,2025-12-14 10:05:19.879182837,0.007148601398601399,0.009649105379097548,0.6792358803986712
H1808,Cover,Plastic,Assembly,M8,259,3.408,1.895,62.5,3.73,2025-12-14 06:00:00,2025-12-14 07:53:43.162241686,0.007316602316602317,0.011424924101630303,0.5560446009389671
H4,Gear,Steel,Drilling,M6,571,3.155,2.715,69.4,4.36,2025-12-14 07:00:00,2025-12-14 09:42:52.838185312,0.004754816112084063,0.005410483645204123,0.8605388272583201
H2306,Cover,Plastic,Cutting,M1,561,5.91,3.403,68.5,2.16,2025-12-14 07:00:00,2025-12-14 10:24:10.793535862,0.0060659536541889485,0.009643511410461091,0.5758037225042301
H2617,Gear,Steel,Cutting,M2,572,6.02,5.463,70.3,2.58,2025-12-14 08:00:00,2025-12-14 13:27:46.907190058,0.009550699300699302,0.010982566444208664,0.9074750830564785
H1629,Cover,Plastic,Cutting,M2,245,2.75,1.55,68.2,3.1,2025-12-14 21:00:00,2025-12-14 22:33:01.630236695,0.006326530612244898,0.010978856943836877,0.5636363636363636
H1792,Shaft,Steel,Turning,M4,274,2.492,2.291,65.4,0.84,2025-12-14 23:00:00,2025-12-15 01:17:28.837105203,0.008361313868613138,0.009360452104560628,0.9193418940609952
H1051,Cover,Plastic,Cutting,M1,77,1.07,0.49,52.2,2.89,2025-12-15 00:00:00,2025-12-15 00:29:25.643299026,0.006363636363636364,0.009635525790469413,0.4579439252336448
H1099,Housing,Aluminium,Turning,M3,79,0.932,0.652,77.4,2.56,2025-12-15 01:00:00,2025-12-15 01:39:07.925734348,0.008253164556962025,0.009136993740563659,0.6995708154506438
H1059,Housing,Aluminium,Turning,M3,386,3.388,2.258,69.1,2.3,2025-12-15 02:00:00,2025-12-15 04:15:29.589894654,0.005849740932642487,0.009133326399552864,0.666469893742621
H1552,Shaft,Steel,Drilling,M5,125,0.925,0.852,63.9,2.17,2025-12-15 02:00:00,2025-12-15 02:51:08.145666713,0.006816,0.006955233866864712,0.921081081081081
H591,Shaft,Steel,Drilling,M5,141,1.005,1.105,55.8,2.51,2025-12-15 03:00:00,2025-12-15 04:06:19.280023857,0.007836879432624113,0.006954793253361976,1.099502487562189
H2266,Gear,Steel,Drilling,M6,581,3.205,2.37,60.0,4.36,2025-12-15 04:00:00,2025-12-15 06:22:10.523789821,0.004079173838209983,0.005408577634933426,0.7394695787831513
H2922,Valve,Titanium,Turning,M4,457,3.956,5.348,64.5,1.68,2025-12-15 04:00:00,2025-12-15 09:20:54.302691100,0.011702407002188183,0.009356751592575636,1.3518705763397372
H1577,Valve,Titanium,Cutting,M2,414,4.44,6.809,76.3,2.97,2025-12-15 05:00:00,2025-12-15 11:48:32.334048147,0.01644685990338164,0.010966835428768165,1.5335585585585585
H1928,Bracket,Aluminium,Drilling,M5,87,0.735,0.72,75.7,1.18,2025-12-15 05:00:00,2025-12-15 05:43:10.730957295,0.008275862068965517,0.006957575859605704,0.9795918367346939
H1107,Cover,Plastic,Cutting,M2,386,4.16,2.732,65.4,4.36,2025-12-15 06:00:00,2025-12-15 08:43:56.615059883,0.007077720207253887,0.010980959203187271,0.6567307692307692
H2875,Housing,Aluminium,Assembly,M8,267,3.504,2.596,48.6,1.81,2025-12-15 06:00:00,2025-12-15 08:35:46.734350159,0.009722846441947566,0.011412004850733988,0.7408675799086758
H174,Valve,Titanium,Turning,M3,284,2.572,3.38,63.7,1.1,2025-12-15 07:00:00,2025-12-15 10:22:48.558612508,0.011901408450704224,0.00911975786456563,1.3141524105754276
H2729,Cover,Plastic,Drilling,M5,175,1.175,0.73,66.6,2.52,2025-12-15 07:00:00,2025-12-15 07:43:48.541799548,0.004171428571428572,0.006961721413723189,0.6212765957446809
H1987,Cover,Plastic,Drilling,M6,123,0.915,0.443,61.5,2.67,2025-12-15 08:00:00,2025-12-15 08:26:34.988433855,0.0036016260162601626,0.005404724290595097,0.48415300546448087
H1458,Shaft,Steel,Drilling,M5,568,3.14,3.263,65.8,2.58,2025-12-15 08:00:00,2025-12-15 11:15:46.294047679,0.005744718309859155,0.006952974414217563,1.039171974522293
H796,Valve,Titanium,Drilling,M5,415,2.375,4.109,74.8,2.12,2025-12-15 21:00:00,2025-12-16 01:06:33.414724860,0.009901204819277108,0.006949198613891443,1.7301052631578948
H405,Bracket,Aluminium,Cutting,M1,344,3.74,2.454,65.9,3.36,2025-12-15 21:00:00,2025-12-15 23:27:13.730912669,0.007133720930232559,0.009628238731612324,0.6561497326203208
H1965,Housing,Aluminium,Cutting,M2,384,4.14,3.361,55.1,1.39,2025-12-15 21:00:00,2025-12-16 00:21:38.359979983,0.008752604166666667,0.010970925169778701,0.8118357487922706
H1295,Gear,Steel,Turning,M4,490,4.22,4.176,57.6,2.99,2025-12-15 21:00:00,2025-12-16 01:10:32.092254242,0.008522448979591837,0.009365407147592658,0.9895734597156399
H92,Valve,Titanium,Drilling,M5,334,1.97,3.275,61.7,2.53,2025-12-15 22:00:00,2025-12-16 01:16:30.877760620,0.009805389221556885,0.0069583948949051054,1.6624365482233503
H93,Bracket,Aluminium,Drilling,M6,446,2.53,1.755,68.8,1.27,2025-12-15 23:00:00,2025-12-16 00:45:16.919233078,0.003934977578475336,0.0053995130239062675,0.6936758893280632
H1462,Valve,Titanium,Assembly,M8,87,1.344,1.658,68.5,3.42,2025-12-15 23:00:00,2025-12-16 00:39:29.583622785,0.019057471264367815,0.011406709683308324,1.2336309523809523
H2770,Gear,Steel,Cutting,M2,436,4.66,5.709,70.3,3.48,2025-12-16 00:00:00,2025-12-16 05:42:34.120045409,0.013094036697247706,0.01096523716720662,1.225107296137339
H745,Valve,Titanium,Drilling,M5,217,1.385,2.116,57.1,3.35,2025-12-16 00:00:00,2025-12-16 02:06:57.617560277,0.009751152073732719,0.006967236492192844,1.5277978339350182
H1651,Bracket,Aluminium,Drilling,M6,32,0.46,0.295,61.5,2.59,2025-12-16 01:00:00,2025-12-16 01:17:41.423959018,0.00921875,0.005395292460662951,0.6413043478260869
H2891,Shaft,Steel,Turning,M4,305,2.74,2.5,57.6,2.72,2025-12-16 01:00:00,2025-12-16 03:30:00.109815062,0.00819672131147541,0.009362308036680889,0.9124087591240875
H2019,Cover,Plastic,Cutting,M2,93,1.23,0.691,70.2,2.95,2025-12-16 02:00:00,2025-12-16 02:41:29.121549173,0.00743010752688172,0.01097068166728345,0.5617886178861788
H784,Valve,Titanium,Assembly,M8,51,0.912,1.186,65.4,1.79,2025-12-16 03:00:00,2025-12-16 04:11:09.214551256,0.02325490196078431,0.011430618313249135,1.300438596491228
H2404,Bracket,Aluminium,Drilling,M5,491,2.755,2.261,71.7,2.6,2025-12-16 03:00:00,2025-12-16 05:15:40.546759621,0.004604887983706721,0.006975855425881822,0.8206896551724139
H1445,Gear,Steel,Drilling,M5,263,1.615,1.686,72.2,2.75,2025-12-16 03:00:00,2025-12-16 04:41:09.001640840,0.006410646387832699,0.006968537625134367,1.0439628482972136
H961,Gear,Steel,Assembly,M7,98,1.476,1.42,72.0,2.07,2025-12-16 04:00:00,2025-12-16 05:25:11.112351211,0.014489795918367345,0.011084727404193766,0.962059620596206
H1307,Bracket,Aluminium,Assembly,M8,260,3.42,2.418,63.3,2.07,2025-12-16 04:00:00,2025-12-16 06:25:05.256039715,0.009300000000000001,0.011467454087852049,0.7070175438596492
H2044,Housing,Aluminium,Turning,M4,268,2.444,1.822,61.3,3.47,2025-12-16 07:00:00,2025-12-16 08:49:19.789086971,0.0067985074626865675,0.009358038488236915,0.7454991816693944
H2037,Housing,Aluminium,Cutting,M2,191,2.21,1.893,58.1,2.36,2025-12-16 07:00:00,2025-12-16 08:53:35.175830182,0.009910994764397905,0.010961649590394671,0.8565610859728507
H334,Gear,Steel,Cutting,M1,462,4.92,5.129,87.1,3.17,2025-12-16 08:00:00,2025-12-16 13:07:45.027714479,0.0111017316017316,0.009622695358720368,1.042479674796748
H2802,Housing,Aluminium,Assembly,M7,43,0.816,0.62,76.2,1.94,2025-12-16 08:00:00,2025-12-16 08:37:10.248563092,0.01441860465116279,0.0110955371455086,0.7598039215686275
H1932,Gear,Steel,Drilling,M6,533,2.965,2.534,67.0,2.51,2025-12-16 08:00:00,2025-12-16 10:32:01.982147330,0.00475422138836773,0.005406279407615069,0.8546374367622259
H2292,Bracket,Aluminium,Drilling,M5,332,1.96,1.761,67.4,2.0,2025-12-16 21:00:00,2025-12-16 22:45:41.000770289,0.005304216867469879,0.0069668210367119015,0.898469387755102
H662,Shaft,Steel,Cutting,M2,322,3.52,3.94,62.0,1.73,2025-12-16 22:00:00,2025-12-17 01:56:23.378383366,0.012236024844720497,0.01095897616844557,1.1193181818181819
H322,Bracket,Aluminium,Drilling,M5,124,0.92,0.882,68.8,3.13,2025-12-16 23:00:00,2025-12-16 23:52:53.563955852,0.007112903225806452,0.006961721023922815,0.9586956521739131
H986,Cover,Plastic,Drilling,M6,573,3.165,1.539,54.4,2.32,2025-12-16 23:00:00,2025-12-17 00:32:19.199353585,0.0026858638743455497,0.0054044110465284005,0.4862559241706161
H2804,Cover,Plastic,Assembly,M8,308,3.996,2.224,57.9,3.09,2025-12-16 23:00:00,2025-12-17 01:13:26.664501267,0.007220779220779221,0.011460722863976732,0.5565565565565566
H895,Valve,Titanium,Assembly,M7,420,5.34,6.964,63.6,0.94,2025-12-17 01:00:00,2025-12-17 07:57:51.078949830,0.01658095238095238,0.0111060531819189,1.304119850187266
H1741,Shaft,Steel,Drilling,M6,228,1.44,1.307,65.8,2.85,2025-12-17 02:00:00,2025-12-17 03:18:25.231288161,0.005732456140350877,0.0053966437688935925,0.9076388888888889
H257,Housing,Aluminium,Cutting,M2,296,3.26,2.834,76.4,1.2,2025-12-17 04:00:00,2025-12-17 06:50:04.144219761,0.009574324324324325,0.010962217408740683,0.8693251533742332
H2750,Housing,Aluminium,Cutting,M1,424,4.54,3.107,59.4,1.34,2025-12-17 04:00:00,2025-12-17 07:06:25.391076499,0.007327830188679245,0.00962597481823924,0.6843612334801763
H2176,Shaft,Steel,Drilling,M5,238,1.49,1.746,60.8,3.42,2025-12-17 07:00:00,2025-12-17 08:44:44.462503985,0.007336134453781513,0.006962183354815425,1.1718120805369128
H481,Gear,Steel,Turning,M4,81,0.948,0.892,62.3,2.88,2025-12-17 07:00:00,2025-12-17 07:53:32.313305784,0.011012345679012346,0.009348697134129065,0.9409282700421941
H1075,Shaft,Steel,Turning,M3,206,1.948,1.757,60.3,1.38,2025-12-17 07:00:00,2025-12-17 08:45:26.590926232,0.008529126213592232,0.009131204986319289,0.9019507186858315
H2786,Housing,Aluminium,Cutting,M1,88,1.18,0.91,53.0,3.77,2025-12-17 08:00:00,2025-12-17 08:54:35.010690361,0.010340909090909092,0.009620890427465877,0.7711864406779662
H1821,Gear,Steel,Cutting,M1,110,1.4,1.213,57.7,3.36,2025-12-17 21:00:00,2025-12-17 22:12:47.221397678,0.011027272727272728,0.00962247987263904,0.8664285714285715
H2482,Bracket,Aluminium,Cutting,M2,334,3.64,2.882,66.5,2.63,2025-12-17 22:00:00,2025-12-18 00:52:53.582677117,0.00862874251497006,0.010958703755362413,0.7917582417582417
H2186,Shaft,Steel,Drilling,M6,47,0.535,0.435,81.8,3.1,2025-12-17 22:00:00,2025-12-17 22:26:05.702951312,0.00925531914893617,0.005397600499296605,0.8130841121495327
H325,Valve,Titanium,Drilling,M5,238,1.49,2.675,73.8,2.72,2025-12-18 00:00:00,2025-12-18 02:40:30.494070101,0.011239495798319328,0.006963323449629347,1.7953020134228186
H2573,Housing,Aluminium,Cutting,M1,423,4.53,3.077,57.4,3.39,2025-12-18 01:00:00,2025-12-18 04:04:37.108065513,0.007274231678486997,0.009625574130028102,0.6792494481236203
H1268,Gear,Steel,Drilling,M5,354,2.07,2.343,62.1,1.52,2025-12-18 01:00:00,2025-12-18 03:20:35.340689337,0.00661864406779661,0.006976320933971869,1.1318840579710145
H2726,Valve,Titanium,Assembly,M7,562,7.044,9.645,73.4,2.64,2025-12-18 02:00:00,2025-12-18 11:38:42.032388850,0.017161921708185052,0.011123324157310172,1.3692504258943783
H2126,Shaft,Steel,Turning,M4,115,1.22,1.225,58.6,1.62,2025-12-18 02:00:00,2025-12-18 03:13:31.199256833,0.010652173913043479,0.00935474676520137,1.0040983606557379
H565,Housing,Aluminium,Assembly,M7,148,2.076,1.462,69.2,2.31,2025-12-18 02:00:00,2025-12-18 03:27:42.566401088,0.009878378378378377,0.011142313457784622,0.7042389210019268
H996,Bracket,Aluminium,Assembly,M8,271,3.552,2.591,73.1,2.04,2025-12-18 03:00:00,2025-12-18 05:35:25.923803541,0.009560885608856089,0.011447596103471477,0.7294481981981983
H2252,Cover,Plastic,Drilling,M5,322,1.91,1.351,79.8,1.13,2025-12-18 04:00:00,2025-12-18 05:21:01.803884124,0.004195652173913043,0.00697523706468043,0.7073298429319372
H221,Housing,Aluminium,Turning,M3,592,5.036,3.504,59.4,2.68,2025-12-18 05:00:00,2025-12-18 08:30:13.913067469,0.005918918918918919,0.00912873745036549,0.6957903097696585
H1605,Bracket,Aluminium,Assembly,M8,467,5.904,4.258,55.4,1.87,2025-12-18 05:00:00,2025-12-18 09:15:28.298350725,0.009117773019271948,0.01144177292293254,0.7212059620596206
H2899,Housing,Aluminium,Assembly,M8,456,5.772,4.435,56.5,3.11,2025-12-18 06:00:00,2025-12-18 10:26:07.179653212,0.009725877192982455,0.0114346221539982,0.7683645183645182
H1428,Cover,Plastic,Cutting,M2,65,0.95,0.56,71.0,2.84,2025-12-18 22:00:00,2025-12-18 22:33:34.906626634,0.008615384615384617,0.010952820014856373,0.5894736842105264
H1310,Shaft,Steel,Cutting,M1,198,2.28,2.133,70.8,2.13,2025-12-18 22:00:00,2025-12-19 00:07:58.383615181,0.010772727272727272,0.00962040634442032,0.9355263157894738
H1073,Valve,Titanium,Drilling,M6,83,0.715,0.931,74.5,2.18,2025-12-18 23:00:00,2025-12-18 23:55:52.305508745,0.011216867469879519,0.0054085599272785355,1.3020979020979022
H1993,Valve,Titanium,Drilling,M6,528,2.94,3.679,66.9,1.87,2025-12-18 23:00:00,2025-12-19 02:40:44.474884283,0.00696780303030303,0.005425014056294402,1.251360544217687
H1985,Housing,Aluminium,Turning,M4,139,1.412,1.054,67.3,2.82,2025-12-18 23:00:00,2025-12-19 00:03:15.923633100,0.00758273381294964,0.009359447588200797,0.7464589235127479
H2120,Valve,Titanium,Drilling,M5,225,1.425,2.305,63.6,1.84,2025-12-19 00:00:00,2025-12-19 02:18:16.690339731,0.010244444444444445,0.006966839527246086,1.617543859649123
H1375,Housing,Aluminium,Cutting,M1,223,2.53,1.765,56.0,2.54,2025-12-19 00:00:00,2025-12-19 01:45:55.506043534,0.007914798206278027,0.00962293336399994,0.6976284584980237
H1104,Gear,Steel,Assembly,M8,437,5.544,5.29,62.0,1.39,2025-12-19 01:00:00,2025-12-19 06:17:23.827449427,0.012105263157894737,0.01142938060503803,0.9541847041847042
H2893,Gear,Steel,Assembly,M7,291,3.792,3.316,68.1,2.53,2025-12-19 01:00:00,2025-12-19 04:18:58.076994996,0.011395189003436425,0.011138351278852314,0.8744725738396625
H399,Housing,Aluminium,Turning,M3,170,1.66,1.069,66.3,3.33,2025-12-19 01:00:00,2025-12-19 02:04:09.175318271,0.0062882352941176466,0.009115636150237135,0.6439759036144578
H2742,Cover,Plastic,Cutting,M1,568,5.98,3.373,64.8,1.59,2025-12-19 01:00:00,2025-12-19 04:22:22.172136453,0.005938380281690141,0.009619195650306894,0.5640468227424749
H320,Cover,Plastic,Assembly,M7,458,5.796,3.378,70.4,0.59,2025-12-19 05:00:00,2025-12-19 08:22:41.239420325,0.007375545851528384,0.01113915389674164,0.582815734989648
H547,Cover,Plastic,Cutting,M1,447,4.77,2.217,61.6,2.04,2025-12-19 06:00:00,2025-12-19 08:13:01.532197440,0.0049597315436241615,0.009611158935528254,0.46477987421383654
H2498,Bracket,Aluminium,Cutting,M2,455,4.85,3.82,71.8,3.55,2025-12-19 07:00:00,2025-12-19 10:49:11.411565644,0.008395604395604396,0.010946932268258209,0.7876288659793814
H2470,Valve,Titanium,Turning,M3,113,1.204,1.39,58.7,2.77,2025-12-19 07:00:00,2025-12-19 08:23:25.795072177,0.012300884955752212,0.009104142650822015,1.154485049833887
H1590,Shaft,Steel,Cutting,M2,204,2.34,2.301,50.4,2.4,2025-12-19 07:00:00,2025-12-19 09:18:02.835094124,0.011279411764705883,0.010940521896718876,0.9833333333333335
H693,Cover,Plastic,Assembly,M7,41,0.792,0.447,60.1,3.29,2025-12-19 22:00:00,2025-12-19 22:26:48.490725443,0.010902439024390245,0.011127429261086768,0.5643939393939393
H1371,Bracket,Aluminium,Cutting,M2,93,1.23,0.999,63.2,2.58,2025-12-19 23:00:00,2025-12-19 23:59:57.879469940,0.010741935483870967,0.010941371244758942,0.8121951219512196
H2477,Shaft,Steel,Cutting,M1,515,5.45,5.045,69.1,3.65,2025-12-19 23:00:00,2025-12-20 04:02:42.892234842,0.009796116504854369,0.009601025106787724,0.9256880733944953
H1260,Shaft,Steel,Drilling,M5,507,2.835,2.967,43.0,3.02,2025-12-20 00:00:00,2025-12-20 02:58:01.125541869,0.00585207100591716,0.006976711831213551,1.0465608465608467
H447,Housing,Aluminium,Assembly,M7,524,6.588,4.018,62.9,2.13,2025-12-20 01:00:00,2025-12-20 05:01:06.227676617,0.007667938931297709,0.011126730533643612,0.6098967820279295
H1870,Valve,Titanium,Turning,M3,321,2.868,3.921,71.3,3.14,2025-12-20 01:00:00,2025-12-20 04:55:14.814485021,0.012214953271028037,0.009117084927360193,1.3671548117154813
H1518,Housing,Aluminium,Cutting,M1,399,4.29,3.161,62.4,1.5,2025-12-20 02:00:00,2025-12-20 05:09:38.625799152,0.007922305764411027,0.009601449218522651,0.7368298368298368
H1057,Shaft,Steel,Turning,M3,242,2.236,2.023,78.5,2.97,2025-12-20 02:00:00,2025-12-20 04:01:24.155703999,0.008359504132231405,0.009129576331971758,0.9047406082289803
H725,Bracket,Aluminium,Assembly,M8,314,4.068,2.826,58.9,2.64,2025-12-20 02:00:00,2025-12-20 04:49:33.885264373,0.009000000000000001,0.011431447524159914,0.6946902654867257
H130,Shaft,Steel,Cutting,M1,329,3.59,3.206,57.1,2.86,2025-12-20 03:00:00,2025-12-20 06:12:22.155707031,0.00974468085106383,0.009597806824912864,0.8930362116991644
H367,Bracket,Aluminium,Cutting,M2,278,3.08,2.741,73.7,2.07,2025-12-20 04:00:00,2025-12-20 06:44:26.148999130,0.009859712230215827,0.010940872655356725,0.8899350649350649
H1393,Housing,Aluminium,Assembly,M8,479,6.048,4.315,61.0,2.2,2025-12-20 04:00:00,2025-12-20 08:18:52.716244607,0.009008350730688936,0.011424034574391135,0.7134589947089948
H1199,Gear,Steel,Cutting,M2,550,5.8,5.658,76.8,2.04,2025-12-20 05:00:00,2025-12-20 10:39:28.309736846,0.010287272727272728,0.010938176494695525,0.9755172413793104
H371,Gear,Steel,Turning,M3,534,4.572,4.101,61.5,0.83,2025-12-20 05:00:00,2025-12-20 09:06:04.795374143,0.007679775280898876,0.00912648367253505,0.8969816272965879
H1406,Housing,Aluminium,Cutting,M2,158,1.88,1.394,62.0,2.97,2025-12-20 06:00:00,2025-12-20 07:23:39.257824112,0.008822784810126582,0.01093655733109497,0.7414893617021276
H213,Housing,Aluminium,Turning,M4,150,1.5,1.036,50.8,2.76,2025-12-20 07:00:00,2025-12-20 08:02:09.456449064,0.006906666666666667,0.009353033459048267,0.6906666666666667
H1612,Valve,Titanium,Turning,M4,99,1.092,1.533,61.9,1.94,2025-12-20 08:00:00,2025-12-20 09:31:58.278661722,0.015484848484848483,0.00934423357850013,1.4038461538461537
H1471,Cover,Plastic,Drilling,M5,66,0.63,0.407,60.8,2.11,2025-12-20 08:00:00,2025-12-20 08:24:24.155801479,0.006166666666666667,0.006973334531437886,0.646031746031746
H175,Valve,Titanium,Cutting,M2,472,5.02,8.475,57.7,1.96,2025-12-20 08:00:00,2025-12-20 16:28:28.958994558,0.01795550847457627,0.01093131223799083,1.6882470119521913
H1507,Cover,Plastic,Drilling,M6,382,2.21,0.974,59.5,2.66,2025-12-20 08:00:00,2025-12-20 08:58:26.171122107,0.002549738219895288,0.005429372217237929,0.4407239819004525
H1725,Gear,Steel,Assembly,M7,44,0.828,0.71,69.6,3.12,2025-12-20 08:00:00,2025-12-20 08:42:34.563848179,0.016136363636363636,0.011116022200509414,0.857487922705314
H1009,Bracket,Aluminium,Cutting,M2,405,4.35,3.953,73.1,2.69,2025-12-20 08:00:00,2025-12-20 11:57:12.474000954,0.009760493827160493,0.010948698862338815,0.9087356321839081
H922,Housing,Aluminium,Turning,M4,46,0.668,0.508,67.2,2.28,2025-12-20 08:00:00,2025-12-20 08:30:28.000200004,0.011043478260869566,0.009366242950924319,0.7604790419161677
H2341,Gear,Steel,Drilling,M5,406,2.33,3.009,64.0,2.7,2025-12-20 21:00:00,2025-12-21 00:00:32.177839118,0.007411330049261084,0.006970919358190069,1.2914163090128754
H1854,Bracket,Aluminium,Cutting,M2,65,0.95,0.78,65.8,2.8,2025-12-20 22:00:00,2025-12-20 22:46:47.083875972,0.012,0.010945765022745782,0.8210526315789475
H1883,Gear,Steel,Drilling,M5,390,2.25,2.382,64.2,2.55,2025-12-20 23:00:00,2025-12-21 01:22:55.261749146,0.006107692307692308,0.006972234016969385,1.0586666666666666
H1550,Cover,Plastic,Drilling,M5,422,2.41,1.471,72.9,3.32,2025-12-21 00:00:00,2025-12-21 01:28:14.942604579,0.003485781990521327,0.006969660976167964,0.6103734439834025
H1322,Bracket,Aluminium,Drilling,M5,584,3.22,3.198,79.1,1.64,2025-12-21 00:00:00,2025-12-21 03:11:53.067657571,0.005476027397260274,0.006959323056329251,0.993167701863354
H607,Valve,Titanium,Assembly,M8,298,3.876,5.156,64.5,2.17,2025-12-21 00:00:00,2025-12-21 05:09:20.988468652,0.017302013422818792,0.011416692070306933,1.330237358101135
H1045,Housing,Aluminium,Turning,M3,111,1.188,0.808,70.4,3.34,2025-12-21 01:00:00,2025-12-21 01:48:28.359403323,0.00727927927927928,0.009120696838968505,0.6801346801346803
H1026,Bracket,Aluminium,Drilling,M5,485,2.725,2.35,74.9,2.29,2025-12-21 04:00:00,2025-12-21 06:20:59.514641357,0.004845360824742268,0.006954934607633781,0.8623853211009175
H2682,Valve,Titanium,Cutting,M1,111,1.41,2.033,62.8,2.56,2025-12-21 04:00:00,2025-12-21 06:01:57.902117016,0.018315315315315314,0.009598124734060376,1.4418439716312057
H963,Shaft,Steel,Turning,M3,127,1.316,1.123,60.7,1.66,2025-12-21 05:00:00,2025-12-21 06:07:23.288294201,0.00884251968503937,0.009113360514029506,0.8533434650455927
H1438,Gear,Steel,Drilling,M6,266,1.63,1.263,61.0,2.44,2025-12-21 06:00:00,2025-12-21 07:15:46.306841599,0.004748120300751879,0.005421260572174992,0.7748466257668711
H1027,Housing,Aluminium,Cutting,M2,86,1.16,0.997,67.7,2.66,2025-12-21 07:00:00,2025-12-21 07:59:50.394431252,0.011593023255813954,0.010948361660620791,0.8594827586206897
H1913,Shaft,Steel,Cutting,M2,469,4.99,5.606,76.6,3.02,2025-12-21 07:00:00,2025-12-21 12:36:23.274694433,0.011953091684434968,0.010949945595744118,1.123446893787575
H2188,Bracket,Aluminium,Cutting,M1,23,0.53,0.384,66.4,1.0,2025-12-21 07:00:00,2025-12-21 07:23:01.434098914,0.016695652173913045,0.009616952359505852,0.7245283018867924
H868,Gear,Steel,Drilling,M6,26,0.43,0.373,60.6,3.13,2025-12-21 08:00:00,2025-12-21 08:22:23.135777024,0.014346153846153845,0.0054193697287159386,0.8674418604651163
H2991,Shaft,Steel,Cutting,M2,252,2.82,2.918,76.2,3.12,2025-12-21 21:00:00,2025-12-21 23:55:03.760267874,0.01157936507936508,0.010952404287137967,1.0347517730496456
H159,Valve,Titanium,Cutting,M1,469,4.99,7.151,48.0,2.71,2025-12-21 21:00:00,2025-12-22 04:09:02.538720776,0.015247334754797441,0.009632208178071384,1.433066132264529
H2812,Gear,Steel,Drilling,M5,388,2.24,2.603,73.0,2.34,2025-12-21 21:00:00,2025-12-21 23:36:09.710954159,0.006708762886597938,0.006948711676120826,1.1620535714285714
H788,Gear,Steel,Drilling,M6,205,1.325,1.04,73.7,2.18,2025-12-21 22:00:00,2025-12-21 23:02:22.698234019,0.005073170731707317,0.005444374726243776,0.7849056603773585
H1561,Cover,Plastic,Assembly,M7,512,6.444,3.64,63.6,1.44,2025-12-21 22:00:00,2025-12-22 01:38:25.428074258,0.007109375,0.011131517081484273,0.5648665425201739
H948,Housing,Aluminium,Cutting,M2,241,2.71,2.294,66.0,3.72,2025-12-21 23:00:00,2025-12-22 01:17:37.657790758,0.009518672199170125,0.010953937198610405,0.8464944649446495
H979,Cover,Plastic,Drilling,M6,322,1.91,0.876,59.9,1.86,2025-12-22 00:00:00,2025-12-22 00:52:34.595952748,0.002720496894409938,0.005443337843577473,0.4586387434554974
H2004,Cover,Plastic,Drilling,M6,564,3.12,1.512,57.6,2.09,2025-12-22 00:00:00,2025-12-22 01:30:44.362773144,0.002680851063829787,0.005435753328398733,0.4846153846153846
H2231,Bracket,Aluminium,Drilling,M5,219,1.395,1.089,66.4,2.09,2025-12-22 00:00:00,2025-12-22 01:05:18.849648978,0.004972602739726027,0.006948005944386935,0.7806451612903226
H1058,Gear,Steel,Turning,M4,437,3.796,3.901,63.9,1.63,2025-12-22 00:00:00,2025-12-22 03:54:04.298516230,0.008926773455377573,0.009372233077031266,1.0276606954689147
H1989,Gear,Steel,Turning,M3,514,4.412,4.191,71.2,1.38,2025-12-22 02:00:00,2025-12-22 06:11:27.491772347,0.008153696498054475,0.0091122857488351,0.949909338168631
H1531,Gear,Steel,Turning,M3,512,4.396,3.535,57.2,2.17,2025-12-22 03:00:00,2025-12-22 06:32:04.760452737,0.006904296875,0.00910849685851581,0.8041401273885351
H278,Cover,Plastic,Drilling,M6,105,0.825,0.418,53.8,3.4,2025-12-22 03:00:00,2025-12-22 03:25:03.989078837,0.003980952380952381,0.005428100822108263,0.5066666666666667
H106,Housing,Aluminium,Cutting,M1,441,4.71,3.05,73.8,2.17,2025-12-22 03:00:00,2025-12-22 06:02:59.558974333,0.00691609977324263,0.009644283719096602,0.6475583864118896
H1067,Housing,Aluminium,Assembly,M7,439,5.568,4.106,80.9,1.99,2025-12-22 03:00:00,2025-12-22 07:06:21.055318285,0.009353075170842825,0.011119141259695091,0.7374281609195402
H24,Bracket,Aluminium,Drilling,M5,87,0.735,0.697,70.3,3.37,2025-12-22 05:00:00,2025-12-22 05:41:47.613310552,0.008011494252873563,0.00694221297311227,0.948299319727891
H1185,Gear,Steel,Turning,M4,206,1.948,1.686,58.0,2.34,2025-12-22 05:00:00,2025-12-22 06:41:10.799022225,0.008184466019417476,0.00937064781147378,0.8655030800821355
H1939,Cover,Plastic,Cutting,M1,405,4.35,2.382,56.1,1.34,2025-12-22 06:00:00,2025-12-22 08:22:53.668376410,0.0058814814814814815,0.00963842924710979,0.5475862068965518
H2545,Shaft,Steel,Turning,M4,593,5.044,4.55,80.8,1.71,2025-12-22 08:00:00,2025-12-22 12:33:00.393058942,0.007672849915682968,0.009366441493062231,0.9020618556701031
H2596,Cover,Plastic,Assembly,M7,557,6.984,3.402,62.4,2.08,2025-12-22 21:00:00,2025-12-23 00:24:07.106666947,0.006107719928186715,0.01111372387905444,0.4871134020618557
H377,Valve,Titanium,Assembly,M7,443,5.616,7.036,67.5,3.0,2025-12-22 21:00:00,2025-12-23 04:02:10.999633983,0.015882618510158014,0.011098414998470746,1.252849002849003
H2688,Bracket,Aluminium,Assembly,M8,396,5.052,3.413,81.1,2.74,2025-12-22 22:00:00,2025-12-23 01:24:48.043303245,0.008618686868686868,0.011434526377435757,0.6755740300870943
H2171,Bracket,Aluminium,Cutting,M2,547,5.77,5.229,77.6,3.33,2025-12-22 22:00:00,2025-12-23 03:13:43.431814677,0.009559414990859232,0.010950436552270307,0.9062391681109186
H446,Housing,Aluminium,Cutting,M1,444,4.74,3.765,71.6,2.23,2025-12-22 23:00:00,2025-12-23 02:45:53.212497404,0.00847972972972973,0.009630384391080608,0.7943037974683544
H457,Valve,Titanium,Cutting,M1,438,4.68,6.636,66.6,4.48,2025-12-22 23:00:00,2025-12-23 05:38:08.048276570,0.01515068493150685,0.009627925727274302,1.417948717948718
H632,Cover,Plastic,Cutting,M1,533,5.63,3.019,58.8,3.98,2025-12-22 23:00:00,2025-12-23 02:01:07.105143003,0.005664165103189494,0.009639701333253477,0.536234458259325
H1889,Cover,Plastic,Drilling,M5,476,2.68,1.83,76.7,2.33,2025-12-23 00:00:00,2025-12-23 01:49:46.517192713,0.0038445378151260507,0.0069453395265618645,0.6828358208955224
H1935,Cover,Plastic,Drilling,M6,261,1.605,0.805,53.6,3.57,2025-12-23 00:00:00,2025-12-23 00:48:18.354323470,0.0030842911877394636,0.005424092100664618,0.501557632398754
H2572,Housing,Aluminium,Turning,M3,484,4.172,2.883,62.4,3.64,2025-12-23 01:00:00,2025-12-23 03:52:58.597725311,0.005956611570247934,0.009099818905824801,0.6910354745925216
H2092,Housing,Aluminium,Cutting,M1,161,1.91,1.344,60.4,3.06,2025-12-23 02:00:00,2025-12-23 03:20:39.132961369,0.008347826086956523,0.009631242745529936,0.7036649214659687
H1875,Cover,Plastic,Assembly,M7,497,6.264,3.073,55.1,0.86,2025-12-23 02:00:00,2025-12-23 05:04:23.351024523,0.006183098591549295,0.011113000984786866,0.490581098339719
H1470,Bracket,Aluminium,Drilling,M5,122,0.91,0.9,43.8,2.89,2025-12-23 02:00:00,2025-12-23 02:54:01.698238529,0.007377049180327869,0.006936299288336105,0.989010989010989
H100,Cover,Plastic,Cutting,M1,88,1.18,0.662,66.7,3.21,2025-12-23 03:00:00,2025-12-23 03:39:41.687262688,0.007522727272727273,0.009628517869397083,0.5610169491525424
H1362,Shaft,Steel,Turning,M3,319,2.852,2.847,65.4,2.6,2025-12-23 03:00:00,2025-12-23 05:50:47.822727525,0.008924764890282131,0.00908749260254803,0.9982468443197756
H1010,Housing,Aluminium,Turning,M3,293,2.644,1.896,52.0,1.03,2025-12-23 05:00:00,2025-12-23 06:53:45.519170153,0.00647098976109215,0.00908685694742199,0.7170953101361572
H2517,Bracket,Aluminium,Cutting,M1,531,5.61,4.252,65.3,2.67,2025-12-23 06:00:00,2025-12-23 10:15:06.335246510,0.0080075329566855,0.009624056448641428,0.7579322638146166
H2034,Bracket,Aluminium,Assembly,M7,424,5.388,3.516,56.8,2.45,2025-12-23 06:00:00,2025-12-23 09:30:56.748495734,0.008292452830188679,0.011098016479032344,0.6525612472160357
H594,Cover,Plastic,Cutting,M2,220,2.5,1.371,54.8,2.82,2025-12-23 07:00:00,2025-12-23 08:22:15.947818858,0.006231818181818182,0.01094705207158561,0.5484
H800,Shaft,Steel,Turning,M4,280,2.54,2.284,65.0,2.91,2025-12-23 07:00:00,2025-12-23 09:17:01.063785660,0.008157142857142856,0.009360457070527323,0.8992125984251967
H1717,Cover,Plastic,Drilling,M6,380,2.2,1.053,66.1,3.64,2025-12-23 07:00:00,2025-12-23 08:03:10.543329465,0.002771052631578947,0.0054176285622311235,0.4786363636363636
H769,Bracket,Aluminium,Cutting,M2,363,3.93,2.955,60.9,2.42,2025-12-23 08:00:00,2025-12-23 10:57:17.623993642,0.008140495867768596,0.010935607329134716,0.7519083969465649
H2674,Bracket,Aluminium,Cutting,M1,489,5.19,3.464,50.9,2.22,2025-12-23 21:00:00,2025-12-24 00:27:52.004800080,0.007083844580777096,0.009620638851406847,0.6674373795761078
H1980,Shaft,Steel,Cutting,M1,64,0.94,0.844,52.2,2.67,2025-12-23 23:00:00,2025-12-23 23:50:39.034373654,0.0131875,0.00961528696475995,0.897872340425532
H704,Housing,Aluminium,Cutting,M2,177,2.07,1.857,66.5,1.94,2025-12-24 00:00:00,2025-12-24 01:51:24.938899281,0.010491525423728814,0.010928839504773054,0.8971014492753624
H2419,Housing,Aluminium,Turning,M4,484,4.172,3.34,56.8,1.65,2025-12-24 02:00:00,2025-12-24 05:20:24.411081518,0.006900826446280992,0.009356220048649208,0.800575263662512
H2033,Gear,Steel,Assembly,M7,421,5.352,4.521,64.8,2.66,2025-12-24 02:00:00,2025-12-24 06:31:16.535644819,0.010738717339667457,0.011089514771005546,0.8447309417040358
H1999,Cover,Plastic,Cutting,M2,302,3.32,2.208,50.6,2.28,2025-12-24 03:00:00,2025-12-24 05:12:29.606114166,0.007311258278145696,0.010927783190567635,0.6650602409638555
H478,Gear,Steel,Cutting,M1,423,4.53,3.627,59.2,2.21,2025-12-24 06:00:00,2025-12-24 09:37:37.504594327,0.008574468085106382,0.009622807413255193,0.8006622516556291
H2824,Bracket,Aluminium,Drilling,M5,171,1.155,1.22,57.9,2.16,2025-12-24 06:00:00,2025-12-24 07:13:11.249243165,0.007134502923976608,0.0069375805380221265,1.0562770562770563
H2478,Shaft,Steel,Cutting,M2,577,6.07,6.043,63.3,3.03,2025-12-24 07:00:00,2025-12-24 13:02:34.527839160,0.01047313691507799,0.010919068672706376,0.9955518945634266
H1498,Shaft,Steel,Drilling,M5,165,1.125,1.272,71.5,3.07,2025-12-24 07:00:00,2025-12-24 08:16:19.607522813,0.007709090909090909,0.006938151327546632,1.1306666666666667
H384,Valve,Titanium,Drilling,M5,167,1.135,1.926,65.7,1.71,2025-12-24 22:00:00,2025-12-24 23:55:33.815034818,0.011532934131736526,0.00694037947662624,1.6969162995594713
H202,Shaft,Steel,Cutting,M1,133,1.63,1.413,59.2,2.03,2025-12-24 22:00:00,2025-12-24 23:24:48.319441825,0.01062406015037594,0.009620605019708661,0.8668711656441719
H216,Housing,Aluminium,Cutting,M1,472,5.02,3.933,73.7,1.09,2025-12-24 22:00:00,2025-12-25 01:55:59.623384162,0.008332627118644067,0.00962270869922788,0.7834661354581673
H2858,Housing,Aluminium,Turning,M3,469,4.052,2.819,74.6,3.17,2025-12-24 23:00:00,2025-12-25 01:49:07.391823191,0.006010660980810234,0.00907667847587985,0.695705824284304
H1884,Gear,Steel,Cutting,M1,435,4.65,4.422,64.9,2.17,2025-12-25 00:00:00,2025-12-25 04:25:20.632825789,0.01016551724137931,0.009620009783787329,0.9509677419354837
H2779,Shaft,Steel,Turning,M4,468,4.044,3.691,62.3,3.33,2025-12-25 00:00:00,2025-12-25 03:41:27.804152218,0.007886752136752136,0.009347604632500547,0.91271018793274
H773,Cover,Plastic,Drilling,M5,343,2.015,1.379,78.9,2.93,2025-12-25 02:00:00,2025-12-25 03:22:45.366128010,0.004020408163265306,0.006953614504450765,0.6843672456575682
H1447,Gear,Steel,Drilling,M6,48,0.54,0.415,77.9,3.34,2025-12-25 04:00:00,2025-12-25 04:24:52.741174171,0.008645833333333333,0.005410337719446958,0.7685185185185184
H2963,Housing,Aluminium,Turning,M3,197,1.876,1.204,70.3,3.05,2025-12-25 04:00:00,2025-12-25 05:12:13.863085993,0.006111675126903553,0.009064794687139272,0.6417910447761194
H2549,Housing,Aluminium,Turning,M4,529,4.532,3.044,52.8,1.95,2025-12-25 04:00:00,2025-12-25 07:02:39.155796725,0.005754253308128544,0.009342496756641287,0.6716681376875552
H158,Housing,Aluminium,Assembly,M8,211,2.832,2.212,64.8,4.1,2025-12-25 05:00:00,2025-12-25 07:12:44.869259411,0.010483412322274883,0.011426019309433495,0.7810734463276837
H2372,Gear,Steel,Turning,M4,231,2.148,2.033,64.5,1.53,2025-12-25 05:00:00,2025-12-25 07:02:00.375362242,0.0088008658008658,0.009329994166228352,0.946461824953445
H532,Cover,Plastic,Drilling,M5,300,1.8,1.282,63.6,2.86,2025-12-25 05:00:00,2025-12-25 06:16:55.400124795,0.004273333333333334,0.006945185750596785,0.7122222222222222
H251,Bracket,Aluminium,Cutting,M2,93,1.23,0.893,72.0,1.3,2025-12-25 06:00:00,2025-12-25 06:53:35.794371336,0.00960215053763441,0.010917996721365925,0.7260162601626017
H2569,Valve,Titanium,Cutting,M2,183,2.13,2.979,53.4,2.56,2025-12-25 06:00:00,2025-12-25 08:58:44.208119009,0.016278688524590166,0.010914841214930117,1.3985915492957748
H1224,Gear,Steel,Drilling,M6,122,0.91,0.699,71.0,2.37,2025-12-25 06:00:00,2025-12-25 06:41:57.592361684,0.0057295081967213115,0.005419226443660931,0.7681318681318681
H2735,Bracket,Aluminium,Assembly,M8,588,7.356,5.377,67.9,2.51,2025-12-25 07:00:00,2025-12-25 12:22:37.866508172,0.009144557823129252,0.01142318013176133,0.7309679173463839
H2849,Housing,Aluminium,Cutting,M1,317,3.47,2.54,59.2,1.88,2025-12-25 08:00:00,2025-12-25 10:32:23.913999343,0.008012618296529968,0.009621148630254117,0.7319884726224783
H451,Shaft,Steel,Turning,M4,169,1.652,1.363,60.6,3.09,2025-12-25 21:00:00,2025-12-25 22:21:47.358572957,0.00806508875739645,0.00932815691495973,0.8250605326876513
H2198,Gear,Steel,Turning,M3,112,1.196,1.13,74.9,0.97,2025-12-25 22:00:00,2025-12-25 23:07:47.706490442,0.010089285714285714,0.009053392681115194,0.9448160535117056
H2772,Valve,Titanium,Turning,M4,372,3.276,4.742,67.8,0.94,2025-12-25 22:00:00,2025-12-26 02:44:32.234456178,0.012747311827956988,0.00932378643690588,1.4474969474969477
H2885,Gear,Steel,Drilling,M6,549,3.045,2.927,79.5,2.97,2025-12-26 00:00:00,2025-12-26 02:55:35.747394314,0.005331511839708561,0.005420076530655617,0.9612479474548441
H945,Gear,Steel,Cutting,M1,377,4.07,3.15,46.8,3.06,2025-12-26 02:00:00,2025-12-26 05:08:59.392996566,0.008355437665782494,0.00961779752539219,0.7739557739557739
H2377,Valve,Titanium,Assembly,M8,85,1.32,1.742,67.3,3.15,2025-12-26 03:00:00,2025-12-26 04:44:31.426137403,0.020494117647058822,0.011416337422125798,1.3196969696969696
H44,Shaft,Steel,Turning,M4,485,4.18,3.988,69.3,3.11,2025-12-26 04:00:00,2025-12-26 07:59:16.748547016,0.008222680412371133,0.00933559169687502,0.9540669856459331
H1763,Gear,Steel,Turning,M3,354,3.132,2.646,54.9,2.29,2025-12-26 04:00:00,2025-12-26 06:38:46.783483842,0.007474576271186441,0.009057376885088928,0.8448275862068965
H2923,Housing,Aluminium,Cutting,M2,153,1.83,1.487,62.8,2.13,2025-12-26 04:00:00,2025-12-26 05:29:12.626327780,0.009718954248366014,0.010927673385527388,0.812568306010929
H1660,Housing,Aluminium,Assembly,M7,153,2.136,1.636,58.9,2.92,2025-12-26 05:00:00,2025-12-26 06:38:08.842964397,0.01069281045751634,0.011088454960034735,0.7659176029962546
H1862,Housing,Aluminium,Turning,M4,104,1.132,0.775,53.9,2.01,2025-12-26 05:00:00,2025-12-26 05:46:28.695900135,0.007451923076923077,0.009331767259471227,0.6846289752650178
H2123,Cover,Plastic,Assembly,M7,111,1.632,0.938,69.6,2.97,2025-12-26 06:00:00,2025-12-26 06:56:15.706999684,0.00845045045045045,0.011087263259725944,0.5747549019607843
H1941,Gear,Steel,Assembly,M8,463,5.856,4.526,66.0,2.66,2025-12-26 07:00:00,2025-12-26 11:31:32.991893471,0.009775377969762418,0.011443516404835178,0.7728825136612022
H2979,Cover,Plastic,Drilling,M5,133,0.965,0.682,60.7,3.61,2025-12-26 21:00:00,2025-12-26 21:40:54.836439229,0.005127819548872181,0.006937530013011502,0.7067357512953368
H2775,Shaft,Steel,Drilling,M6,350,2.05,1.775,48.5,2.67,2025-12-26 22:00:00,2025-12-26 23:46:28.201448844,0.005071428571428571,0.0054198345506257075,0.8658536585365854
H1624,Shaft,Steel,Drilling,M5,346,2.03,2.49,57.2,2.5,2025-12-27 00:00:00,2025-12-27 02:29:23.530673518,0.007196531791907515,0.0069323594116853906,1.226600985221675
H1542,Housing,Aluminium,Assembly,M7,24,0.588,0.405,79.8,3.36,2025-12-27 04:00:00,2025-12-27 04:24:18.366254005,0.016875,0.011079344902941334,0.6887755102040817
H1449,Gear,Steel,Assembly,M8,287,3.744,3.205,47.2,2.21,2025-12-27 05:00:00,2025-12-27 08:12:16.246149410,0.011167247386759583,0.011438536887118544,0.8560363247863247
H1809,Housing,Aluminium,Turning,M4,314,2.812,2.166,67.7,3.37,2025-12-27 05:00:00,2025-12-27 07:09:57.167546188,0.006898089171974522,0.009325329436928254,0.7702702702702703
H1290,Valve,Titanium,Turning,M3,381,3.348,5.141,60.3,2.1,2025-12-27 07:00:00,2025-12-27 12:08:28.676774485,0.013493438320209973,0.00905131251492072,1.5355436081242533
H1139,Gear,Steel,Turning,M3,400,3.5,3.248,74.9,1.44,2025-12-27 07:00:00,2025-12-27 10:14:52.892732371,0.00812,0.009068267193566862,0.928
H298,Valve,Titanium,Turning,M4,311,2.788,3.828,58.5,2.55,2025-12-27 07:00:00,2025-12-27 10:49:41.185983330,0.012308681672025723,0.009317045340460834,1.3730272596843616
H1608,Shaft,Steel,Turning,M3,201,1.908,1.603,76.5,1.66,2025-12-27 07:00:00,2025-12-27 08:36:11.268613214,0.007975124378109452,0.009064661614884097,0.840146750524109
H315,Housing,Aluminium,Turning,M4,375,3.3,2.218,65.7,1.86,2025-12-27 08:00:00,2025-12-27 10:13:04.980972124,0.005914666666666666,0.009327220974241669,0.6721212121212121
H460,Gear,Steel,Drilling,M5,225,1.425,1.502,73.4,2.13,2025-12-27 08:00:00,2025-12-27 09:30:06.927129774,0.006675555555555555,0.006933112039549271,1.0540350877192983
H980,Bracket,Aluminium,Assembly,M7,222,2.964,1.949,51.7,2.22,2025-12-27 21:00:00,2025-12-27 22:56:56.417040608,0.00877927927927928,0.011096697163710971,0.657557354925776
H1154,Cover,Plastic,Cutting,M2,474,5.04,3.28,60.8,1.64,2025-12-27 22:00:00,2025-12-28 01:16:47.882140123,0.0069198312236286915,0.01092478861431698,0.6507936507936507
H285,Bracket,Aluminium,Drilling,M6,229,1.445,1.012,57.0,3.03,2025-12-27 22:00:00,2025-12-27 23:00:42.354828384,0.004419213973799126,0.005418885215532527,0.7003460207612456
H1040,Housing,Aluminium,Cutting,M1,285,3.15,1.928,68.3,2.39,2025-12-27 23:00:00,2025-12-28 00:55:42.502989595,0.006764912280701754,0.009615173076619615,0.6120634920634921
H526,Bracket,Aluminium,Assembly,M8,340,4.38,3.385,52.6,2.26,2025-12-27 23:00:00,2025-12-28 02:23:05.700555947,0.009955882352941176,0.011437729477891284,0.7728310502283104
H2379,Valve,Titanium,Turning,M3,88,1.004,1.48,73.8,0.84,2025-12-28 00:00:00,2025-12-28 01:28:48.269352091,0.01681818181818182,0.009060534579896315,1.4741035856573705
H2937,Gear,Steel,Assembly,M7,254,3.348,3.108,67.7,2.44,2025-12-28 01:00:00,2025-12-28 04:06:28.905959582,0.012236220472440945,0.01108977949838431,0.92831541218638
H854,Valve,Titanium,Cutting,M1,577,6.07,9.044,69.0,3.12,2025-12-28 02:00:00,2025-12-28 11:02:38.843872213,0.01567417677642981,0.009609259672478707,1.4899505766062604
H1004,Gear,Steel,Drilling,M6,150,1.05,0.892,77.6,1.93,2025-12-28 02:00:00,2025-12-28 02:53:30.858779688,0.005946666666666667,0.005416168717593034,0.8495238095238095
H30,Housing,Aluminium,Cutting,M2,279,3.09,2.548,61.5,3.66,2025-12-28 03:00:00,2025-12-28 05:32:52.459993941,0.009132616487455197,0.010915253001482007,0.8245954692556635
H1811,Shaft,Steel,Drilling,M5,51,0.555,0.627,61.7,2.2,2025-12-28 03:00:00,2025-12-28 03:37:38.682261854,0.012294117647058823,0.0069323803449924705,1.1297297297297297
H2534,Cover,Plastic,Assembly,M8,483,6.096,2.822,78.4,2.06,2025-12-28 03:00:00,2025-12-28 05:49:18.601692084,0.005842650103519669,0.011433332305413688,0.4629265091863517
H2149,Gear,Steel,Cutting,M1,290,3.2,3.049,51.9,1.86,2025-12-28 03:00:00,2025-12-28 06:02:57.259174567,0.010513793103448276,0.009621816436669081,0.9528125
H2288,Valve,Titanium,Turning,M3,373,3.284,4.272,54.3,2.63,2025-12-28 03:00:00,2025-12-28 07:16:18.345745747,0.011453083109919571,0.009089808720418147,1.3008526187576128
H2270,Housing,Aluminium,Turning,M3,438,3.804,2.396,89.8,1.09,2025-12-28 05:00:00,2025-12-28 07:23:44.005242834,0.005470319634703196,0.009098693210604242,0.629863301787592
H2247,Cover,Plastic,Drilling,M6,241,1.505,0.745,73.2,2.82,2025-12-28 06:00:00,2025-12-28 06:44:42.729443293,0.0030912863070539417,0.005417606381411662,0.4950166112956811
H1301,Gear,Steel,Drilling,M6,136,0.98,0.912,61.7,1.74,2025-12-28 07:00:00,2025-12-28 07:54:43.584706304,0.006705882352941177,0.0054113190298593445,0.9306122448979592
H2677,Housing,Aluminium,Cutting,M2,157,1.87,1.531,64.6,3.77,2025-12-28 07:00:00,2025-12-28 08:31:52.074714445,0.009751592356687898,0.01091101871047482,0.8187165775401068
H1869,Shaft,Steel,Drilling,M6,246,1.53,1.297,61.7,3.42,2025-12-28 07:00:00,2025-12-28 08:17:50.396983040,0.0052723577235772355,0.0054148084188703465,0.8477124183006536
H2411,Housing,Aluminium,Assembly,M7,105,1.56,1.141,68.5,2.96,2025-12-28 22:00:00,2025-12-28 23:08:28.791094857,0.010866666666666667,0.011093191525092812,0.7314102564102564
H78,Shaft,Steel,Drilling,M6,590,3.25,2.687,62.4,2.67,2025-12-28 23:00:00,2025-12-29 01:41:14.261207798,0.004554237288135593,0.0054144254868937515,0.8267692307692307
H2945,Valve,Titanium,Turning,M4,28,0.524,0.648,58.5,2.14,2025-12-28 23:00:00,2025-12-28 23:38:52.427568030,0.023142857142857142,0.009315652993538025,1.2366412213740459
H2618,Bracket,Aluminium,Cutting,M2,215,2.45,1.942,67.2,3.03,2025-12-28 23:00:00,2025-12-29 00:56:32.783207372,0.009032558139534883,0.010908271254660158,0.7926530612244898
H2447,Housing,Aluminium,Cutting,M2,455,4.85,4.661,65.2,1.22,2025-12-29 00:00:00,2025-12-29 04:39:41.035759414,0.010243956043956044,0.010903836944695324,0.9610309278350515
H710,Valve,Titanium,Turning,M4,111,1.188,1.605,59.1,2.75,2025-12-29 01:00:00,2025-12-29 02:36:19.372241570,0.01445945945945946,0.009362366521069507,1.351010101010101
H2090,Shaft,Steel,Cutting,M2,438,4.68,4.276,78.9,2.21,2025-12-29 01:00:00,2025-12-29 05:16:33.007451751,0.00976255707762557,0.01090228062181622,0.9136752136752136
H1848,Shaft,Steel,Drilling,M6,487,2.735,2.479,60.5,1.62,2025-12-29 01:00:00,2025-12-29 03:28:45.560614171,0.00509034907597536,0.00541211935231263,0.9063985374771482
H2460,Cover,Plastic,Assembly,M7,255,3.36,2.097,54.5,3.56,2025-12-29 02:00:00,2025-12-29 04:05:49.364662264,0.008223529411764706,0.011092519344504009,0.6241071428571429
H2158,Shaft,Steel,Cutting,M2,350,3.8,3.434,66.0,2.9,2025-12-29 03:00:00,2025-12-29 06:26:03.873641331,0.009811428571428572,0.0108995989193593,0.9036842105263159
H1556,Gear,Steel,Drilling,M5,150,1.05,1.061,56.4,3.1,2025-12-29 03:00:00,2025-12-29 04:03:39.957700704,0.007073333333333333,0.0069475694025054055,1.0104761904761903
H1368,Bracket,Aluminium,Drilling,M5,419,2.395,2.305,54.3,2.3,2025-12-29 04:00:00,2025-12-29 06:18:19.564535334,0.005501193317422434,0.006947924667846728,0.9624217118997913
H1513,Gear,Steel,Assembly,M8,573,7.176,5.486,70.7,2.79,2025-12-29 05:00:00,2025-12-29 10:29:08.556386621,0.009574171029668411,0.011416791825526428,0.7644927536231884
H1483,Valve,Titanium,Turning,M3,279,2.532,3.328,65.6,2.7,2025-12-29 05:00:00,2025-12-29 08:19:40.868865218,0.011928315412186379,0.00908510379646229,1.3143759873617693
H2592,Valve,Titanium,Cutting,M1,395,4.25,5.098,68.5,2.5,2025-12-29 06:00:00,2025-12-29 11:05:53.425959619,0.01290632911392405,0.009623659363666558,1.199529411764706
H1444,Bracket,Aluminium,Assembly,M8,169,2.328,1.62,69.6,2.93,2025-12-29 07:00:00,2025-12-29 08:37:11.930295367,0.009585798816568049,0.011411356365951624,0.6958762886597939
H294,Valve,Titanium,Turning,M3,558,4.764,6.483,50.5,3.73,2025-12-29 07:00:00,2025-12-29 13:28:57.505325897,0.011618279569892472,0.009095712795028426,1.3608312342569269
H1269,Gear,Steel,Cutting,M1,335,3.65,3.242,64.5,3.35,2025-12-29 07:00:00,2025-12-29 10:14:31.816590842,0.009677611940298507,0.009630427754904202,0.8882191780821918
H1510,Cover,Plastic,Cutting,M2,316,3.46,2.088,61.7,1.46,2025-12-29 08:00:00,2025-12-29 10:05:18.435296496,0.006607594936708861,0.010897044528871202,0.6034682080924856
H2561,Gear,Steel,Cutting,M1,304,3.34,2.697,63.9,1.83,2025-12-29 21:00:00,2025-12-29 23:41:47.679359380,0.00887171052631579,0.009630524841705427,0.8074850299401198
H1298,Cover,Plastic,Assembly,M7,321,4.152,2.142,71.1,0.85,2025-12-29 21:00:00,2025-12-29 23:08:32.169929306,0.006672897196261682,0.011084031208608331,0.5158959537572254
H2759,Shaft,Steel,Turning,M4,518,4.444,4.335,74.7,1.94,2025-12-29 22:00:00,2025-12-30 02:20:04.763923133,0.00836872586872587,0.009379528450154995,0.9754725472547254
H844,Housing,Aluminium,Assembly,M8,35,0.72,0.439,65.0,3.19,2025-12-29 22:00:00,2025-12-29 22:26:20.917145652,0.012542857142857142,0.011405987079041674,0.6097222222222223
H1427,Housing,Aluminium,Assembly,M7,301,3.912,2.875,79.1,2.14,2025-12-29 23:00:00,2025-12-30 01:52:30.939917524,0.009551495016611296,0.011071019013881644,0.734918200408998
H292,Housing,Aluminium,Assembly,M7,558,6.996,4.752,64.2,2.13,2025-12-29 23:00:00,2025-12-30 03:45:06.399054993,0.008516129032258063,0.011066549825654378,0.6792452830188679
H2338,Housing,Aluminium,Cutting,M1,70,1.0,0.677,68.9,1.88,2025-12-30 03:00:00,2025-12-30 03:40:35.725912816,0.009671428571428572,0.009628966701427417,0.677
H1085,Cover,Plastic,Drilling,M6,580,3.2,1.496,74.2,2.47,2025-12-30 03:00:00,2025-12-30 04:29:45.919163268,0.002579310344827586,0.005411259003980177,0.46749999999999997
H1047,Cover,Plastic,Drilling,M5,239,1.495,1.072,59.7,2.55,2025-12-30 04:00:00,2025-12-30 05:04:18.659109892,0.004485355648535565,0.006943849368268068,0.717056856187291
H2091,Valve,Titanium,Assembly,M7,62,1.044,1.385,62.3,1.78,2025-12-30 04:00:00,2025-12-30 05:23:05.270287812,0.022338709677419355,0.011059070585791047,1.3266283524904214
H626,Housing,Aluminium,Turning,M4,182,1.756,1.279,58.4,2.44,2025-12-30 06:00:00,2025-12-30 07:16:44.947141691,0.007027472527472527,0.009376136495183757,0.7283599088838268
H733,Shaft,Steel,Turning,M3,414,3.612,3.326,64.0,2.79,2025-12-30 08:00:00,2025-12-30 11:19:33.899003513,0.008033816425120773,0.009105090366682195,0.9208194905869325
H2163,Cover,Plastic,Drilling,M6,526,2.93,1.465,62.9,2.62,2025-12-30 21:00:00,2025-12-30 22:27:54.792898822,0.002785171102661597,0.005403707140889105,0.5
H212,Housing,Aluminium,Assembly,M8,174,2.388,1.701,63.0,2.47,2025-12-30 21:00:00,2025-12-30 22:42:04.620243473,0.009775862068965517,0.011409321008847584,0.7123115577889447
H86,Bracket,Aluminium,Drilling,M6,96,0.78,0.449,67.7,2.84,2025-12-30 21:00:00,2025-12-30 21:26:56.750504046,0.0046770833333333334,0.0053967429492980746,0.5756410256410256
H1145,Gear,Steel,Turning,M4,378,3.324,3.969,58.8,2.05,2025-12-30 21:00:00,2025-12-31 00:58:08.190471018,0.010499999999999999,0.009368281431746596,1.194043321299639
H2712,Gear,Steel,Assembly,M8,510,6.42,5.663,71.1,3.39,2025-12-30 22:00:00,2025-12-31 03:39:45.233630364,0.011103921568627452,0.011404544813116934,0.8820872274143303
H269,Shaft,Steel,Cutting,M1,295,3.25,2.517,65.5,2.7,2025-12-30 22:00:00,2025-12-31 00:31:02.529658063,0.008532203389830509,0.00962905371345611,0.7744615384615384
H1911,Gear,Steel,Cutting,M1,464,4.94,4.518,58.2,3.25,2025-12-30 23:00:00,2025-12-31 03:31:03.927998241,0.00973706896551724,0.009626810665759532,0.914574898785425
H2246,Bracket,Aluminium,Cutting,M1,599,6.29,4.489,63.8,1.49,2025-12-31 02:00:00,2025-12-31 06:29:19.191784177,0.007494156928213689,0.009627035682697814,0.7136724960254371
H1648,Valve,Titanium,Drilling,M6,64,0.62,0.825,54.3,2.03,2025-12-31 03:00:00,2025-12-31 03:49:31.436746739,0.012890625,0.005394834037849892,1.3306451612903225
H835,Gear,Steel,Drilling,M6,571,3.155,2.942,58.5,3.29,2025-12-31 04:00:00,2025-12-31 06:56:30.677526863,0.005152364273204904,0.005414664172670394,0.932488114104596
H1042,Housing,Aluminium,Turning,M4,54,0.732,0.585,66.7,3.38,2025-12-31 05:00:00,2025-12-31 05:35:05.411601027,0.010833333333333332,0.009372053826974107,0.7991803278688524
H2113,Housing,Aluminium,Turning,M3,558,4.764,3.835,58.2,3.52,2025-12-31 05:00:00,2025-12-31 08:50:07.442541950,0.006872759856630824,0.009101122685417153,0.8049958018471872
H1734,Gear,Steel,Drilling,M6,512,2.86,2.217,65.1,1.91,2025-12-31 06:00:00,2025-12-31 08:13:01.468628164,0.004330078125,0.00541397208850294,0.7751748251748253
H2066,Cover,Plastic,Drilling,M5,176,1.18,1.017,58.5,2.33,2025-12-31 06:00:00,2025-12-31 07:00:59.576756009,0.00577840909090909,0.006936943487032865,0.861864406779661
H131,Cover,Plastic,Assembly,M7,40,0.78,0.426,62.8,3.92,2025-12-31 07:00:00,2025-12-31 07:25:33.546501359,0.01065,0.01109205198664376,0.5461538461538461
H2642,Housing,Aluminium,Turning,M4,509,4.372,2.887,62.3,0.95,2025-12-31 08:00:00,2025-12-31 10:53:11.977211207,0.005671905697445972,0.00937690857616467,0.6603385178408051
H2093,Shaft,Steel,Cutting,M2,566,5.96,6.472,76.3,1.59,2025-12-31 08:00:00,2025-12-31 14:28:19.852192649,0.011434628975265019,0.010886998979475036,1.0859060402684564
H396,Housing,Aluminium,Turning,M3,398,3.484,2.23,58.1,3.19,2025-12-31 08:00:00,2025-12-31 10:13:46.940502273,0.005603015075376885,0.009092899944351522,0.640068886337543
H2994,Gear,Steel,Turning,M3,97,1.076,0.968,71.4,2.46,2025-12-31 21:00:00,2025-12-31 21:58:06.158819300,0.00997938144329897,0.009080069485274409,0.899628252788104
H228,Cover,Plastic,Drilling,M5,296,1.78,1.317,61.4,2.71,2025-12-31 22:00:00,2025-12-31 23:19:02.425401692,0.0044493243243243245,0.006933698292645963,0.7398876404494381
H802,Cover,Plastic,Cutting,M1,22,0.52,0.272,58.5,3.21,2025-12-31 22:00:00,2025-12-31 22:16:19.024541603,0.012363636363636365,0.009622691734114343,0.5230769230769231
H253,Cover,Plastic,Cutting,M2,57,0.87,0.515,68.8,1.95,2025-12-31 22:00:00,2025-12-31 22:30:54.015846107,0.009035087719298247,0.010888278488810995,0.5919540229885057
H1060,Cover,Plastic,Cutting,M1,256,2.86,1.542,61.4,1.43,2025-12-31 22:00:00,2025-12-31 23:32:30.080362276,0.0060234375,0.009628262759784104,0.5391608391608392
H1397,Gear,Steel,Cutting,M1,99,1.29,1.176,66.7,3.03,2026-01-01 01:00:00,2026-01-01 02:10:34.147657958,0.011878787878787878,0.009620950741001581,0.9116279069767441
H993,Shaft,Steel,Cutting,M1,368,3.98,3.505,63.7,2.31,2026-01-01 02:00:00,2026-01-01 05:30:19.010032755,0.00952445652173913,0.009625521261523414,0.8806532663316583
H1623,Cover,Plastic,Cutting,M1,227,2.57,1.375,64.0,1.96,2026-01-01 02:00:00,2026-01-01 03:22:28.211740972,0.006057268722466961,0.00962531709033193,0.5350194552529183
H1378,Cover,Plastic,Assembly,M8,228,3.036,1.825,64.9,2.15,2026-01-01 02:00:00,2026-01-01 03:49:30.021867500,0.008004385964912281,0.011403668360509094,0.6011198945981554
H726,Valve,Titanium,Cutting,M2,431,4.61,6.869,61.4,2.62,2026-01-01 03:00:00,2026-01-01 09:52:07.624236879,0.01593735498839907,0.010883958696807468,1.4900216919739695
H2678,Shaft,Steel,Drilling,M6,181,1.205,1.153,62.0,1.34,2026-01-01 04:00:00,2026-01-01 05:09:10.530117335,0.006370165745856354,0.005411119735967405,0.9568464730290456
H2190,Valve,Titanium,Assembly,M8,76,1.212,1.569,70.4,1.97,2026-01-01 06:00:00,2026-01-01 07:34:06.969281549,0.02064473684210526,0.011393786725638172,1.2945544554455446
H355,Cover,Plastic,Cutting,M1,76,1.06,0.561,54.9,1.45,2026-01-01 06:00:00,2026-01-01 06:33:39.155962654,0.007381578947368422,0.009618123444428977,0.529245283018868
H316,Gear,Steel,Drilling,M6,145,1.025,0.94,82.5,2.72,2026-01-01 06:00:00,2026-01-01 06:56:24.546720256,0.006482758620689655,0.0054136369170957235,0.9170731707317074
H1631,Bracket,Aluminium,Drilling,M6,550,3.05,2.043,75.0,2.07,2026-01-01 06:00:00,2026-01-01 08:02:34.912812279,0.0037145454545454547,0.00541643566501089,0.6698360655737706
H1485,Gear,Steel,Drilling,M5,581,3.205,4.066,59.1,3.39,2026-01-01 06:00:00,2026-01-01 10:03:59.108193590,0.00699827882960413,0.006926758700555679,1.2686427457098284
H313,Bracket,Aluminium,Cutting,M2,268,2.98,2.68,71.3,3.28,2026-01-01 07:00:00,2026-01-01 09:40:48.059070136,0.01,0.010895710781206519,0.8993288590604027
H655,Shaft,Steel,Cutting,M2,34,0.64,0.642,64.4,3.01,2026-01-01 07:00:00,2026-01-01 07:38:30.620960660,0.01888235294117647,0.010893632565936897,1.003125
H279,Gear,Steel,Assembly,M8,207,2.784,2.669,54.9,3.92,2026-01-01 07:00:00,2026-01-01 09:40:07.900326585,0.012893719806763286,0.011420601073801846,0.9586925287356323
H1468,Shaft,Steel,Cutting,M2,458,4.88,5.442,70.1,3.21,2026-01-01 08:00:00,2026-01-01 13:26:32.057800938,0.011882096069868996,0.010912124974212914,1.1151639344262296
H1399,Shaft,Steel,Cutting,M2,366,3.96,3.928,61.3,2.28,2026-01-01 21:00:00,2026-01-02 00:55:42.271757990,0.01073224043715847,0.01091436509221674,0.9919191919191919
H559,Gear,Steel,Assembly,M8,289,3.768,3.467,51.1,2.61,2026-01-01 21:00:00,2026-01-02 00:28:02.045313507,0.011996539792387543,0.011424858642394219,0.9201167728237792
H1023,Bracket,Aluminium,Drilling,M5,382,2.21,1.871,72.2,2.56,2026-01-01 21:00:00,2026-01-01 22:52:14.741760067,0.0048979057591623035,0.006926957920970856,0.846606334841629
H2410,Valve,Titanium,Assembly,M8,498,6.276,7.693,82.1,0.98,2026-01-01 22:00:00,2026-01-02 05:41:34.445192852,0.015447791164658635,0.01142650613850371,1.225780752071383
H2998,Shaft,Steel,Drilling,M5,411,2.355,2.497,72.2,3.13,2026-01-01 22:00:00,2026-01-02 00:29:48.167855350,0.006075425790754258,0.006921321664965832,1.0602972399150743
H1280,Valve,Titanium,Drilling,M5,373,2.165,3.794,59.1,2.07,2026-01-01 23:00:00,2026-01-02 02:47:36.822632181,0.010171581769436997,0.00691897846309821,1.7524249422632794
H2956,Gear,Steel,Turning,M3,587,4.996,4.063,61.7,2.36,2026-01-01 23:00:00,2026-01-02 03:03:46.869803641,0.0069216354344122655,0.009083363668270835,0.8132506004803842
H1722,Valve,Titanium,Turning,M3,427,3.716,4.041,59.3,3.15,2026-01-02 00:00:00,2026-01-02 04:02:26.363583525,0.009463700234192038,0.009075474149169161,1.08745963401507
H1263,Valve,Titanium,Turning,M4,244,2.252,2.857,69.4,3.45,2026-01-02 01:00:00,2026-01-02 03:51:23.828764903,0.011709016393442623,0.009364640354711958,1.268650088809947
H1944,Shaft,Steel,Drilling,M5,434,2.47,2.736,52.7,1.36,2026-01-02 01:00:00,2026-01-02 03:44:07.922530019,0.0063041474654377885,0.006927963555104671,1.1076923076923078
H2235,Housing,Aluminium,Assembly,M7,314,4.068,2.938,58.7,4.09,2026-01-02 02:00:00,2026-01-02 04:56:15.405164122,0.009356687898089173,0.011090763205341593,0.7222222222222223
H528,Gear,Steel,Assembly,M8,126,1.812,1.767,72.8,3.55,2026-01-02 03:00:00,2026-01-02 04:46:02.064454586,0.014023809523809523,0.011438061555245535,0.9751655629139072
H2541,Shaft,Steel,Drilling,M5,356,2.08,2.295,63.8,2.33,2026-01-02 03:00:00,2026-01-02 05:17:42.190442364,0.006446629213483146,0.006926245053480245,1.1033653846153846
H1030,Cover,Plastic,Cutting,M1,174,2.04,1.091,62.4,2.77,2026-01-02 03:00:00,2026-01-02 04:05:27.459061157,0.006270114942528736,0.009613623354897669,0.5348039215686274
H576,Shaft,Steel,Cutting,M1,486,5.16,4.504,72.4,3.1,2026-01-02 03:00:00,2026-01-02 07:30:15.967825808,0.009267489711934156,0.009606909482583676,0.8728682170542634
H758,Valve,Titanium,Cutting,M1,302,3.32,4.431,52.7,1.59,2026-01-02 04:00:00,2026-01-02 08:25:51.905114922,0.014672185430463577,0.009606229282642494,1.3346385542168675
H1654,Valve,Titanium,Assembly,M8,557,6.984,8.065,59.3,2.46,2026-01-02 06:00:00,2026-01-02 14:03:54.784418370,0.014479353680430879,0.011445470575212767,1.1547823596792668
H1386,Gear,Steel,Drilling,M5,124,0.92,0.893,56.5,2.86,2026-01-02 06:00:00,2026-01-02 06:53:35.473008256,0.007201612903225806,0.006924927427546186,0.9706521739130435
H2601,Cover,Plastic,Cutting,M2,597,6.27,4.009,77.2,1.5,2026-01-02 06:00:00,2026-01-02 10:00:31.696828691,0.006715242881072028,0.010913945450154392,0.6393939393939395
H1383,Shaft,Steel,Cutting,M1,116,1.46,1.464,62.6,3.25,2026-01-02 07:00:00,2026-01-02 08:27:51.190443930,0.012620689655172414,0.009616361194938135,1.0027397260273974
H496,Bracket,Aluminium,Cutting,M1,275,3.05,2.289,69.4,2.03,2026-01-02 07:00:00,2026-01-02 09:17:21.917234730,0.008323636363636365,0.009622357858531418,0.7504918032786886
H473,Shaft,Steel,Turning,M3,85,0.98,0.806,62.9,1.33,2026-01-02 07:00:00,2026-01-02 07:48:21.162384687,0.009482352941176471,0.009076885880387426,0.8224489795918368
H483,Bracket,Aluminium,Drilling,M6,437,2.485,1.914,74.7,4.29,2026-01-02 21:00:00,2026-01-02 22:54:49.223903613,0.004379862700228832,0.005411992087437874,0.7702213279678068
H45,Cover,Plastic,Cutting,M1,83,1.13,0.627,66.9,1.36,2026-01-02 22:00:00,2026-01-02 22:37:38.504663365,0.00755421686746988,0.009619770763920073,0.5548672566371682
H1517,Valve,Titanium,Drilling,M6,342,2.01,2.533,77.7,2.83,2026-01-03 01:00:00,2026-01-03 03:31:59.101678016,0.007406432748538011,0.005409304250492016,1.2601990049751244
H137,Bracket,Aluminium,Cutting,M2,148,1.78,1.262,62.1,2.3,2026-01-03 02:00:00,2026-01-03 03:15:44.045100383,0.008527027027027028,0.010904293260340411,0.7089887640449438
H1969,Gear,Steel,Assembly,M8,400,5.1,5.699,71.9,2.22,2026-01-03 03:00:00,2026-01-03 08:41:58.163369579,0.0142475,0.011454138812656247,1.1174509803921568
H88,Cover,Plastic,Cutting,M1,322,3.52,1.928,60.3,2.46,2026-01-03 03:00:00,2026-01-03 04:55:41.720599364,0.005987577639751553,0.009615664294941048,0.5477272727272727
H1795,Valve,Titanium,Cutting,M2,295,3.25,5.56,69.3,2.92,2026-01-03 03:00:00,2026-01-03 08:33:34.947378536,0.018847457627118643,0.01089884081485116,1.7107692307692306
H1464,Bracket,Aluminium,Drilling,M6,231,1.455,1.131,79.1,1.35,2026-01-03 04:00:00,2026-01-03 05:07:52.452041089,0.0048961038961038966,0.0054144915972401874,0.777319587628866
H738,Gear,Steel,Assembly,M7,266,3.492,3.075,67.0,3.4,2026-01-03 05:00:00,2026-01-03 08:04:31.694434869,0.01156015037593985,0.011085722288750743,0.8805841924398626
H2017,Cover,Plastic,Drilling,M5,447,2.535,1.662,68.0,3.48,2026-01-03 06:00:00,2026-01-03 07:39:41.704729566,0.0037181208053691274,0.006925685469945308,0.6556213017751479
H1977,Gear,Steel,Cutting,M2,554,5.84,6.057,47.8,2.03,2026-01-03 06:00:00,2026-01-03 12:03:24.332096910,0.010933212996389892,0.010917029869341474,1.0371575342465755
H2315,Valve,Titanium,Drilling,M6,239,1.495,1.929,75.4,1.78,2026-01-03 07:00:00,2026-01-03 08:55:42.713873263,0.00807112970711297,0.0054131486239211825,1.2903010033444815
H682,Gear,Steel,Assembly,M7,30,0.66,0.533,61.3,1.69,2026-01-03 07:00:00,2026-01-03 07:31:57.001055407,0.017766666666666667,0.011087097442626653,0.8075757575757576
H1297,Gear,Steel,Cutting,M2,141,1.71,1.748,63.9,1.39,2026-01-03 07:00:00,2026-01-03 08:44:53.789650122,0.012397163120567377,0.010917066817120123,1.0222222222222221
H2738,Shaft,Steel,Turning,M4,461,3.988,3.519,63.0,2.68,2026-01-03 21:00:00,2026-01-04 00:31:07.468160118,0.007633405639913232,0.009372377569361235,0.8823971915747242
H2234,Cover,Plastic,Assembly,M7,384,4.908,2.501,60.3,3.41,2026-01-03 21:00:00,2026-01-03 23:30:02.597565908,0.006513020833333333,0.01110640255599093,0.5095762021189894
H1093,Housing,Aluminium,Assembly,M7,451,5.712,4.003,61.8,1.4,2026-01-03 22:00:00,2026-01-04 02:00:12.593772744,0.008875831485587583,0.011093165144686442,0.7008053221288516
H1699,Cover,Plastic,Cutting,M1,459,4.89,2.887,70.0,3.45,2026-01-03 23:00:00,2026-01-04 01:53:12.679907965,0.006289760348583878,0.009608465710307735,0.5903885480572597
H1572,Gear,Steel,Cutting,M1,137,1.67,1.88,51.4,2.5,2026-01-04 00:00:00,2026-01-04 01:52:48.861034817,0.013722627737226276,0.009601894016522143,1.125748502994012
H439,Gear,Steel,Drilling,M5,202,1.31,1.74,65.9,2.65,2026-01-04 01:00:00,2026-01-04 02:44:24.318683540,0.008613861386138615,0.006916921632063953,1.3282442748091603
H2402,Housing,Aluminium,Cutting,M1,322,3.52,2.648,61.6,2.21,2026-01-04 02:00:00,2026-01-04 04:38:53.016969088,0.00822360248447205,0.009610037759053178,0.7522727272727273
H453,Gear,Steel,Assembly,M7,195,2.64,2.344,64.2,1.83,2026-01-04 03:00:00,2026-01-04 05:20:36.978019404,0.01202051282051282,0.011086793496240756,0.8878787878787878
H359,Shaft,Steel,Drilling,M5,238,1.49,1.708,64.2,2.41,2026-01-04 03:00:00,2026-01-04 04:42:27.907249842,0.007176470588235294,0.006921545446107753,1.1463087248322148
H1216,Housing,Aluminium,Assembly,M7,476,6.012,4.559,77.2,2.12,2026-01-04 05:00:00,2026-01-04 09:33:33.187432860,0.009577731092436976,0.011089468909777352,0.7583166999334665
H2124,Housing,Aluminium,Assembly,M8,100,1.5,1.007,64.3,2.33,2026-01-04 06:00:00,2026-01-04 07:00:26.260366120,0.010069999999999999,0.011462097106637285,0.6713333333333332
H1592,Valve,Titanium,Cutting,M2,185,2.15,2.805,70.9,1.04,2026-01-04 07:00:00,2026-01-04 09:48:19.280496761,0.015162162162162164,0.010920438334895631,1.3046511627906978
H1430,Cover,Plastic,Cutting,M1,100,1.3,0.647,55.7,3.64,2026-01-04 08:00:00,2026-01-04 08:38:49.699304173,0.00647,0.009607303172712783,0.4976923076923077
