history_id,product,material,operation_type,machine_id,quantity,planned_time,actual_time,machine_temp,vibration,start_time,end_time
H1,Valve,Titanium,Turning,M4,541,4.628,5.944,66.9,2.72,2025-10-01T05:00:00,2025-10-01T10:56:37.593137268
H2,Shaft,Steel,Cutting,M2,105,1.35,1.353,73.0,1.65,2025-12-13T00:00:00,2025-12-13T01:21:09.351319428
H3,Shaft,Steel,Turning,M4,562,4.796,4.427,66.6,3.18,2025-09-09T21:00:00,2025-09-10T01:25:37.963462040
H4,Gear,Steel,Drilling,M6,571,3.155,2.715,69.4,4.36,2025-12-14T07:00:00,2025-12-14T09:42:52.838185312
H5,Bracket,Aluminium,Drilling,M5,417,2.385,1.939,65.9,3.55,2025-10-19T05:00:00,2025-10-19T06:56:19.224055649
H6,Cover,Plastic,Drilling,M5,276,1.68,1.171,68.5,2.92,2025-09-29T07:00:00,2025-09-29T08:10:15.791354177
H7,Bracket,Aluminium,Assembly,M7,529,6.648,5.023,61.2,2.87,2025-09-06T21:00:00,2025-09-07T02:01:22.307182817
H8,Gear,Steel,Drilling,M5,397,2.285,2.721,71.1,2.68,2025-11-21T06:00:00,2025-11-21T08:43:14.816858340
H9,Bracket,Aluminium,Cutting,M2,470,5.0,4.196,71.6,2.19,2025-07-26T08:00:00,2025-07-26T12:11:47.011972189
H10,Gear,Steel,Cutting,M1,49,0.79,0.626,49.1,1.46,2025-11-13T22:00:00,2025-11-13T22:37:35.356367504
H11,Shaft,Steel,Cutting,M2,484,5.14,5.608,62.7,2.66,2025-08-10T22:00:00,2025-08-11T03:36:28.725896573
H12,Bracket,Aluminium,Cutting,M1,137,1.67,1.142,75.8,2.57,2025-10-16T07:00:00,2025-10-16T08:08:29.660776709
H13,Valve,Titanium,Drilling,M5,131,0.955,1.876,62.1,3.14,2025-08-23T01:00:00,2025-08-23T02:52:33.945513427
H14,Housing,Aluminium,Cutting,M1,377,4.07,2.511,68.8,2.4,2025-10-23T06:00:00,2025-10-23T08:30:39.755632427
H15,Bracket,Aluminium,Cutting,M2,126,1.56,1.291,56.4,1.98,2025-11-20T01:00:00,2025-11-20T02:17:29.256668874
H16,Cover,Plastic,Drilling,M5,104,0.82,0.508,75.6,2.23,2025-09-30T00:00:00,2025-09-30T00:30:28.249659867
H17,Shaft,Steel,Turning,M3,565,4.82,4.31,68.1,2.4,2025-07-25T03:00:00,2025-07-25T07:18:35.629995839
H18,Gear,Steel,Cutting,M2,97,1.27,1.2,66.3,3.36,2025-08-17T01:00:00,2025-08-17T02:11:59.196567328
H19,Bracket,Aluminium,Drilling,M6,258,1.59,0.906,58.3,1.23,2025-09-19T05:00:00,2025-09-19T05:54:20.016733618
H20,Cover,Plastic,Cutting,M1,262,2.92,1.526,80.5,3.38,2025-11-03T02:00:00,2025-11-03T03:31:33.399417586
H21,Housing,Aluminium,Assembly,M8,395,5.04,3.473,66.5,3.0,2025-11-04T02:00:00,2025-11-04T05:28:21.367830931
H22,Shaft,Steel,Turning,M4,383,3.364,3.68,85.8,2.68,2025-09-26T22:00:00,2025-09-27T01:40:46.816535227
H23,Gear,Steel,Assembly,M8,312,4.044,3.704,63.6,1.88,2025-10-03T22:00:00,2025-10-04T01:42:14.766172540
H24,Bracket,Aluminium,Drilling,M5,87,0.735,0.697,70.3,3.37,2025-12-22T05:00:00,2025-12-22T05:41:47.613310552
H25,Housing,Aluminium,Turning,M3,120,1.26,0.862,72.5,1.03,2025-10-17T23:00:00,2025-10-17T23:51:42.412203211
H26,Valve,Titanium,Assembly,M7,235,3.12,3.737,72.2,1.92,2025-10-06T04:00:00,2025-10-06T07:44:14.474820291
H27,Housing,Aluminium,Assembly,M7,597,7.464,5.534,68.5,2.05,2025-12-10T00:00:00,2025-12-10T05:32:00.701933197
H28,Valve,Titanium,Turning,M4,391,3.428,4.869,64.3,3.13,2025-10-13T07:00:00,2025-10-13T11:52:06.978570350
H29,Valve,Titanium,Cutting,M1,505,5.35,6.888,78.0,1.72,2025-08-13T21:00:00,2025-08-14T03:53:18.220888185
H30,Housing,Aluminium,Cutting,M2,279,3.09,2.548,61.5,3.66,2025-12-28T03:00:00,2025-12-28T05:32:52.459993941
H31,Bracket,Aluminium,Drilling,M6,107,0.835,0.582,57.5,2.14,2025-09-13T06:00:00,2025-09-13T06:34:55.307140232
H32,Shaft,Steel,Cutting,M1,304,3.34,2.847,74.2,0.58,2025-11-17T06:00:00,2025-11-17T08:50:49.637153374
H33,Cover,Plastic,Assembly,M8,389,4.968,2.604,63.6,2.3,2025-09-17T08:00:00,2025-09-17T10:36:16.186687937
H34,Valve,Titanium,Turning,M4,332,2.956,4.258,70.3,2.81,2025-09-30T23:00:00,2025-10-01T03:15:29.598791550
H35,Valve,Titanium,Assembly,M7,312,4.044,4.987,62.5,1.9,2025-10-28T04:00:00,2025-10-28T08:59:12.395422914
H36,Housing,Aluminium,Turning,M4,328,2.924,2.204,57.9,2.44,2025-09-14T01:00:00,2025-09-14T03:12:15.201520578
H37,Bracket,Aluminium,Cutting,M1,216,2.46,1.674,70.9,2.37,2025-09-03T03:00:00,2025-09-03T04:40:25.763460752
H38,Bracket,Aluminium,Cutting,M1,367,3.97,2.639,64.5,2.71,2025-10-02T01:00:00,2025-10-02T03:38:19.623066615
H39,Valve,Titanium,Assembly,M8,379,4.848,6.757,75.0,2.3,2025-10-04T00:00:00,2025-10-04T06:45:26.401150665
H40,Shaft,Steel,Drilling,M6,473,2.665,2.633,56.4,3.07,2025-08-13T03:00:00,2025-08-13T05:37:59.310065026
H41,Housing,Aluminium,Turning,M4,399,3.492,2.697,77.9,1.52,2025-08-10T00:00:00,2025-08-10T02:41:49.241782568
H42,Cover,Plastic,Assembly,M8,220,2.94,1.509,51.8,1.48,2025-07-16T03:00:00,2025-07-16T04:30:32.566323934
H43,Cover,Plastic,Assembly,M8,289,3.768,1.91,50.8,2.91,2025-09-10T07:00:00,2025-09-10T08:54:37.339211987
H44,Shaft,Steel,Turning,M4,485,4.18,3.988,69.3,3.11,2025-12-26T04:00:00,2025-12-26T07:59:16.748547016
H45,Cover,Plastic,Cutting,M1,83,1.13,0.627,66.9,1.36,2026-01-02T22:00:00,2026-01-02T22:37:38.504663365
H46,Valve,Titanium,Drilling,M5,484,2.72,5.207,66.9,2.01,2025-11-23T22:00:00,2025-11-24T03:12:25.589785496
H47,Bracket,Aluminium,Cutting,M2,318,3.48,2.668,60.0,2.88,2025-08-31T22:00:00,2025-09-01T00:40:03.680401504
H48,Housing,Aluminium,Assembly,M7,157,2.184,1.958,45.7,3.79,2025-07-27T05:00:00,2025-07-27T06:57:29.472374587
H49,Valve,Titanium,Drilling,M5,250,1.55,2.417,62.7,2.35,2025-09-05T07:00:00,2025-09-05T09:25:00.810764649
H50,Valve,Titanium,Turning,M3,436,3.788,5.193,70.6,4.14,2025-08-19T04:00:00,2025-08-19T09:11:34.240962824
H51,Housing,Aluminium,Cutting,M1,353,3.83,2.652,51.2,2.63,2025-11-26T03:00:00,2025-11-26T05:39:05.685726918
H52,Bracket,Aluminium,Cutting,M1,231,2.61,1.913,56.2,2.97,2025-11-11T03:00:00,2025-11-11T04:54:45.128882196
H53,Cover,Plastic,Drilling,M6,219,1.395,0.702,62.4,1.15,2025-10-06T02:00:00,2025-10-06T02:42:08.545670659
H54,Cover,Plastic,Cutting,M1,540,5.7,3.174,51.4,1.21,2025-11-11T02:00:00,2025-11-11T05:10:25.081361043
H55,Cover,Plastic,Assembly,M7,362,4.644,2.239,67.2,1.93,2025-11-12T05:00:00,2025-11-12T07:14:20.770789034
H56,Shaft,Steel,Cutting,M1,527,5.57,5.13,68.1,2.84,2025-09-21T23:00:00,2025-09-22T04:07:47.574516041
H57,Housing,Aluminium,Turning,M4,296,2.668,1.929,75.0,2.08,2025-10-12T06:00:00,2025-10-12T07:55:44.610366330
H58,Shaft,Steel,Turning,M3,79,0.932,0.831,61.3,2.16,2025-07-21T03:00:00,2025-07-21T03:49:51.801207914
H59,Gear,Steel,Cutting,M2,576,6.06,5.033,58.4,1.87,2025-09-24T08:00:00,2025-09-24T13:01:59.979414560
H60,Cover,Plastic,Drilling,M5,319,1.895,1.208,73.9,2.3,2025-09-13T04:00:00,2025-09-13T05:12:30.059766326
H61,Valve,Titanium,Cutting,M2,424,4.54,6.69,57.7,2.95,2025-11-24T04:00:00,2025-11-24T10:41:25.333249177
H62,Gear,Steel,Cutting,M1,85,1.15,1.01,56.7,2.49,2025-11-16T03:00:00,2025-11-16T04:00:34.646660262
H63,Gear,Steel,Turning,M3,270,2.46,2.123,62.2,1.68,2025-11-25T05:00:00,2025-11-25T07:07:21.844021131
H64,Housing,Aluminium,Cutting,M2,298,3.28,2.738,57.6,3.67,2025-11-20T21:00:00,2025-11-20T23:44:16.294178077
H65,Bracket,Aluminium,Cutting,M1,287,3.17,2.366,68.6,2.55,2025-11-08T07:00:00,2025-11-08T09:21:57.239638366
H66,Gear,Steel,Assembly,M7,25,0.6,0.475,71.2,3.15,2025-08-31T01:00:00,2025-08-31T01:28:29.847099245
H67,Bracket,Aluminium,Cutting,M1,350,3.8,2.736,56.8,1.01,2025-11-14T22:00:00,2025-11-15T00:44:09.152996206
H68,Housing,Aluminium,Turning,M3,114,1.212,0.844,62.0,1.79,2025-11-20T21:00:00,2025-11-20T21:50:38.051459841
H69,Housing,Aluminium,Turning,M4,369,3.252,2.327,79.3,3.41,2025-12-09T05:00:00,2025-12-09T07:19:36.451128539
H70,Housing,Aluminium,Assembly,M7,368,4.716,3.646,75.0,3.01,2025-08-10T08:00:00,2025-08-10T11:38:46.851378223
H71,Cover,Plastic,Cutting,M2,220,2.5,1.354,65.7,2.06,2025-08-06T00:00:00,2025-08-06T01:21:14.471444637
H72,Shaft,Steel,Drilling,M6,203,1.315,1.125,67.0,3.58,2025-08-19T07:00:00,2025-08-19T08:07:31.335411611
H73,Valve,Titanium,Drilling,M5,120,0.9,1.528,65.5,1.46,2025-07-23T08:00:00,2025-07-23T09:31:40.153717459
H74,Housing,Aluminium,Assembly,M8,359,4.608,3.274,65.1,2.7,2025-10-22T02:00:00,2025-10-22T05:16:25.896149884
H75,Gear,Steel,Drilling,M5,178,1.19,1.409,59.0,1.5,2025-11-04T01:00:00,2025-11-04T02:24:31.406875057
H76,Cover,Plastic,Assembly,M7,30,0.66,0.392,73.0,3.35,2025-08-07T05:00:00,2025-08-07T05:23:32.512731809
H77,Housing,Aluminium,Turning,M3,341,3.028,2.335,67.8,2.8,2025-08-21T02:00:00,2025-08-21T04:20:05.759925490
H78,Shaft,Steel,Drilling,M6,590,3.25,2.687,62.4,2.67,2025-12-28T23:00:00,2025-12-29T01:41:14.261207798
H79,Bracket,Aluminium,Drilling,M5,256,1.58,1.391,60.0,2.75,2025-12-07T00:00:00,2025-12-07T01:23:27.261236717
H80,Bracket,Aluminium,Cutting,M1,577,6.07,4.028,61.2,3.65,2025-11-04T03:00:00,2025-11-04T07:01:40.348495842
H81,Cover,Plastic,Assembly,M8,529,6.648,3.89,65.2,2.41,2025-09-10T00:00:00,2025-09-10T03:53:23.983611784
H82,Housing,Aluminium,Assembly,M8,350,4.5,3.0,56.0,2.2,2025-08-02T23:00:00,2025-08-03T01:59:58.623851150
H83,Housing,Aluminium,Cutting,M1,138,1.68,1.452,79.7,2.23,2025-07-12T04:00:00,2025-07-12T05:27:06.401174377
H84,Valve,Titanium,Drilling,M6,534,2.97,4.828,66.0,2.79,2025-09-24T02:00:00,2025-09-24T06:49:39.926548339
H85,Bracket,Aluminium,Drilling,M5,369,2.145,2.097,62.1,2.11,2025-11-05T04:00:00,2025-11-05T06:05:49.273449900
H86,Bracket,Aluminium,Drilling,M6,96,0.78,0.449,67.7,2.84,2025-12-30T21:00:00,2025-12-30T21:26:56.750504046
H87,Valve,Titanium,Cutting,M1,77,1.07,1.356,64.5,2.57,2025-10-11T06:00:00,2025-10-11T07:21:20.503660075
H88,Cover,Plastic,Cutting,M1,322,3.52,1.928,60.3,2.46,2026-01-03T03:00:00,2026-01-03T04:55:41.720599364
H89,Gear,Steel,Assembly,M7,398,5.076,4.528,49.9,0.93,2025-12-11T05:00:00,2025-12-11T09:31:39.642361713
H90,Shaft,Steel,Drilling,M5,528,2.94,3.08,66.8,3.26,2025-11-01T21:00:00,2025-11-02T00:04:49.538308609
H91,Housing,Aluminium,Cutting,M1,99,1.29,0.769,75.0,2.15,2025-08-10T22:00:00,2025-08-10T22:46:09.348075797
H92,Valve,Titanium,Drilling,M5,334,1.97,3.275,61.7,2.53,2025-12-15T22:00:00,2025-12-16T01:16:30.877760620
H93,Bracket,Aluminium,Drilling,M6,446,2.53,1.755,68.8,1.27,2025-12-15T23:00:00,2025-12-16T00:45:16.919233078
H94,Gear,Steel,Assembly,M7,139,1.968,1.785,60.0,4.15,2025-08-27T07:00:00,2025-08-27T08:47:06.663952292
H95,Bracket,Aluminium,Cutting,M1,510,5.4,4.032,59.0,2.82,2025-12-02T06:00:00,2025-12-02T10:01:56.807694920
H96,Cover,Plastic,Assembly,M7,513,6.456,3.957,76.5,2.92,2025-11-06T06:00:00,2025-11-06T09:57:26.256041422
H97,Shaft,Steel,Cutting,M1,565,5.95,5.242,66.0,2.04,2025-11-15T03:00:00,2025-11-15T08:14:32.460675884
H98,Bracket,Aluminium,Drilling,M5,331,1.955,1.778,63.1,2.56,2025-12-02T21:00:00,2025-12-02T22:46:41.262224704
H99,Gear,Steel,Turning,M4,572,4.876,4.08,67.5,2.97,2025-12-06T05:00:00,2025-12-06T09:04:47.726309692
H100,Cover,Plastic,Cutting,M1,88,1.18,0.662,66.7,3.21,2025-12-23T03:00:00,2025-12-23T03:39:41.687262688
H101,Cover,Plastic,Drilling,M6,328,1.94,1.009,67.7,0.2,2025-08-11T00:00:00,2025-08-11T01:00:30.875292274
H102,Bracket,Aluminium,Drilling,M6,108,0.84,0.533,68.8,1.57,2025-07-22T04:00:00,2025-07-22T04:32:00.365315689
H103,Gear,Steel,Assembly,M8,381,4.872,4.907,65.0,2.83,2025-11-27T21:00:00,2025-11-28T01:54:24.742343972
H104,Housing,Aluminium,Turning,M3,390,3.42,2.331,64.7,1.41,2025-07-31T08:00:00,2025-07-31T10:19:51.357751634
H105,Bracket,Aluminium,Drilling,M6,94,0.77,0.527,62.7,2.42,2025-12-07T21:00:00,2025-12-07T21:31:37.091614810
H106,Housing,Aluminium,Cutting,M1,441,4.71,3.05,73.8,2.17,2025-12-22T03:00:00,2025-12-22T06:02:59.558974333
H107,Housing,Aluminium,Assembly,M8,218,2.916,2.133,66.8,3.09,2025-09-22T08:00:00,2025-09-22T10:07:58.213249602
H108,Cover,Plastic,Drilling,M5,537,2.985,2.182,62.6,2.11,2025-10-31T21:00:00,2025-10-31T23:10:55.278991747
H109,Valve,Titanium,Turning,M4,448,3.884,5.683,64.1,2.78,2025-09-21T02:00:00,2025-09-21T07:40:59.199558617
H110,Valve,Titanium,Assembly,M7,263,3.456,4.478,64.5,1.92,2025-10-13T03:00:00,2025-10-13T07:28:39.412224894
H111,Shaft,Steel,Cutting,M2,73,1.03,1.096,70.4,2.2,2025-11-11T08:00:00,2025-11-11T09:05:44.940994253
H112,Cover,Plastic,Cutting,M2,134,1.64,0.905,61.0,1.18,2025-07-25T00:00:00,2025-07-25T00:54:18.284946015
H113,Shaft,Steel,Cutting,M2,179,2.09,2.148,62.3,3.0,2025-07-24T22:00:00,2025-07-25T00:08:51.384394843
H114,Valve,Titanium,Cutting,M2,334,3.64,4.586,48.1,2.21,2025-08-24T05:00:00,2025-08-24T09:35:09.992935829
H115,Shaft,Steel,Turning,M3,205,1.94,1.65,74.5,2.66,2025-09-29T08:00:00,2025-09-29T09:38:59.798038924
H116,Housing,Aluminium,Turning,M4,527,4.516,3.576,72.9,2.05,2025-08-05T22:00:00,2025-08-06T01:34:33.663466757
H117,Shaft,Steel,Cutting,M2,335,3.65,3.442,70.6,2.58,2025-08-13T06:00:00,2025-08-13T09:26:31.695033472
H118,Bracket,Aluminium,Assembly,M8,555,6.96,4.461,57.4,2.85,2025-07-09T23:00:00,2025-07-10T03:27:41.284609527
H119,Shaft,Steel,Drilling,M5,298,1.79,2.1,54.0,3.68,2025-09-13T05:00:00,2025-09-13T07:06:01.690050083
H120,Shaft,Steel,Cutting,M1,359,3.89,3.415,63.8,3.66,2025-11-12T22:00:00,2025-11-13T01:24:55.071222100
H121,Housing,Aluminium,Cutting,M1,24,0.54,0.433,56.4,2.86,2025-11-24T07:00:00,2025-11-24T07:25:58.752069957
H122,Valve,Titanium,Assembly,M8,87,1.344,1.658,63.2,1.23,2025-07-19T07:00:00,2025-07-19T08:39:30.324756564
H123,Gear,Steel,Turning,M3,379,3.332,3.012,60.3,3.65,2025-07-21T07:00:00,2025-07-21T10:00:42.844280668
H124,Housing,Aluminium,Assembly,M7,176,2.412,1.541,65.9,2.17,2025-08-29T23:00:00,2025-08-30T00:32:25.956562391
H125,Housing,Aluminium,Cutting,M1,265,2.95,2.245,60.2,2.51,2025-08-15T01:00:00,2025-08-15T03:14:43.794344721
H126,Gear,Steel,Assembly,M7,599,7.488,7.115,64.5,3.76,2025-12-13T21:00:00,2025-12-14T04:06:53.347547598
H127,Shaft,Steel,Cutting,M1,287,3.17,2.951,69.9,2.98,2025-08-21T04:00:00,2025-08-21T06:57:01.811693915
H128,Shaft,Steel,Drilling,M6,502,2.81,2.567,58.6,3.54,2025-11-23T00:00:00,2025-11-23T02:33:59.954939449
H129,Valve,Titanium,Assembly,M7,304,3.948,5.321,63.1,2.58,2025-07-25T07:00:00,2025-07-25T12:19:15.664862223
H130,Shaft,Steel,Cutting,M1,329,3.59,3.206,57.1,2.86,2025-12-20T03:00:00,2025-12-20T06:12:22.155707031
H131,Cover,Plastic,Assembly,M7,40,0.78,0.426,62.8,3.92,2025-12-31T07:00:00,2025-12-31T07:25:33.546501359
H132,Gear,Steel,Assembly,M7,497,6.264,6.247,62.9,1.95,2025-10-21T04:00:00,2025-10-21T10:14:47.525344261
H133,Housing,Aluminium,Assembly,M8,169,2.328,1.649,65.3,2.43,2025-08-30T03:00:00,2025-08-30T04:38:55.111955102
H134,Shaft,Steel,Turning,M3,147,1.476,1.356,60.7,2.51,2025-08-22T07:00:00,2025-08-22T08:21:22.786120332
H135,Bracket,Aluminium,Cutting,M1,121,1.51,1.18,73.2,2.65,2025-08-05T07:00:00,2025-08-05T08:10:48.078555684
H136,Cover,Plastic,Drilling,M5,280,1.7,1.304,65.9,2.5,2025-07-16T22:00:00,2025-07-16T23:18:14.568161474
H137,Bracket,Aluminium,Cutting,M2,148,1.78,1.262,62.1,2.3,2026-01-03T02:00:00,2026-01-03T03:15:44.045100383
H138,Valve,Titanium,Drilling,M5,500,2.8,4.81,79.4,2.17,2025-07-22T01:00:00,2025-07-22T05:48:37.700937263
H139,Bracket,Aluminium,Drilling,M6,170,1.15,0.68,57.0,2.43,2025-11-03T02:00:00,2025-11-03T02:40:48.761683502
H140,Gear,Steel,Turning,M4,177,1.716,1.686,68.3,1.44,2025-09-12T00:00:00,2025-09-12T01:41:08.594372786
H141,Cover,Plastic,Cutting,M1,20,0.5,0.276,54.0,2.25,2025-08-18T06:00:00,2025-08-18T06:16:32.886874084
H142,Cover,Plastic,Assembly,M7,292,3.804,2.19,73.1,2.29,2025-11-05T06:00:00,2025-11-05T08:11:25.364634728
H143,Bracket,Aluminium,Drilling,M5,133,0.965,0.823,57.6,3.69,2025-10-22T06:00:00,2025-10-22T06:49:21.695699484
H144,Gear,Steel,Turning,M4,122,1.276,1.109,64.2,1.98,2025-11-04T04:00:00,2025-11-04T05:06:33.025991018
H145,Shaft,Steel,Cutting,M2,227,2.57,2.487,67.4,3.21,2025-08-13T22:00:00,2025-08-14T00:29:12.887566281
H146,Gear,Steel,Assembly,M8,77,1.224,0.905,54.0,1.05,2025-10-24T07:00:00,2025-10-24T07:54:17.166659409
H147,Shaft,Steel,Drilling,M6,457,2.585,2.362,75.3,2.83,2025-10-17T08:00:00,2025-10-17T10:21:42.711896167
H148,Shaft,Steel,Turning,M3,207,1.956,1.78,60.4,2.95,2025-07-23T06:00:00,2025-07-23T07:46:46.854900575
H149,Valve,Titanium,Assembly,M7,309,4.008,5.038,65.7,2.76,2025-10-12T07:00:00,2025-10-12T12:02:17.118162465
H150,Housing,Aluminium,Cutting,M1,132,1.62,1.116,77.4,3.52,2025-09-23T04:00:00,2025-09-23T05:06:59.251691665
H151,Valve,Titanium,Turning,M3,270,2.46,2.777,65.5,2.17,2025-08-27T04:00:00,2025-08-27T06:46:35.976003477
H152,Valve,Titanium,Turning,M3,281,2.548,3.502,77.1,1.86,2025-11-03T02:00:00,2025-11-03T05:30:06.860720426
H153,Bracket,Aluminium,Cutting,M2,220,2.5,1.976,64.7,3.89,2025-10-07T00:00:00,2025-10-07T01:58:32.845780262
H154,Cover,Plastic,Drilling,M6,144,1.02,0.51,61.4,2.46,2025-10-01T23:00:00,2025-10-01T23:30:34.400328290
H155,Cover,Plastic,Assembly,M7,366,4.692,2.884,69.7,3.73,2025-08-06T04:00:00,2025-08-06T06:53:03.698675252
H156,Gear,Steel,Assembly,M8,355,4.56,4.594,65.2,2.02,2025-07-25T02:00:00,2025-07-25T06:35:37.730394677
H157,Gear,Steel,Cutting,M1,451,4.81,4.577,47.6,0.89,2025-10-16T08:00:00,2025-10-16T12:34:37.063726815
H158,Housing,Aluminium,Assembly,M8,211,2.832,2.212,64.8,4.1,2025-12-25T05:00:00,2025-12-25T07:12:44.869259411
H159,Valve,Titanium,Cutting,M1,469,4.99,7.151,48.0,2.71,2025-12-21T21:00:00,2025-12-22T04:09:02.538720776
H160,Valve,Titanium,Assembly,M8,128,1.836,2.063,57.3,2.54,2025-10-26T23:00:00,2025-10-27T01:03:46.230839983
H161,Housing,Aluminium,Turning,M3,347,3.076,2.362,45.2,1.7,2025-07-21T04:00:00,2025-07-21T06:21:41.907568524
H162,Gear,Steel,Turning,M3,88,1.004,0.907,71.4,1.96,2025-08-31T05:00:00,2025-08-31T05:54:24.837688541
H163,Valve,Titanium,Assembly,M7,33,0.696,1.025,68.0,1.31,2025-09-23T07:00:00,2025-09-23T08:01:31.001146539
H164,Housing,Aluminium,Assembly,M7,238,3.156,2.436,52.5,2.68,2025-07-16T02:00:00,2025-07-16T04:26:08.487369259
H165,Cover,Plastic,Cutting,M1,100,1.3,0.641,70.9,1.0,2025-10-04T21:00:00,2025-10-04T21:38:29.198396650
H166,Shaft,Steel,Turning,M3,489,4.212,4.013,79.9,2.87,2025-07-10T22:00:00,2025-07-11T02:00:46.960619218
H167,Cover,Plastic,Drilling,M5,268,1.64,1.072,68.4,2.85,2025-10-29T21:00:00,2025-10-29T22:04:19.357055561
H168,Bracket,Aluminium,Assembly,M8,43,0.816,0.577,59.1,3.23,2025-10-27T08:00:00,2025-10-27T08:34:36.031604565
H169,Shaft,Steel,Drilling,M6,505,2.825,2.54,67.8,4.03,2025-08-28T02:00:00,2025-08-28T04:32:25.170366937
H170,Gear,Steel,Assembly,M8,349,4.488,4.274,63.0,2.2,2025-12-04T21:00:00,2025-12-05T01:16:25.542907307
H171,Shaft,Steel,Cutting,M2,129,1.59,1.768,68.0,1.6,2025-09-05T22:00:00,2025-09-05T23:46:05.917358284
H172,Gear,Steel,Drilling,M6,501,2.805,2.087,71.6,2.82,2025-09-14T07:00:00,2025-09-14T09:05:11.784180803
H173,Cover,Plastic,Assembly,M7,336,4.332,2.611,66.4,2.73,2025-10-18T00:00:00,2025-10-18T02:36:39.888024408
H174,Valve,Titanium,Turning,M3,284,2.572,3.38,63.7,1.1,2025-12-15T07:00:00,2025-12-15T10:22:48.558612508
H175,Valve,Titanium,Cutting,M2,472,5.02,8.475,57.7,1.96,2025-12-20T08:00:00,2025-12-20T16:28:28.958994558
H176,Shaft,Steel,Cutting,M2,139,1.69,1.731,79.9,2.98,2025-09-07T21:00:00,2025-09-07T22:43:53.218391144
H177,Cover,Plastic,Assembly,M7,157,2.184,1.125,62.4,2.34,2025-12-09T06:00:00,2025-12-09T07:07:29.547494303
H178,Gear,Steel,Drilling,M5,549,3.045,3.608,70.2,2.49,2025-10-05T23:00:00,2025-10-06T02:36:29.998009336
H179,Cover,Plastic,Drilling,M6,521,2.905,1.42,75.1,3.59,2025-10-12T06:00:00,2025-10-12T07:25:13.502356111
H180,Bracket,Aluminium,Drilling,M6,568,3.14,2.076,65.2,2.33,2025-10-21T06:00:00,2025-10-21T08:04:33.078884158
H181,Housing,Aluminium,Cutting,M1,398,4.28,3.307,57.7,3.16,2025-08-20T00:00:00,2025-08-20T03:18:24.083707769
H182,Cover,Plastic,Cutting,M2,563,5.93,3.122,57.6,1.81,2025-10-01T02:00:00,2025-10-01T05:07:17.937990449
H183,Gear,Steel,Drilling,M6,273,1.665,1.53,41.4,1.5,2025-07-24T03:00:00,2025-07-24T04:31:49.494705029
H184,Cover,Plastic,Cutting,M2,363,3.93,2.476,76.5,2.38,2025-09-18T21:00:00,2025-09-18T23:28:34.295492442
H185,Gear,Steel,Turning,M3,540,4.62,4.185,60.3,2.24,2025-08-29T01:00:00,2025-08-29T05:11:04.763413209
H186,Valve,Titanium,Assembly,M8,268,3.516,4.89,64.1,4.34,2025-11-12T04:00:00,2025-11-12T08:53:24.740765269
H187,Bracket,Aluminium,Drilling,M6,409,2.345,1.636,59.2,1.82,2025-09-13T23:00:00,2025-09-14T00:38:07.896866090
H188,Bracket,Aluminium,Drilling,M5,447,2.535,2.001,54.1,1.36,2025-11-03T07:00:00,2025-11-03T09:00:02.351238862
H189,Bracket,Aluminium,Cutting,M1,383,4.13,2.912,46.9,2.35,2025-09-26T07:00:00,2025-09-26T09:54:42.582770360
H190,Gear,Steel,Assembly,M8,109,1.608,1.54,78.6,2.86,2025-12-01T22:00:00,2025-12-01T23:32:24.325758254
H191,Valve,Titanium,Assembly,M7,430,5.46,6.592,58.5,3.2,2025-08-14T07:00:00,2025-08-14T13:35:29.852478697
H192,Bracket,Aluminium,Cutting,M1,198,2.28,1.495,64.8,2.0,2025-12-09T08:00:00,2025-12-09T09:29:41.143756147
H193,Bracket,Aluminium,Drilling,M5,473,2.665,2.209,55.8,3.07,2025-10-17T23:00:00,2025-10-18T01:12:31.770996395
H194,Shaft,Steel,Cutting,M1,229,2.59,2.407,67.6,2.33,2025-08-29T06:00:00,2025-08-29T08:24:23.862082809
H195,Cover,Plastic,Assembly,M7,202,2.724,1.525,66.1,2.55,2025-09-01T05:00:00,2025-09-01T06:31:28.918244588
H196,Cover,Plastic,Drilling,M6,156,1.08,0.605,66.7,1.93,2025-09-14T01:00:00,2025-09-14T01:36:17.283451734
H197,Gear,Steel,Assembly,M8,599,7.488,6.527,43.0,2.31,2025-10-05T23:00:00,2025-10-06T05:31:38.749846927
H198,Bracket,Aluminium,Drilling,M6,67,0.635,0.449,63.6,0.79,2025-10-08T04:00:00,2025-10-08T04:26:54.603205622
H199,Bracket,Aluminium,Drilling,M6,340,2.0,1.287,55.7,4.11,2025-11-29T23:00:00,2025-11-30T00:17:11.591443364
H200,Gear,Steel,Assembly,M8,596,7.452,7.254,77.1,2.29,2025-12-13T04:00:00,2025-12-13T11:15:15.187483532
H201,Valve,Titanium,Turning,M4,371,3.268,4.217,63.1,1.08,2025-09-16T05:00:00,2025-09-16T09:13:02.451084814
H202,Shaft,Steel,Cutting,M1,133,1.63,1.413,59.2,2.03,2025-12-24T22:00:00,2025-12-24T23:24:48.319441825
H203,Gear,Steel,Drilling,M6,131,0.955,0.8,71.2,3.15,2025-07-23T22:00:00,2025-07-23T22:48:01.579298829
H204,Valve,Titanium,Cutting,M1,413,4.43,5.639,55.8,1.75,2025-11-03T21:00:00,2025-11-04T02:38:21.297478505
H205,Housing,Aluminium,Cutting,M1,269,2.99,2.098,52.3,2.52,2025-09-17T23:00:00,2025-09-18T01:05:54.475224486
H206,Housing,Aluminium,Turning,M4,504,4.332,3.452,54.9,2.52,2025-10-30T21:00:00,2025-10-31T00:27:07.905660583
H207,Cover,Plastic,Cutting,M1,140,1.7,0.861,63.8,2.94,2025-12-10T04:00:00,2025-12-10T04:51:39.256552575
H208,Bracket,Aluminium,Assembly,M7,235,3.12,2.171,72.5,1.71,2025-10-19T03:00:00,2025-10-19T05:10:14.410563291
H209,Valve,Titanium,Assembly,M8,392,5.004,6.887,59.2,2.8,2025-09-10T04:00:00,2025-09-10T10:53:14.503287432
H210,Shaft,Steel,Drilling,M5,162,1.11,1.381,56.5,2.46,2025-10-22T03:00:00,2025-10-22T04:22:51.603470419
H211,Gear,Steel,Cutting,M1,127,1.57,1.457,75.9,2.91,2025-11-27T22:00:00,2025-11-27T23:27:26.130429211
H212,Housing,Aluminium,Assembly,M8,174,2.388,1.701,63.0,2.47,2025-12-30T21:00:00,2025-12-30T22:42:04.620243473
H213,Housing,Aluminium,Turning,M4,150,1.5,1.036,50.8,2.76,2025-12-20T07:00:00,2025-12-20T08:02:09.456449064
H214,Valve,Titanium,Drilling,M5,474,2.67,5.07,74.4,2.65,2025-11-20T22:00:00,2025-11-21T03:04:13.152852001
H215,Gear,Steel,Cutting,M2,49,0.79,0.75,73.6,1.52,2025-09-29T23:00:00,2025-09-29T23:44:59.689908891
H216,Housing,Aluminium,Cutting,M1,472,5.02,3.933,73.7,1.09,2025-12-24T22:00:00,2025-12-25T01:55:59.623384162
H217,Shaft,Steel,Turning,M4,451,3.908,3.776,69.0,0.57,2025-07-12T06:00:00,2025-07-12T09:46:34.338296013
H218,Shaft,Steel,Turning,M4,313,2.804,2.476,74.4,2.36,2025-07-15T22:00:00,2025-07-16T00:28:33.323466042
H219,Valve,Titanium,Cutting,M2,447,4.77,6.312,61.9,2.31,2025-11-04T23:00:00,2025-11-05T05:18:42.851479184
H220,Bracket,Aluminium,Assembly,M7,438,5.556,3.788,66.0,4.41,2025-11-02T01:00:00,2025-11-02T04:47:16.450295149
H221,Housing,Aluminium,Turning,M3,592,5.036,3.504,59.4,2.68,2025-12-18T05:00:00,2025-12-18T08:30:13.913067469
H222,Housing,Aluminium,Assembly,M8,242,3.204,2.351,52.2,2.61,2025-11-20T23:00:00,2025-11-21T01:21:05.290599281
H223,Shaft,Steel,Turning,M3,371,3.268,2.779,67.9,1.92,2025-10-15T06:00:00,2025-10-15T08:46:43.170015779
H224,Cover,Plastic,Assembly,M7,346,4.452,2.559,74.8,1.99,2025-08-10T22:00:00,2025-08-11T00:33:31.709683769
H225,Valve,Titanium,Cutting,M2,249,2.79,3.72,72.0,2.07,2025-10-02T22:00:00,2025-10-03T01:43:10.490112575
H226,Shaft,Steel,Drilling,M6,533,2.965,2.4,55.0,2.83,2025-08-14T06:00:00,2025-08-14T08:24:01.672302350
H227,Valve,Titanium,Cutting,M1,35,0.65,0.88,56.0,2.11,2025-10-30T00:00:00,2025-10-30T00:52:49.585778277
H228,Cover,Plastic,Drilling,M5,296,1.78,1.317,61.4,2.71,2025-12-31T22:00:00,2025-12-31T23:19:02.425401692
H229,Cover,Plastic,Assembly,M7,222,2.964,1.465,70.1,2.41,2025-12-04T22:00:00,2025-12-04T23:27:54.142505015
H230,Valve,Titanium,Assembly,M8,212,2.844,4.105,69.9,1.43,2025-12-02T07:00:00,2025-12-02T11:06:18.568480788
H231,Bracket,Aluminium,Cutting,M1,594,6.24,4.201,74.0,2.58,2025-08-26T02:00:00,2025-08-26T06:12:01.943277078
H232,Gear,Steel,Assembly,M7,385,4.92,4.318,64.3,2.48,2025-07-20T00:00:00,2025-07-20T04:19:05.383008213
H233,Bracket,Aluminium,Drilling,M6,220,1.4,0.881,54.1,2.35,2025-08-18T05:00:00,2025-08-18T05:52:53.163086056
H234,Bracket,Aluminium,Cutting,M2,162,1.92,1.621,69.1,1.45,2025-09-10T22:00:00,2025-09-10T23:37:14.646732825
H235,Cover,Plastic,Cutting,M2,463,4.93,2.798,61.1,3.21,2025-09-09T22:00:00,2025-09-10T00:47:53.360544616
H236,Gear,Steel,Turning,M4,349,3.092,3.302,73.8,3.0,2025-10-17T01:00:00,2025-10-17T04:18:07.883589186
H237,Gear,Steel,Drilling,M6,98,0.79,0.631,55.6,1.88,2025-09-17T08:00:00,2025-09-17T08:37:52.434227819
H238,Valve,Titanium,Turning,M3,257,2.356,2.87,55.3,3.17,2025-08-08T00:00:00,2025-08-08T02:52:13.380811728
H239,Valve,Titanium,Cutting,M2,501,5.31,7.181,61.4,2.56,2025-09-30T03:00:00,2025-09-30T10:10:51.367323115
H240,Gear,Steel,Drilling,M6,558,3.09,2.374,54.2,2.67,2025-07-10T00:00:00,2025-07-10T02:22:25.776169048
H241,Gear,Steel,Cutting,M1,319,3.49,3.292,45.5,1.71,2025-09-27T03:00:00,2025-09-27T06:17:32.369280722
H242,Cover,Plastic,Assembly,M8,281,3.672,1.723,67.4,3.31,2025-09-21T08:00:00,2025-09-21T09:43:24.587473791
H243,Housing,Aluminium,Turning,M3,466,4.028,2.73,50.2,2.24,2025-07-14T07:00:00,2025-07-14T09:43:46.805356851
H244,Gear,Steel,Assembly,M8,117,1.704,1.472,64.7,2.85,2025-11-10T04:00:00,2025-11-10T05:28:18.058857220
H245,Shaft,Steel,Drilling,M5,153,1.065,1.214,68.8,2.5,2025-10-07T22:00:00,2025-10-07T23:12:50.675169753
H246,Bracket,Aluminium,Assembly,M8,149,2.088,1.498,67.2,2.49,2025-09-12T02:00:00,2025-09-12T03:29:54.573208663
H247,Valve,Titanium,Assembly,M7,594,7.428,8.405,68.9,2.29,2025-10-24T21:00:00,2025-10-25T05:24:16.521885053
H248,Shaft,Steel,Cutting,M1,326,3.56,3.409,58.0,3.04,2025-11-21T21:00:00,2025-11-22T00:24:32.714463708
H249,Bracket,Aluminium,Assembly,M8,545,6.84,4.446,71.0,2.55,2025-09-12T02:00:00,2025-09-12T06:26:44.649212408
H250,Gear,Steel,Drilling,M5,313,1.865,2.385,66.8,2.29,2025-08-13T04:00:00,2025-08-13T06:23:07.353390097
H251,Bracket,Aluminium,Cutting,M2,93,1.23,0.893,72.0,1.3,2025-12-25T06:00:00,2025-12-25T06:53:35.794371336
H252,Gear,Steel,Assembly,M8,341,4.392,3.696,61.9,3.03,2025-11-20T01:00:00,2025-11-20T04:41:43.806468645
H253,Cover,Plastic,Cutting,M2,57,0.87,0.515,68.8,1.95,2025-12-31T22:00:00,2025-12-31T22:30:54.015846107
H254,Gear,Steel,Cutting,M2,371,4.01,4.494,70.2,1.63,2025-10-15T23:00:00,2025-10-16T03:29:38.859658179
H255,Housing,Aluminium,Assembly,M7,26,0.612,0.425,63.3,3.04,2025-09-04T07:00:00,2025-09-04T07:25:29.682365016
H256,Cover,Plastic,Cutting,M2,402,4.32,2.38,60.1,1.54,2025-08-02T03:00:00,2025-08-02T05:22:49.469290493
H257,Housing,Aluminium,Cutting,M2,296,3.26,2.834,76.4,1.2,2025-12-17T04:00:00,2025-12-17T06:50:04.144219761
H258,Bracket,Aluminium,Assembly,M7,30,0.66,0.433,48.9,2.71,2025-09-12T23:00:00,2025-09-12T23:25:58.714411824
H259,Housing,Aluminium,Assembly,M7,432,5.484,3.622,73.2,1.87,2025-09-02T06:00:00,2025-09-02T09:37:20.317951909
H260,Shaft,Steel,Cutting,M2,149,1.79,1.727,52.6,2.86,2025-12-09T23:00:00,2025-12-10T00:43:36.156780065
H261,Housing,Aluminium,Assembly,M7,136,1.932,1.45,69.8,2.4,2025-10-03T21:00:00,2025-10-03T22:27:00.252362896
H262,Housing,Aluminium,Cutting,M2,462,4.92,3.698,61.2,2.85,2025-12-01T02:00:00,2025-12-01T05:41:51.976893072
H263,Valve,Titanium,Cutting,M1,512,5.42,7.035,74.5,0.2,2025-09-12T02:00:00,2025-09-12T09:02:05.461445386
H264,Housing,Aluminium,Cutting,M2,449,4.79,3.318,56.3,3.32,2025-10-03T03:00:00,2025-10-03T06:19:03.651212480
H265,Valve,Titanium,Drilling,M6,201,1.305,1.763,60.3,1.69,2025-07-15T06:00:00,2025-07-15T07:45:46.774323516
H266,Bracket,Aluminium,Cutting,M2,289,3.19,2.327,58.1,3.53,2025-07-18T22:00:00,2025-07-19T00:19:38.929588489
H267,Housing,Aluminium,Turning,M3,513,4.404,2.767,59.6,1.86,2025-12-13T05:00:00,2025-12-13T07:45:59.950467801
H268,Gear,Steel,Drilling,M6,592,3.26,2.58,62.0,1.06,2025-08-04T04:00:00,2025-08-04T06:34:46.250490202
H269,Shaft,Steel,Cutting,M1,295,3.25,2.517,65.5,2.7,2025-12-30T22:00:00,2025-12-31T00:31:02.529658063
H270,Valve,Titanium,Drilling,M5,508,2.84,4.774,72.3,1.54,2025-12-02T07:00:00,2025-12-02T11:46:26.845928840
H271,Bracket,Aluminium,Assembly,M8,303,3.936,2.628,62.8,2.31,2025-12-12T08:00:00,2025-12-12T10:37:39.188716417
H272,Housing,Aluminium,Cutting,M1,101,1.31,0.922,61.6,3.14,2025-11-17T05:00:00,2025-11-17T05:55:19.222641524
H273,Bracket,Aluminium,Cutting,M2,376,4.06,2.801,54.3,3.12,2025-10-23T08:00:00,2025-10-23T10:48:04.404393515
H274,Bracket,Aluminium,Cutting,M1,284,3.14,2.248,66.4,2.05,2025-08-06T02:00:00,2025-08-06T04:14:54.365358021
H275,Shaft,Steel,Turning,M3,32,0.556,0.453,66.6,1.89,2025-08-25T07:00:00,2025-08-25T07:27:11.797834093
H276,Gear,Steel,Assembly,M8,566,7.092,6.372,66.9,3.27,2025-07-27T05:00:00,2025-07-27T11:22:19.124766800
H277,Valve,Titanium,Assembly,M8,386,4.932,6.555,60.8,4.27,2025-10-31T03:00:00,2025-10-31T09:33:18.901240361
H278,Cover,Plastic,Drilling,M6,105,0.825,0.418,53.8,3.4,2025-12-22T03:00:00,2025-12-22T03:25:03.989078837
H279,Gear,Steel,Assembly,M8,207,2.784,2.669,54.9,3.92,2026-01-01T07:00:00,2026-01-01T09:40:07.900326585
H280,Shaft,Steel,Cutting,M2,568,5.98,5.672,66.3,2.48,2025-09-28T03:00:00,2025-09-28T08:40:20.318378999
H281,Gear,Steel,Assembly,M8,311,4.032,3.548,58.7,2.6,2025-08-27T22:00:00,2025-08-28T01:32:53.782658709
H282,Gear,Steel,Turning,M3,182,1.756,1.47,44.2,2.66,2025-07-24T21:00:00,2025-07-24T22:28:10.769792315
H283,Shaft,Steel,Cutting,M2,194,2.24,2.376,61.8,2.59,2025-08-30T00:00:00,2025-08-30T02:22:33.637523358
H284,Bracket,Aluminium,Cutting,M2,411,4.41,3.746,67.4,3.24,2025-11-11T00:00:00,2025-11-11T03:44:45.107702586
H285,Bracket,Aluminium,Drilling,M6,229,1.445,1.012,57.0,3.03,2025-12-27T22:00:00,2025-12-27T23:00:42.354828384
H286,Bracket,Aluminium,Drilling,M6,42,0.51,0.436,55.2,3.43,2025-09-05T00:00:00,2025-09-05T00:26:11.170499980
H287,Bracket,Aluminium,Cutting,M1,488,5.18,3.526,61.1,1.05,2025-10-22T00:00:00,2025-10-22T03:31:32.980397755
H288,Valve,Titanium,Assembly,M7,218,2.916,3.81,67.2,2.8,2025-08-18T06:00:00,2025-08-18T09:48:35.976114885
H289,Bracket,Aluminium,Drilling,M5,28,0.44,0.389,69.2,2.34,2025-07-19T07:00:00,2025-07-19T07:23:21.118550594
H290,Valve,Titanium,Cutting,M1,178,2.08,2.778,65.5,1.47,2025-10-22T04:00:00,2025-10-22T06:46:40.950842998
H291,Cover,Plastic,Drilling,M5,210,1.35,0.839,68.3,2.81,2025-11-12T23:00:00,2025-11-12T23:50:21.496360680
H292,Housing,Aluminium,Assembly,M7,558,6.996,4.752,64.2,2.13,2025-12-29T23:00:00,2025-12-30T03:45:06.399054993
H293,Gear,Steel,Assembly,M8,509,6.408,5.74,66.1,3.16,2025-08-29T23:00:00,2025-08-30T04:44:25.597900494
H294,Valve,Titanium,Turning,M3,558,4.764,6.483,50.5,3.73,2025-12-29T07:00:00,2025-12-29T13:28:57.505325897
H295,Shaft,Steel,Turning,M3,39,0.612,0.595,62.8,2.09,2025-10-03T22:00:00,2025-10-03T22:35:43.027299745
H296,Bracket,Aluminium,Cutting,M2,180,2.1,1.807,68.1,2.9,2025-10-14T05:00:00,2025-10-14T06:48:25.361496005
H297,Cover,Plastic,Drilling,M6,266,1.63,0.836,65.5,2.59,2025-07-24T03:00:00,2025-07-24T03:50:10.008131514
H298,Valve,Titanium,Turning,M4,311,2.788,3.828,58.5,2.55,2025-12-27T07:00:00,2025-12-27T10:49:41.185983330
H299,Valve,Titanium,Turning,M4,348,3.084,4.323,68.4,3.35,2025-09-06T21:00:00,2025-09-07T01:19:22.679632044
H300,Gear,Steel,Assembly,M7,581,7.272,6.623,58.6,2.22,2025-09-27T06:00:00,2025-09-27T12:37:24.443896060
H301,Shaft,Steel,Drilling,M5,358,2.09,2.949,64.2,2.23,2025-11-02T02:00:00,2025-11-02T04:56:54.808893249
H302,Bracket,Aluminium,Assembly,M7,54,0.948,0.663,57.5,3.25,2025-10-05T02:00:00,2025-10-05T02:39:45.384897895
H303,Shaft,Steel,Cutting,M1,404,4.34,3.945,58.2,1.64,2025-11-19T06:00:00,2025-11-19T09:56:42.575094394
H304,Shaft,Steel,Cutting,M1,360,3.9,3.345,70.4,1.9,2025-08-30T07:00:00,2025-08-30T10:20:43.640097261
H305,Valve,Titanium,Assembly,M8,284,3.708,5.279,75.4,3.01,2025-07-24T07:00:00,2025-07-24T12:16:44.533651411
H306,Cover,Plastic,Cutting,M2,559,5.89,3.301,59.1,2.01,2025-09-04T03:00:00,2025-09-04T06:18:05.256109733
H307,Valve,Titanium,Turning,M3,130,1.34,1.816,67.7,2.54,2025-09-17T08:00:00,2025-09-17T09:48:59.030535630
H308,Housing,Aluminium,Cutting,M1,399,4.29,2.766,82.0,2.69,2025-08-13T21:00:00,2025-08-13T23:45:59.385588950
H309,Cover,Plastic,Assembly,M7,528,6.636,4.175,64.0,2.13,2025-08-02T02:00:00,2025-08-02T06:10:31.725452018
H310,Bracket,Aluminium,Cutting,M2,55,0.85,0.689,57.0,2.53,2025-12-02T06:00:00,2025-12-02T06:41:22.117274887
H311,Valve,Titanium,Turning,M3,383,3.364,4.202,63.3,1.85,2025-07-09T23:00:00,2025-07-10T03:12:08.871509788
H312,Gear,Steel,Turning,M3,360,3.18,2.705,73.6,2.26,2025-07-24T23:00:00,2025-07-25T01:42:18.066923608
H313,Bracket,Aluminium,Cutting,M2,268,2.98,2.68,71.3,3.28,2026-01-01T07:00:00,2026-01-01T09:40:48.059070136
H314,Bracket,Aluminium,Drilling,M5,93,0.765,0.66,65.1,2.42,2025-08-07T22:00:00,2025-08-07T22:39:36.914426106
H315,Housing,Aluminium,Turning,M4,375,3.3,2.218,65.7,1.86,2025-12-27T08:00:00,2025-12-27T10:13:04.980972124
H316,Gear,Steel,Drilling,M6,145,1.025,0.94,82.5,2.72,2026-01-01T06:00:00,2026-01-01T06:56:24.546720256
H317,Cover,Plastic,Drilling,M6,428,2.44,1.226,57.6,1.66,2025-08-29T23:00:00,2025-08-30T00:13:35.075965693
H318,Gear,Steel,Cutting,M1,189,2.19,1.783,74.8,1.86,2025-11-27T05:00:00,2025-11-27T06:46:58.396285966
H319,Housing,Aluminium,Cutting,M2,42,0.72,0.573,52.3,1.9,2025-07-17T00:00:00,2025-07-17T00:34:24.545018738
H320,Cover,Plastic,Assembly,M7,458,5.796,3.378,70.4,0.59,2025-12-19T05:00:00,2025-12-19T08:22:41.239420325
H321,Valve,Titanium,Drilling,M6,270,1.65,1.745,73.7,2.94,2025-08-10T08:00:00,2025-08-10T09:44:41.679391950
H322,Bracket,Aluminium,Drilling,M5,124,0.92,0.882,68.8,3.13,2025-12-16T23:00:00,2025-12-16T23:52:53.563955852
H323,Valve,Titanium,Turning,M4,553,4.724,6.838,68.3,1.63,2025-08-24T08:00:00,2025-08-24T14:50:15.569126643
H324,Shaft,Steel,Cutting,M1,591,6.21,5.468,54.8,4.01,2025-10-21T03:00:00,2025-10-21T08:28:05.110133563
H325,Valve,Titanium,Drilling,M5,238,1.49,2.675,73.8,2.72,2025-12-18T00:00:00,2025-12-18T02:40:30.494070101
H326,Shaft,Steel,Drilling,M6,234,1.47,1.294,72.8,1.24,2025-09-02T08:00:00,2025-09-02T09:17:39.868435444
H327,Housing,Aluminium,Assembly,M8,187,2.544,2.267,74.3,3.24,2025-08-30T22:00:00,2025-08-31T00:16:00.940145869
H328,Gear,Steel,Cutting,M1,33,0.63,0.451,61.1,1.79,2025-10-12T02:00:00,2025-10-12T02:27:03.453483403
H329,Valve,Titanium,Turning,M3,481,4.148,6.251,80.5,2.51,2025-10-25T07:00:00,2025-10-25T13:15:02.411876382
H330,Housing,Aluminium,Assembly,M8,50,0.9,0.679,76.0,2.54,2025-07-24T00:00:00,2025-07-24T00:40:43.482021242
H331,Valve,Titanium,Turning,M4,262,2.396,3.585,82.9,2.28,2025-10-20T05:00:00,2025-10-20T08:35:07.353496212
H332,Valve,Titanium,Turning,M4,165,1.62,1.867,45.9,2.91,2025-11-28T01:00:00,2025-11-28T02:52:00.008812268
H333,Housing,Aluminium,Cutting,M1,422,4.52,3.297,57.8,1.26,2025-09-24T08:00:00,2025-09-24T11:17:47.860563541
H334,Gear,Steel,Cutting,M1,462,4.92,5.129,87.1,3.17,2025-12-16T08:00:00,2025-12-16T13:07:45.027714479
H335,Cover,Plastic,Drilling,M5,458,2.59,1.884,48.6,2.35,2025-11-29T21:00:00,2025-11-29T22:53:03.806165080
H336,Cover,Plastic,Cutting,M1,129,1.59,0.925,77.0,3.1,2025-11-25T23:00:00,2025-11-25T23:55:30.812771752
H337,Valve,Titanium,Assembly,M7,537,6.744,9.141,55.5,0.75,2025-08-24T05:00:00,2025-08-24T14:08:28.466970587
H338,Cover,Plastic,Cutting,M2,560,5.9,3.546,77.6,1.7,2025-11-30T02:00:00,2025-11-30T05:32:44.541194178
H339,Cover,Plastic,Drilling,M5,82,0.71,0.458,74.0,2.19,2025-08-04T21:00:00,2025-08-04T21:27:29.532938082
H340,Valve,Titanium,Cutting,M1,134,1.64,2.185,64.1,3.77,2025-07-22T00:00:00,2025-07-22T02:11:04.468128634
H341,Gear,Steel,Cutting,M1,421,4.51,3.94,65.3,2.43,2025-07-29T00:00:00,2025-07-29T03:56:22.460059096
H342,Cover,Plastic,Drilling,M5,207,1.335,0.802,70.5,2.01,2025-12-01T01:00:00,2025-12-01T01:48:06.531993273
H343,Bracket,Aluminium,Drilling,M6,458,2.59,1.528,49.3,3.06,2025-09-03T02:00:00,2025-09-03T03:31:39.434234148
H344,Bracket,Aluminium,Drilling,M6,351,2.055,1.312,61.5,2.35,2025-08-22T01:00:00,2025-08-22T02:18:43.623401701
H345,Bracket,Aluminium,Drilling,M6,437,2.485,1.559,67.2,1.94,2025-08-18T07:00:00,2025-08-18T08:33:31.591986663
H346,Gear,Steel,Turning,M4,325,2.9,2.476,46.0,2.07,2025-10-25T01:00:00,2025-10-25T03:28:31.870604831
H347,Shaft,Steel,Cutting,M1,445,4.75,4.128,73.9,3.59,2025-11-13T04:00:00,2025-11-13T08:07:40.357188168
H348,Valve,Titanium,Turning,M4,521,4.468,6.96,50.1,2.28,2025-11-06T08:00:00,2025-11-06T14:57:37.003864145
H349,Valve,Titanium,Cutting,M1,131,1.61,2.255,81.9,2.04,2025-07-12T06:00:00,2025-07-12T08:15:19.656126368
H350,Cover,Plastic,Cutting,M1,216,2.46,1.293,56.9,2.58,2025-08-13T23:00:00,2025-08-14T00:17:33.089290432
H351,Housing,Aluminium,Cutting,M2,373,4.03,3.491,57.1,2.72,2025-07-15T21:00:00,2025-07-16T00:29:28.577078072
H352,Cover,Plastic,Assembly,M8,322,4.164,2.367,57.2,3.09,2025-09-05T03:00:00,2025-09-05T05:22:02.102018259
H353,Shaft,Steel,Cutting,M2,416,4.46,4.313,71.2,3.16,2025-08-06T08:00:00,2025-08-06T12:18:45.725946810
H354,Housing,Aluminium,Assembly,M8,563,7.056,5.41,61.7,2.57,2025-09-04T03:00:00,2025-09-04T08:24:34.892559780
H355,Cover,Plastic,Cutting,M1,76,1.06,0.561,54.9,1.45,2026-01-01T06:00:00,2026-01-01T06:33:39.155962654
H356,Cover,Plastic,Drilling,M6,144,1.02,0.551,61.5,3.56,2025-08-19T01:00:00,2025-08-19T01:33:04.793506479
H357,Shaft,Steel,Drilling,M5,107,0.835,0.882,67.6,2.97,2025-11-20T01:00:00,2025-11-20T01:52:56.672490628
H358,Housing,Aluminium,Turning,M4,390,3.42,2.915,71.1,2.28,2025-07-26T01:00:00,2025-07-26T03:54:55.582788332
H359,Shaft,Steel,Drilling,M5,238,1.49,1.708,64.2,2.41,2026-01-04T03:00:00,2026-01-04T04:42:27.907249842
H360,Housing,Aluminium,Turning,M4,164,1.612,1.263,66.8,2.5,2025-10-17T06:00:00,2025-10-17T07:15:46.299147255
H361,Housing,Aluminium,Cutting,M2,190,2.2,1.835,73.7,4.27,2025-08-21T21:00:00,2025-08-21T22:50:06.690609665
H362,Shaft,Steel,Cutting,M2,421,4.51,4.889,69.4,2.7,2025-08-01T08:00:00,2025-08-01T12:53:20.449956948
H363,Valve,Titanium,Drilling,M6,413,2.365,3.297,77.2,2.79,2025-11-08T04:00:00,2025-11-08T07:17:49.058168869
H364,Bracket,Aluminium,Cutting,M2,77,1.07,0.868,66.7,3.14,2025-09-09T02:00:00,2025-09-09T02:52:05.692895804
H365,Housing,Aluminium,Assembly,M7,499,6.288,4.415,69.4,1.13,2025-08-13T22:00:00,2025-08-14T02:24:53.100868852
H366,Cover,Plastic,Cutting,M1,557,5.87,3.659,63.3,1.06,2025-08-28T06:00:00,2025-08-28T09:39:31.798687918
H367,Bracket,Aluminium,Cutting,M2,278,3.08,2.741,73.7,2.07,2025-12-20T04:00:00,2025-12-20T06:44:26.148999130
H368,Cover,Plastic,Assembly,M8,538,6.756,3.381,63.6,3.34,2025-10-08T07:00:00,2025-10-08T10:22:52.008208903
H369,Bracket,Aluminium,Drilling,M6,566,3.13,2.051,68.8,2.83,2025-10-03T03:00:00,2025-10-03T05:03:03.344803250
H370,Valve,Titanium,Assembly,M7,38,0.756,0.911,62.5,4.12,2025-08-17T01:00:00,2025-08-17T01:54:38.889776859
H371,Gear,Steel,Turning,M3,534,4.572,4.101,61.5,0.83,2025-12-20T05:00:00,2025-12-20T09:06:04.795374143
H372,Gear,Steel,Turning,M3,134,1.372,1.285,76.5,3.69,2025-11-02T22:00:00,2025-11-02T23:17:06.424102700
H373,Cover,Plastic,Assembly,M7,152,2.124,1.175,74.1,1.75,2025-08-30T02:00:00,2025-08-30T03:10:30.547516372
H374,Bracket,Aluminium,Drilling,M5,187,1.235,1.33,83.2,3.01,2025-08-07T22:00:00,2025-08-07T23:19:48.898257913
H375,Housing,Aluminium,Turning,M4,322,2.876,2.336,58.5,1.73,2025-11-20T23:00:00,2025-11-21T01:20:09.124803002
H376,Bracket,Aluminium,Cutting,M2,435,4.65,3.86,64.3,2.77,2025-11-18T05:00:00,2025-11-18T08:51:34.248880327
H377,Valve,Titanium,Assembly,M7,443,5.616,7.036,67.5,3.0,2025-12-22T21:00:00,2025-12-23T04:02:10.999633983
H378,Shaft,Steel,Turning,M3,492,4.236,4.067,52.1,1.84,2025-11-28T04:00:00,2025-11-28T08:04:00.944564128
H379,Bracket,Aluminium,Drilling,M6,81,0.705,0.48,60.6,3.63,2025-07-25T04:00:00,2025-07-25T04:28:46.244784587
H380,Housing,Aluminium,Cutting,M1,305,3.35,2.557,57.1,2.34,2025-08-25T02:00:00,2025-08-25T04:33:23.609818261
H381,Bracket,Aluminium,Drilling,M5,376,2.18,1.708,60.2,2.19,2025-11-10T02:00:00,2025-11-10T03:42:29.702522378
H382,Shaft,Steel,Turning,M3,293,2.644,2.231,58.8,3.83,2025-09-08T23:00:00,2025-09-09T01:13:49.926681325
H383,Housing,Aluminium,Assembly,M7,109,1.608,1.28,60.6,2.38,2025-11-01T06:00:00,2025-11-01T07:16:47.561073919
H384,Valve,Titanium,Drilling,M5,167,1.135,1.926,65.7,1.71,2025-12-24T22:00:00,2025-12-24T23:55:33.815034818
H385,Shaft,Steel,Drilling,M5,527,2.935,3.3,70.5,3.47,2025-07-20T04:00:00,2025-07-20T07:18:01.655311964
H386,Cover,Plastic,Assembly,M8,419,5.328,2.618,69.7,2.43,2025-09-26T00:00:00,2025-09-26T02:37:04.518419843
H387,Gear,Steel,Turning,M4,537,4.596,4.456,78.1,2.09,2025-08-13T21:00:00,2025-08-14T01:27:22.052811149
H388,Gear,Steel,Cutting,M1,164,1.94,1.647,66.3,3.53,2025-11-06T02:00:00,2025-11-06T03:38:49.274304893
H389,Housing,Aluminium,Assembly,M7,27,0.624,0.462,57.4,2.36,2025-11-20T04:00:00,2025-11-20T04:27:43.363778030
H390,Valve,Titanium,Turning,M3,117,1.236,1.628,53.6,2.16,2025-12-07T04:00:00,2025-12-07T05:37:39.246978813
H391,Housing,Aluminium,Assembly,M8,21,0.552,0.439,59.8,3.05,2025-09-28T05:00:00,2025-09-28T05:26:20.636991078
H392,Housing,Aluminium,Turning,M4,125,1.3,1.016,67.9,3.75,2025-07-11T07:00:00,2025-07-11T08:00:58.295061024
H393,Shaft,Steel,Drilling,M6,121,0.905,0.726,63.2,3.3,2025-12-04T06:00:00,2025-12-04T06:43:33.804611747
H394,Valve,Titanium,Cutting,M2,308,3.38,4.421,63.1,3.53,2025-09-30T22:00:00,2025-10-01T02:25:14.855973622
H395,Gear,Steel,Cutting,M2,531,5.61,6.168,62.1,3.62,2025-10-02T00:00:00,2025-10-02T06:10:03.306477719
H396,Housing,Aluminium,Turning,M3,398,3.484,2.23,58.1,3.19,2025-12-31T08:00:00,2025-12-31T10:13:46.940502273
H397,Housing,Aluminium,Assembly,M8,278,3.636,2.047,63.6,2.82,2025-11-15T07:00:00,2025-11-15T09:02:50.867219439
H398,Shaft,Steel,Drilling,M5,534,2.97,3.089,70.7,2.44,2025-09-09T01:00:00,2025-09-09T04:05:19.699488365
H399,Housing,Aluminium,Turning,M3,170,1.66,1.069,66.3,3.33,2025-12-19T01:00:00,2025-12-19T02:04:09.175318271
H400,Shaft,Steel,Turning,M3,145,1.46,1.232,66.4,2.03,2025-09-22T21:00:00,2025-09-22T22:13:56.880360803
H401,Bracket,Aluminium,Drilling,M6,504,2.82,1.708,54.9,1.56,2025-08-12T22:00:00,2025-08-12T23:42:29.797204282
H402,Gear,Steel,Drilling,M6,383,2.215,1.827,61.8,1.74,2025-11-04T21:00:00,2025-11-04T22:49:35.962072060
H403,Gear,Steel,Turning,M4,55,0.74,0.589,70.2,1.83,2025-09-12T05:00:00,2025-09-12T05:35:21.797816244
H404,Housing,Aluminium,Assembly,M8,126,1.812,1.362,61.2,2.37,2025-10-22T08:00:00,2025-10-22T09:21:43.675928412
H405,Bracket,Aluminium,Cutting,M1,344,3.74,2.454,65.9,3.36,2025-12-15T21:00:00,2025-12-15T23:27:13.730912669
H406,Valve,Titanium,Turning,M4,413,3.604,4.392,72.0,1.94,2025-07-22T00:00:00,2025-07-22T04:23:32.187354099
H407,Gear,Steel,Turning,M3,147,1.476,1.477,59.4,1.04,2025-08-03T03:00:00,2025-08-03T04:28:35.990924416
H408,Housing,Aluminium,Turning,M3,499,4.292,2.947,69.6,2.3,2025-10-08T05:00:00,2025-10-08T07:56:48.759716660
H409,Housing,Aluminium,Turning,M4,46,0.668,0.452,61.3,2.87,2025-08-22T06:00:00,2025-08-22T06:27:07.875806981
H410,Valve,Titanium,Cutting,M1,360,3.9,5.337,73.5,2.81,2025-08-29T04:00:00,2025-08-29T09:20:13.575136817
H411,Housing,Aluminium,Turning,M3,270,2.46,1.731,61.4,3.68,2025-11-16T21:00:00,2025-11-16T22:43:52.698836102
H412,Bracket,Aluminium,Drilling,M6,270,1.65,1.088,70.4,2.95,2025-11-27T05:00:00,2025-11-27T06:05:18.185568431
H413,Housing,Aluminium,Cutting,M1,260,2.9,1.948,72.8,3.2,2025-11-11T21:00:00,2025-11-11T22:56:51.087389068
H414,Shaft,Steel,Cutting,M2,380,4.1,3.673,49.7,2.72,2025-07-31T06:00:00,2025-07-31T09:40:21.408245907
H415,Gear,Steel,Turning,M3,252,2.316,1.929,60.7,2.51,2025-12-01T07:00:00,2025-12-01T08:55:46.187983151
H416,Shaft,Steel,Turning,M3,210,1.98,1.776,71.7,1.27,2025-10-07T21:00:00,2025-10-07T22:46:32.590079684
H417,Bracket,Aluminium,Cutting,M2,93,1.23,1.181,64.1,3.97,2025-09-11T01:00:00,2025-09-11T02:10:52.713433288
H418,Housing,Aluminium,Assembly,M8,71,1.152,0.768,72.8,3.28,2025-09-26T03:00:00,2025-09-26T03:46:04.609735651
H419,Gear,Steel,Turning,M3,560,4.78,4.239,66.8,3.46,2025-09-07T01:00:00,2025-09-07T05:14:20.432993311
H420,Shaft,Steel,Drilling,M6,53,0.565,0.438,70.9,1.97,2025-08-01T07:00:00,2025-08-01T07:26:17.501345597
H421,Housing,Aluminium,Turning,M3,410,3.58,2.824,72.8,2.38,2025-11-19T22:00:00,2025-11-20T00:49:25.844862170
H422,Cover,Plastic,Cutting,M1,431,4.61,2.571,77.6,2.45,2025-12-14T00:00:00,2025-12-14T02:34:14.032316081
H423,Housing,Aluminium,Cutting,M1,362,3.92,3.577,70.1,1.87,2025-11-04T00:00:00,2025-11-04T03:34:38.606394325
H424,Housing,Aluminium,Turning,M4,140,1.42,1.123,77.2,2.55,2025-08-17T03:00:00,2025-08-17T04:07:21.339093924
H425,Valve,Titanium,Turning,M4,69,0.852,0.98,49.8,2.59,2025-08-08T06:00:00,2025-08-08T06:58:47.630134354
H426,Gear,Steel,Assembly,M8,117,1.704,1.62,68.2,2.74,2025-09-29T23:00:00,2025-09-30T00:37:11.058476941
H427,Gear,Steel,Assembly,M8,527,6.624,5.929,67.4,2.91,2025-10-12T22:00:00,2025-10-13T03:55:43.519677442
H428,Valve,Titanium,Drilling,M5,215,1.375,2.223,68.4,2.42,2025-09-08T21:00:00,2025-09-08T23:13:21.525061087
H429,Cover,Plastic,Cutting,M2,363,3.93,2.516,65.6,1.81,2025-08-08T05:00:00,2025-08-08T07:30:56.035735812
H430,Gear,Steel,Drilling,M6,126,0.93,0.784,60.7,2.17,2025-11-18T21:00:00,2025-11-18T21:47:02.729281241
H431,Cover,Plastic,Drilling,M5,495,2.775,2.201,69.4,2.11,2025-09-16T22:00:00,2025-09-17T00:12:01.861833024
H432,Shaft,Steel,Turning,M4,181,1.748,1.977,80.6,3.76,2025-08-24T06:00:00,2025-08-24T07:58:38.704667248
H433,Bracket,Aluminium,Cutting,M2,338,3.68,2.796,66.8,1.48,2025-07-21T23:00:00,2025-07-22T01:47:45.830658931
H434,Gear,Steel,Turning,M4,338,3.004,2.688,67.2,1.42,2025-12-12T06:00:00,2025-12-12T08:41:17.172179632
H435,Cover,Plastic,Assembly,M8,76,1.212,0.524,73.5,1.9,2025-11-15T00:00:00,2025-11-15T00:31:26.474519506
H436,Gear,Steel,Cutting,M1,469,4.99,5.05,59.0,3.81,2025-08-21T23:00:00,2025-08-22T04:03:01.129575116
H437,Shaft,Steel,Cutting,M1,535,5.65,5.34,66.8,3.78,2025-08-01T00:00:00,2025-08-01T05:20:24.579170404
H438,Valve,Titanium,Assembly,M7,73,1.176,1.293,71.0,2.26,2025-09-20T03:00:00,2025-09-20T04:17:35.496069419
H439,Gear,Steel,Drilling,M5,202,1.31,1.74,65.9,2.65,2026-01-04T01:00:00,2026-01-04T02:44:24.318683540
H440,Housing,Aluminium,Turning,M3,478,4.124,2.524,59.1,2.52,2025-12-08T21:00:00,2025-12-08T23:31:27.101325044
H441,Gear,Steel,Drilling,M6,378,2.19,1.85,64.7,3.32,2025-07-28T04:00:00,2025-07-28T05:51:00.833664284
H442,Shaft,Steel,Drilling,M6,463,2.615,2.176,67.5,1.87,2025-09-04T21:00:00,2025-09-04T23:10:32.181527175
H443,Valve,Titanium,Cutting,M1,534,5.64,7.939,77.4,2.34,2025-09-18T01:00:00,2025-09-18T08:56:20.353080647
H444,Cover,Plastic,Drilling,M5,378,2.19,1.555,66.7,3.77,2025-11-24T01:00:00,2025-11-24T02:33:17.969234220
H445,Valve,Titanium,Turning,M3,161,1.588,2.077,64.5,4.41,2025-07-25T04:00:00,2025-07-25T06:04:36.562882706
H446,Housing,Aluminium,Cutting,M1,444,4.74,3.765,71.6,2.23,2025-12-22T23:00:00,2025-12-23T02:45:53.212497404
H447,Housing,Aluminium,Assembly,M7,524,6.588,4.018,62.9,2.13,2025-12-20T01:00:00,2025-12-20T05:01:06.227676617
H448,Valve,Titanium,Turning,M3,148,1.484,1.975,83.9,2.22,2025-08-10T23:00:00,2025-08-11T00:58:31.495360062
H449,Housing,Aluminium,Cutting,M2,139,1.69,1.408,60.0,3.35,2025-10-26T22:00:00,2025-10-26T23:24:28.926633291
H450,Shaft,Steel,Drilling,M5,513,2.865,3.433,55.2,3.7,2025-11-18T07:00:00,2025-11-18T10:25:57.972720666
H451,Shaft,Steel,Turning,M4,169,1.652,1.363,60.6,3.09,2025-12-25T21:00:00,2025-12-25T22:21:47.358572957
H452,Valve,Titanium,Assembly,M7,391,4.992,6.879,69.6,1.52,2025-10-18T06:00:00,2025-10-18T12:52:46.134941364
H453,Gear,Steel,Assembly,M7,195,2.64,2.344,64.2,1.83,2026-01-04T03:00:00,2026-01-04T05:20:36.978019404
H454,Bracket,Aluminium,Drilling,M5,112,0.86,0.759,61.1,2.66,2025-09-10T07:00:00,2025-09-10T07:45:31.687789691
H455,Cover,Plastic,Cutting,M2,212,2.42,1.394,76.4,3.3,2025-11-16T02:00:00,2025-11-16T03:23:37.896808428
H456,Shaft,Steel,Cutting,M2,419,4.49,4.323,55.9,2.15,2025-09-30T07:00:00,2025-09-30T11:19:21.898338952
H457,Valve,Titanium,Cutting,M1,438,4.68,6.636,66.6,4.48,2025-12-22T23:00:00,2025-12-23T05:38:08.048276570
H458,Gear,Steel,Turning,M3,195,1.86,1.564,68.5,4.16,2025-11-16T23:00:00,2025-11-17T00:33:51.470593726
H459,Bracket,Aluminium,Drilling,M5,446,2.53,2.191,71.2,3.51,2025-11-05T08:00:00,2025-11-05T10:11:26.521264911
H460,Gear,Steel,Drilling,M5,225,1.425,1.502,73.4,2.13,2025-12-27T08:00:00,2025-12-27T09:30:06.927129774
H461,Cover,Plastic,Cutting,M2,551,5.81,3.254,70.9,1.57,2025-07-20T07:00:00,2025-07-20T10:15:15.483378121
H462,Gear,Steel,Drilling,M5,368,2.14,2.301,59.7,3.25,2025-09-30T08:00:00,2025-09-30T10:18:03.874109143
H463,Valve,Titanium,Drilling,M5,592,3.26,6.02,59.7,4.11,2025-10-11T00:00:00,2025-10-11T06:01:12.411244099
H464,Bracket,Aluminium,Cutting,M1,522,5.52,4.011,73.4,2.44,2025-09-14T21:00:00,2025-09-15T01:00:40.026434422
H465,Valve,Titanium,Turning,M4,305,2.74,4.156,58.5,2.69,2025-07-20T00:00:00,2025-07-20T04:09:20.565476286
H466,Gear,Steel,Assembly,M7,103,1.536,1.36,71.0,1.97,2025-11-22T02:00:00,2025-11-22T03:21:36.313300040
H467,Bracket,Aluminium,Assembly,M7,395,5.04,3.766,66.5,3.05,2025-09-25T07:00:00,2025-09-25T10:45:59.117071343
H468,Housing,Aluminium,Assembly,M8,461,5.832,4.253,68.3,1.92,2025-10-02T21:00:00,2025-10-03T01:15:10.044713096
H469,Cover,Plastic,Drilling,M5,22,0.41,0.255,60.0,2.08,2025-09-14T04:00:00,2025-09-14T04:15:19.752309045
H470,Shaft,Steel,Drilling,M6,478,2.69,3.005,80.8,2.35,2025-09-17T08:00:00,2025-09-17T11:00:18.629695797
H471,Valve,Titanium,Turning,M3,211,1.988,2.583,68.0,3.17,2025-11-14T00:00:00,2025-11-14T02:34:57.028508162
H472,Shaft,Steel,Cutting,M2,488,5.18,5.125,57.7,2.83,2025-11-04T03:00:00,2025-11-04T08:07:29.120944533
H473,Shaft,Steel,Turning,M3,85,0.98,0.806,62.9,1.33,2026-01-02T07:00:00,2026-01-02T07:48:21.162384687
H474,Bracket,Aluminium,Assembly,M7,185,2.52,1.853,70.4,1.98,2025-07-19T02:00:00,2025-07-19T03:51:09.907881759
H475,Valve,Titanium,Assembly,M8,193,2.616,3.708,55.5,3.35,2025-11-14T23:00:00,2025-11-15T02:42:28.480377604
H476,Housing,Aluminium,Assembly,M7,294,3.828,2.789,50.9,3.19,2025-07-19T03:00:00,2025-07-19T05:47:20.947734931
H477,Valve,Titanium,Cutting,M1,486,5.16,7.23,53.0,1.93,2025-12-01T08:00:00,2025-12-01T15:13:48.711839765
H478,Gear,Steel,Cutting,M1,423,4.53,3.627,59.2,2.21,2025-12-24T06:00:00,2025-12-24T09:37:37.504594327
H479,Bracket,Aluminium,Cutting,M2,462,4.92,4.284,55.6,2.41,2025-11-10T01:00:00,2025-11-10T05:17:01.814760262
H480,Shaft,Steel,Turning,M4,431,3.748,3.774,61.7,2.04,2025-10-22T02:00:00,2025-10-22T05:46:26.249006117
H481,Gear,Steel,Turning,M4,81,0.948,0.892,62.3,2.88,2025-12-17T07:00:00,2025-12-17T07:53:32.313305784
H482,Gear,Steel,Cutting,M2,390,4.2,3.877,64.5,3.06,2025-12-12T03:00:00,2025-12-12T06:52:35.892056295
H483,Bracket,Aluminium,Drilling,M6,437,2.485,1.914,74.7,4.29,2026-01-02T21:00:00,2026-01-02T22:54:49.223903613
H484,Bracket,Aluminium,Assembly,M8,308,3.996,2.698,50.2,2.7,2025-10-11T05:00:00,2025-10-11T07:41:53.417893052
H485,Bracket,Aluminium,Cutting,M2,599,6.29,4.48,54.6,2.99,2025-11-29T08:00:00,2025-11-29T12:28:47.578568452
H486,Bracket,Aluminium,Drilling,M5,61,0.605,0.579,72.0,2.11,2025-08-17T01:00:00,2025-08-17T01:34:44.569147044
H487,Bracket,Aluminium,Cutting,M1,57,0.87,0.587,55.8,3.39,2025-08-16T05:00:00,2025-08-16T05:35:14.130648860
H488,Shaft,Steel,Cutting,M2,271,3.01,2.702,67.7,1.82,2025-11-29T22:00:00,2025-11-30T00:42:06.795806655
H489,Cover,Plastic,Drilling,M5,512,2.86,2.107,64.6,1.38,2025-10-10T05:00:00,2025-10-10T07:06:24.097284879
H490,Valve,Titanium,Cutting,M1,160,1.9,2.558,78.2,1.8,2025-09-25T22:00:00,2025-09-26T00:33:27.577301347
H491,Valve,Titanium,Turning,M4,322,2.876,4.214,77.9,2.11,2025-12-01T07:00:00,2025-12-01T11:12:50.091586899
H492,Valve,Titanium,Drilling,M5,409,2.345,3.937,58.5,3.37,2025-11-07T04:00:00,2025-11-07T07:56:12.641827897
H493,Cover,Plastic,Cutting,M2,87,1.17,0.598,55.9,3.27,2025-11-12T04:00:00,2025-11-12T04:35:51.897054804
H494,Housing,Aluminium,Turning,M4,298,2.684,2.197,71.1,2.05,2025-12-04T04:00:00,2025-12-04T06:11:47.935168292
H495,Shaft,Steel,Turning,M4,365,3.22,2.76,73.6,2.18,2025-11-07T01:00:00,2025-11-07T03:45:35.354076804
H496,Bracket,Aluminium,Cutting,M1,275,3.05,2.289,69.4,2.03,2026-01-02T07:00:00,2026-01-02T09:17:21.917234730
H497,Bracket,Aluminium,Drilling,M6,266,1.63,1.292,66.2,2.94,2025-11-11T21:00:00,2025-11-11T22:17:32.296339071
H498,Gear,Steel,Turning,M3,522,4.476,4.118,69.1,2.89,2025-09-26T00:00:00,2025-09-26T04:07:03.635489722
H499,Cover,Plastic,Drilling,M6,567,3.135,1.599,70.2,2.36,2025-10-25T00:00:00,2025-10-25T01:35:57.856950428
H500,Shaft,Steel,Drilling,M6,36,0.48,0.434,59.6,3.41,2025-08-27T07:00:00,2025-08-27T07:26:03.762643971
H501,Gear,Steel,Drilling,M5,395,2.275,2.676,71.2,3.23,2025-10-06T22:00:00,2025-10-07T00:40:32.627818258
H502,Gear,Steel,Assembly,M8,491,6.192,5.464,62.9,2.52,2025-08-28T07:00:00,2025-08-28T12:27:52.072867384
H503,Valve,Titanium,Drilling,M6,97,0.785,1.029,62.7,2.3,2025-09-16T06:00:00,2025-09-16T07:01:44.000289384
H504,Bracket,Aluminium,Drilling,M5,476,2.68,2.671,71.1,3.85,2025-10-07T04:00:00,2025-10-07T06:40:16.917866896
H505,Shaft,Steel,Turning,M3,253,2.324,1.878,66.4,2.93,2025-07-31T22:00:00,2025-07-31T23:52:40.506588401
H506,Valve,Titanium,Assembly,M7,496,6.252,6.745,58.6,2.22,2025-10-16T06:00:00,2025-10-16T12:44:40.322931617
H507,Valve,Titanium,Cutting,M1,345,3.75,5.0,56.8,2.63,2025-09-20T01:00:00,2025-09-20T05:59:59.616888220
H508,Shaft,Steel,Cutting,M2,128,1.58,1.584,68.9,1.47,2025-12-09T04:00:00,2025-12-09T05:35:01.670576996
H509,Gear,Steel,Drilling,M6,458,2.59,1.934,63.0,1.27,2025-08-12T02:00:00,2025-08-12T03:56:01.965103646
H510,Housing,Aluminium,Cutting,M1,40,0.7,0.463,70.0,2.28,2025-11-29T22:00:00,2025-11-29T22:27:46.278053495
H511,Gear,Steel,Cutting,M1,479,5.09,4.699,80.0,1.96,2025-10-27T05:00:00,2025-10-27T09:41:57.175012982
H512,Valve,Titanium,Assembly,M7,479,6.048,7.433,52.6,2.09,2025-08-14T21:00:00,2025-08-15T04:25:59.825494943
H513,Valve,Titanium,Turning,M4,279,2.532,3.241,69.7,2.98,2025-09-03T03:00:00,2025-09-03T06:14:28.821064499
H514,Valve,Titanium,Assembly,M7,547,6.864,8.725,68.2,3.16,2025-11-05T00:00:00,2025-11-05T08:43:29.295907680
H515,Gear,Steel,Assembly,M8,346,4.452,4.212,70.7,3.84,2025-09-16T03:00:00,2025-09-16T07:12:44.853105292
H516,Shaft,Steel,Turning,M4,21,0.468,0.434,47.4,0.88,2025-09-23T23:00:00,2025-09-23T23:26:01.773335400
H517,Shaft,Steel,Drilling,M6,459,2.595,2.222,65.9,3.26,2025-07-15T02:00:00,2025-07-15T04:13:17.523922807
H518,Bracket,Aluminium,Cutting,M2,394,4.24,4.308,73.5,1.72,2025-10-19T23:00:00,2025-10-20T03:18:29.759213894
H519,Housing,Aluminium,Assembly,M7,181,2.472,1.621,80.0,3.13,2025-11-21T21:00:00,2025-11-21T22:37:17.070062303
H520,Bracket,Aluminium,Assembly,M8,458,5.796,3.895,54.8,2.92,2025-08-12T23:00:00,2025-08-13T02:53:42.045121352
H521,Housing,Aluminium,Turning,M4,523,4.484,3.452,80.9,2.54,2025-07-11T03:00:00,2025-07-11T06:27:05.637965966
H522,Valve,Titanium,Cutting,M2,109,1.39,2.014,61.6,3.28,2025-07-13T08:00:00,2025-07-13T10:00:50.636051092
H523,Gear,Steel,Turning,M3,115,1.22,1.245,80.5,3.08,2025-08-30T01:00:00,2025-08-30T02:14:43.597218595
H524,Valve,Titanium,Cutting,M1,196,2.26,3.062,63.2,3.12,2025-10-17T06:00:00,2025-10-17T09:03:44.362311164
H525,Gear,Steel,Turning,M4,293,2.644,2.798,68.9,4.15,2025-11-21T22:00:00,2025-11-22T00:47:54.387390779
H526,Bracket,Aluminium,Assembly,M8,340,4.38,3.385,52.6,2.26,2025-12-27T23:00:00,2025-12-28T02:23:05.700555947
H527,Cover,Plastic,Drilling,M6,556,3.08,1.701,47.9,2.32,2025-09-18T02:00:00,2025-09-18T03:42:03.421770527
H528,Gear,Steel,Assembly,M8,126,1.812,1.767,72.8,3.55,2026-01-02T03:00:00,2026-01-02T04:46:02.064454586
H529,Housing,Aluminium,Assembly,M7,197,2.664,1.727,65.7,2.31,2025-07-29T03:00:00,2025-07-29T04:43:37.083450026
H530,Shaft,Steel,Cutting,M2,244,2.74,3.047,76.5,2.47,2025-12-08T08:00:00,2025-12-08T11:02:47.550158688
H531,Gear,Steel,Assembly,M8,479,6.048,5.726,63.1,3.56,2025-07-26T23:00:00,2025-07-27T04:43:32.633292887
H532,Cover,Plastic,Drilling,M5,300,1.8,1.282,63.6,2.86,2025-12-25T05:00:00,2025-12-25T06:16:55.400124795
H533,Shaft,Steel,Drilling,M5,70,0.65,0.768,60.0,3.36,2025-11-23T03:00:00,2025-11-23T03:46:05.673169596
H534,Valve,Titanium,Turning,M3,95,1.06,1.305,65.1,3.03,2025-08-19T08:00:00,2025-08-19T09:18:19.611535502
H535,Housing,Aluminium,Cutting,M1,162,1.92,1.446,57.6,3.75,2025-10-25T05:00:00,2025-10-25T06:26:46.715324887
H536,Housing,Aluminium,Turning,M3,536,4.588,3.65,77.5,2.35,2025-11-02T07:00:00,2025-11-02T10:38:58.548069861
H537,Cover,Plastic,Cutting,M1,579,6.09,3.531,72.5,2.23,2025-12-08T22:00:00,2025-12-09T01:31:50.470104375
H538,Bracket,Aluminium,Assembly,M7,345,4.44,3.105,63.8,2.82,2025-12-10T06:00:00,2025-12-10T09:06:16.397842672
H539,Shaft,Steel,Cutting,M2,579,6.09,5.739,58.9,2.95,2025-11-11T08:00:00,2025-11-11T13:44:19.342095177
H540,Housing,Aluminium,Assembly,M7,145,2.04,1.447,72.4,2.3,2025-08-30T08:00:00,2025-08-30T09:26:47.504321660
H541,Gear,Steel,Assembly,M8,122,1.764,1.416,70.7,2.59,2025-11-23T04:00:00,2025-11-23T05:24:57.644717018
H542,Shaft,Steel,Cutting,M1,518,5.48,5.104,70.7,1.55,2025-09-30T06:00:00,2025-09-30T11:06:13.503618971
H543,Valve,Titanium,Turning,M4,68,0.844,1.106,67.9,2.44,2025-11-26T06:00:00,2025-11-26T07:06:22.656557018
H544,Cover,Plastic,Assembly,M7,536,6.732,3.797,69.5,1.43,2025-11-05T06:00:00,2025-11-05T09:47:50.676642471
H545,Bracket,Aluminium,Cutting,M2,240,2.7,2.057,67.5,4.13,2025-08-25T05:00:00,2025-08-25T07:03:26.577450685
H546,Gear,Steel,Turning,M4,478,4.124,4.446,64.6,3.58,2025-11-12T05:00:00,2025-11-12T09:26:44.119715879
H547,Cover,Plastic,Cutting,M1,447,4.77,2.217,61.6,2.04,2025-12-19T06:00:00,2025-12-19T08:13:01.532197440
H548,Valve,Titanium,Cutting,M2,221,2.51,3.862,53.9,3.67,2025-09-04T08:00:00,2025-09-04T11:51:42.815190692
H549,Shaft,Steel,Turning,M4,73,0.884,0.858,71.3,2.47,2025-11-15T05:00:00,2025-11-15T05:51:30.157847368
H550,Housing,Aluminium,Cutting,M1,34,0.64,0.506,50.2,3.19,2025-09-30T08:00:00,2025-09-30T08:30:20.603639917
H551,Gear,Steel,Cutting,M2,212,2.42,2.255,67.6,2.0,2025-08-28T22:00:00,2025-08-29T00:15:17.541790205
H552,Shaft,Steel,Drilling,M6,595,3.275,3.036,65.4,1.76,2025-10-28T00:00:00,2025-10-28T03:02:09.370180747
H553,Bracket,Aluminium,Assembly,M8,562,7.044,4.919,59.8,2.4,2025-09-04T22:00:00,2025-09-05T02:55:08.289540007
H554,Gear,Steel,Turning,M4,495,4.26,3.451,66.9,1.42,2025-09-26T00:00:00,2025-09-26T03:27:03.106382797
H555,Gear,Steel,Assembly,M8,563,7.056,6.997,62.8,1.32,2025-07-27T06:00:00,2025-07-27T12:59:49.875386353
H556,Valve,Titanium,Assembly,M7,167,2.304,3.389,76.4,2.71,2025-09-11T06:00:00,2025-09-11T09:23:19.498258936
H557,Bracket,Aluminium,Cutting,M1,516,5.46,3.739,63.1,4.03,2025-11-29T05:00:00,2025-11-29T08:44:21.798939159
H558,Cover,Plastic,Assembly,M8,199,2.688,1.408,61.6,2.75,2025-08-22T03:00:00,2025-08-22T04:24:29.187786237
H559,Gear,Steel,Assembly,M8,289,3.768,3.467,51.1,2.61,2026-01-01T21:00:00,2026-01-02T00:28:02.045313507
H560,Shaft,Steel,Cutting,M1,593,6.23,5.281,54.1,4.08,2025-08-14T08:00:00,2025-08-14T13:16:51.738582997
H561,Bracket,Aluminium,Assembly,M8,317,4.104,2.937,59.9,2.95,2025-09-08T21:00:00,2025-09-08T23:56:14.830523712
H562,Bracket,Aluminium,Assembly,M7,414,5.268,4.643,55.3,2.84,2025-10-07T00:00:00,2025-10-07T04:38:33.740832478
H563,Housing,Aluminium,Cutting,M2,459,4.89,4.335,49.5,1.44,2025-11-14T21:00:00,2025-11-15T01:20:05.228621168
H564,Bracket,Aluminium,Cutting,M1,324,3.54,2.518,56.5,1.52,2025-07-23T04:00:00,2025-07-23T06:31:06.174591493
H565,Housing,Aluminium,Assembly,M7,148,2.076,1.462,69.2,2.31,2025-12-18T02:00:00,2025-12-18T03:27:42.566401088
H566,Gear,Steel,Drilling,M6,396,2.28,1.896,68.8,3.03,2025-12-12T08:00:00,2025-12-12T09:53:43.866949319
H567,Shaft,Steel,Cutting,M1,201,2.31,2.149,71.2,2.86,2025-10-15T01:00:00,2025-10-15T03:08:55.952931869
H568,Valve,Titanium,Drilling,M6,562,3.11,3.954,72.5,3.23,2025-07-31T02:00:00,2025-07-31T05:57:14.372654894
H569,Shaft,Steel,Cutting,M2,269,2.99,2.819,67.3,2.7,2025-12-09T00:00:00,2025-12-09T02:49:08.714768169
H570,Valve,Titanium,Assembly,M8,465,5.88,7.506,65.6,2.14,2025-09-28T00:00:00,2025-09-28T07:30:23.219843680
H571,Bracket,Aluminium,Drilling,M5,177,1.185,0.94,52.3,1.89,2025-09-17T03:00:00,2025-09-17T03:56:22.768472053
H572,Bracket,Aluminium,Drilling,M6,259,1.595,1.018,51.7,3.22,2025-08-30T00:00:00,2025-08-30T01:01:06.124222639
H573,Cover,Plastic,Cutting,M2,481,5.11,3.02,63.6,3.11,2025-10-04T01:00:00,2025-10-04T04:01:13.140252975
H574,Gear,Steel,Drilling,M5,576,3.18,3.73,63.4,1.48,2025-10-04T06:00:00,2025-10-04T09:43:48.924721917
H575,Gear,Steel,Turning,M4,265,2.42,2.209,67.4,2.97,2025-10-17T01:00:00,2025-10-17T03:12:31.177537100
H576,Shaft,Steel,Cutting,M1,486,5.16,4.504,72.4,3.1,2026-01-02T03:00:00,2026-01-02T07:30:15.967825808
H577,Valve,Titanium,Cutting,M2,412,4.42,6.258,73.7,1.75,2025-11-16T02:00:00,2025-11-16T08:15:29.136476221
H578,Gear,Steel,Turning,M3,379,3.332,2.686,68.0,1.02,2025-12-06T07:00:00,2025-12-06T09:41:10.926370187
H579,Valve,Titanium,Cutting,M2,599,6.29,10.88,62.4,2.53,2025-12-10T08:00:00,2025-12-10T18:52:47.925251830
H580,Valve,Titanium,Turning,M3,436,3.788,4.4,62.0,3.08,2025-11-14T21:00:00,2025-11-15T01:24:01.512587716
H581,Shaft,Steel,Cutting,M2,592,6.22,6.227,56.6,3.17,2025-10-05T07:00:00,2025-10-05T13:13:37.434555342
H582,Cover,Plastic,Drilling,M5,319,1.895,1.056,67.4,3.29,2025-08-25T05:00:00,2025-08-25T06:03:22.664487495
H583,Gear,Steel,Turning,M4,97,1.076,0.963,68.2,2.71,2025-08-22T00:00:00,2025-08-22T00:57:48.135681227
H584,Shaft,Steel,Turning,M3,237,2.196,1.9,61.6,1.91,2025-10-02T02:00:00,2025-10-02T03:53:59.980555605
H585,Valve,Titanium,Assembly,M7,316,4.092,5.59,72.7,3.49,2025-09-28T04:00:00,2025-09-28T09:35:24.532553784
H586,Shaft,Steel,Cutting,M1,320,3.5,3.208,71.8,2.68,2025-10-09T06:00:00,2025-10-09T09:12:27.860777193
H587,Cover,Plastic,Assembly,M7,220,2.94,1.766,63.6,1.88,2025-11-21T02:00:00,2025-11-21T03:45:57.765956779
H588,Valve,Titanium,Assembly,M7,100,1.5,1.799,62.5,2.36,2025-11-23T02:00:00,2025-11-23T03:47:54.790959047
H589,Valve,Titanium,Cutting,M2,308,3.38,5.032,65.7,0.63,2025-10-24T03:00:00,2025-10-24T08:01:55.280858864
H590,Valve,Titanium,Cutting,M1,62,0.92,1.106,69.7,1.91,2025-08-09T06:00:00,2025-08-09T07:06:20.406929888
H591,Shaft,Steel,Drilling,M5,141,1.005,1.105,55.8,2.51,2025-12-15T03:00:00,2025-12-15T04:06:19.280023857
H592,Bracket,Aluminium,Assembly,M8,567,7.104,4.491,55.5,3.81,2025-11-28T21:00:00,2025-11-29T01:29:29.101275930
H593,Gear,Steel,Assembly,M8,81,1.272,1.127,67.5,2.95,2025-12-12T00:00:00,2025-12-12T01:07:38.078678832
H594,Cover,Plastic,Cutting,M2,220,2.5,1.371,54.8,2.82,2025-12-23T07:00:00,2025-12-23T08:22:15.947818858
H595,Housing,Aluminium,Assembly,M8,104,1.548,1.146,61.1,3.63,2025-09-14T06:00:00,2025-09-14T07:08:44.805821563
H596,Cover,Plastic,Cutting,M2,100,1.3,0.764,57.2,2.17,2025-09-20T03:00:00,2025-09-20T03:45:49.733913704
H597,Gear,Steel,Drilling,M5,155,1.075,1.284,46.3,1.65,2025-12-11T03:00:00,2025-12-11T04:17:04.126046942
H598,Gear,Steel,Assembly,M7,597,7.464,7.016,59.9,2.76,2025-08-07T05:00:00,2025-08-07T12:00:56.460778820
H599,Gear,Steel,Cutting,M1,28,0.58,0.476,52.1,4.46,2025-12-12T06:00:00,2025-12-12T06:28:32.700213125
H600,Housing,Aluminium,Assembly,M7,227,3.024,2.217,75.8,4.44,2025-09-25T06:00:00,2025-09-25T08:13:02.814371789
H601,Gear,Steel,Turning,M4,108,1.164,1.087,62.5,1.98,2025-07-10T06:00:00,2025-07-10T07:05:13.094600344
H602,Shaft,Steel,Drilling,M6,44,0.52,0.438,56.2,3.03,2025-08-12T03:00:00,2025-08-12T03:26:16.228055371
H603,Cover,Plastic,Cutting,M1,438,4.68,2.304,53.5,1.9,2025-10-20T22:00:00,2025-10-21T00:18:14.365373935
H604,Valve,Titanium,Assembly,M7,569,7.128,10.508,68.2,2.67,2025-09-10T22:00:00,2025-09-11T08:30:29.126220859
H605,Bracket,Aluminium,Drilling,M5,225,1.425,1.211,65.9,2.26,2025-09-09T05:00:00,2025-09-09T06:12:41.297560376
H606,Valve,Titanium,Assembly,M8,239,3.168,4.278,75.5,0.92,2025-09-02T07:00:00,2025-09-02T11:16:41.477774198
H607,Valve,Titanium,Assembly,M8,298,3.876,5.156,64.5,2.17,2025-12-21T00:00:00,2025-12-21T05:09:20.988468652
H608,Bracket,Aluminium,Assembly,M7,408,5.196,4.121,60.0,1.84,2025-11-08T22:00:00,2025-11-09T02:07:16.832307264
H609,Shaft,Steel,Cutting,M1,572,6.02,4.964,63.1,1.86,2025-08-25T00:00:00,2025-08-25T04:57:49.771994231
H610,Valve,Titanium,Cutting,M1,359,3.89,5.309,52.5,2.68,2025-08-26T00:00:00,2025-08-26T05:18:30.674864613
H611,Valve,Titanium,Assembly,M8,124,1.788,2.519,67.5,2.3,2025-07-10T06:00:00,2025-07-10T08:31:08.670622004
H612,Gear,Steel,Cutting,M2,255,2.85,2.672,62.1,1.41,2025-07-22T03:00:00,2025-07-22T05:40:19.376189927
H613,Shaft,Steel,Turning,M3,179,1.732,1.569,74.6,1.77,2025-07-30T21:00:00,2025-07-30T22:34:07.713834317
H614,Shaft,Steel,Turning,M3,377,3.316,3.127,69.8,1.96,2025-08-23T23:00:00,2025-08-24T02:07:35.579637270
H615,Housing,Aluminium,Assembly,M7,128,1.836,1.349,67.0,3.22,2025-12-09T01:00:00,2025-12-09T02:20:56.805438071
H616,Bracket,Aluminium,Assembly,M8,545,6.84,4.528,62.5,2.88,2025-10-12T05:00:00,2025-10-12T09:31:42.506330894
H617,Shaft,Steel,Drilling,M6,75,0.675,0.591,70.5,3.88,2025-10-09T02:00:00,2025-10-09T02:35:28.784007477
H618,Shaft,Steel,Cutting,M2,500,5.3,5.383,62.4,2.5,2025-11-09T05:00:00,2025-11-09T10:23:00.572354747
H619,Cover,Plastic,Drilling,M5,521,2.905,1.881,57.9,1.73,2025-09-27T23:00:00,2025-09-28T00:52:52.491652322
H620,Housing,Aluminium,Assembly,M7,243,3.216,2.408,55.2,2.13,2025-08-13T03:00:00,2025-08-13T05:24:27.501512653
H621,Housing,Aluminium,Assembly,M8,546,6.852,4.82,82.6,2.49,2025-12-10T02:00:00,2025-12-10T06:49:13.500256210
H622,Gear,Steel,Drilling,M5,31,0.455,0.479,64.7,1.35,2025-12-04T23:00:00,2025-12-04T23:28:43.399715829
H623,Housing,Aluminium,Turning,M3,326,2.908,2.172,63.6,2.55,2025-10-20T05:00:00,2025-10-20T07:10:19.706234774
H624,Gear,Steel,Cutting,M1,420,4.5,4.306,69.6,2.8,2025-10-12T03:00:00,2025-10-12T07:18:21.672435758
H625,Valve,Titanium,Drilling,M5,23,0.415,0.678,67.0,3.35,2025-11-24T06:00:00,2025-11-24T06:40:42.589680698
H626,Housing,Aluminium,Turning,M4,182,1.756,1.279,58.4,2.44,2025-12-30T06:00:00,2025-12-30T07:16:44.947141691
H627,Valve,Titanium,Cutting,M2,254,2.84,3.939,63.7,3.63,2025-11-30T00:00:00,2025-11-30T03:56:18.733132097
H628,Shaft,Steel,Drilling,M5,191,1.255,1.558,61.8,2.09,2025-09-26T21:00:00,2025-09-26T22:33:29.810705972
H629,Cover,Plastic,Drilling,M6,541,3.005,1.437,73.2,2.48,2025-11-03T03:00:00,2025-11-03T04:26:14.419916287
H630,Bracket,Aluminium,Assembly,M8,487,6.144,4.308,83.2,2.55,2025-07-19T03:00:00,2025-07-19T07:18:27.445527964
H631,Shaft,Steel,Cutting,M1,439,4.69,4.356,69.4,3.15,2025-07-11T02:00:00,2025-07-11T06:21:22.642297731
H632,Cover,Plastic,Cutting,M1,533,5.63,3.019,58.8,3.98,2025-12-22T23:00:00,2025-12-23T02:01:07.105143003
H633,Cover,Plastic,Cutting,M1,376,4.06,2.336,76.8,2.52,2025-09-05T08:00:00,2025-09-05T10:20:09.033561589
H634,Housing,Aluminium,Turning,M4,137,1.396,1.121,58.5,2.01,2025-11-19T07:00:00,2025-11-19T08:07:16.504334602
H635,Housing,Aluminium,Turning,M3,127,1.316,0.847,59.8,3.09,2025-11-20T00:00:00,2025-11-20T00:50:50.197738138
H636,Bracket,Aluminium,Cutting,M1,28,0.58,0.412,73.1,2.26,2025-09-24T22:00:00,2025-09-24T22:24:44.195278282
H637,Valve,Titanium,Drilling,M6,122,0.91,1.054,67.8,2.44,2025-09-03T08:00:00,2025-09-03T09:03:15.865021115
H638,Bracket,Aluminium,Assembly,M7,468,5.916,4.177,56.9,2.74,2025-08-12T22:00:00,2025-08-13T02:10:35.785068831
H639,Bracket,Aluminium,Drilling,M6,400,2.3,1.36,62.0,3.64,2025-10-14T02:00:00,2025-10-14T03:21:35.733607801
H640,Housing,Aluminium,Assembly,M7,172,2.364,1.897,51.1,2.18,2025-09-18T23:00:00,2025-09-19T00:53:48.999328589
H641,Shaft,Steel,Turning,M3,106,1.148,1.111,60.5,2.79,2025-09-06T08:00:00,2025-09-06T09:06:39.818126132
H642,Cover,Plastic,Cutting,M2,289,3.19,1.719,54.4,2.93,2025-08-26T22:00:00,2025-08-26T23:43:07.254501968
H643,Bracket,Aluminium,Cutting,M2,493,5.23,4.356,56.8,2.42,2025-10-06T23:00:00,2025-10-07T03:21:21.686949911
H644,Housing,Aluminium,Assembly,M7,459,5.808,3.982,59.0,1.64,2025-08-01T08:00:00,2025-08-01T11:58:56.772201688
H645,Housing,Aluminium,Turning,M4,516,4.428,3.316,58.7,3.46,2025-07-14T04:00:00,2025-07-14T07:18:57.803942084
H646,Gear,Steel,Drilling,M6,95,0.775,0.632,68.1,2.82,2025-07-10T06:00:00,2025-07-10T06:37:56.594421216
H647,Housing,Aluminium,Assembly,M8,370,4.74,3.116,71.6,2.96,2025-08-21T01:00:00,2025-08-21T04:06:59.200286385
H648,Housing,Aluminium,Assembly,M7,253,3.336,2.444,51.9,0.87,2025-11-12T00:00:00,2025-11-12T02:26:39.521891964
H649,Valve,Titanium,Turning,M3,434,3.772,5.139,82.0,3.61,2025-11-29T07:00:00,2025-11-29T12:08:19.623790024
H650,Bracket,Aluminium,Drilling,M5,219,1.395,1.299,62.3,2.53,2025-07-30T23:00:00,2025-07-31T00:17:56.580897507
H651,Shaft,Steel,Cutting,M2,495,5.25,5.888,65.4,3.6,2025-08-11T23:00:00,2025-08-12T04:53:17.376312180
H652,Gear,Steel,Assembly,M8,250,3.3,3.915,78.0,2.93,2025-09-05T08:00:00,2025-09-05T11:54:54.104611205
H653,Valve,Titanium,Cutting,M2,339,3.69,5.414,68.2,4.06,2025-11-23T21:00:00,2025-11-24T02:24:49.259512547
H654,Cover,Plastic,Cutting,M2,565,5.95,4.013,57.3,3.63,2025-09-05T08:00:00,2025-09-05T12:00:46.575047930
H655,Shaft,Steel,Cutting,M2,34,0.64,0.642,64.4,3.01,2026-01-01T07:00:00,2026-01-01T07:38:30.620960660
H656,Valve,Titanium,Drilling,M5,155,1.075,1.865,56.6,1.9,2025-10-14T22:00:00,2025-10-14T23:51:54.863929212
H657,Valve,Titanium,Drilling,M5,502,2.81,4.783,60.0,3.67,2025-09-22T08:00:00,2025-09-22T12:46:58.337520561
H658,Bracket,Aluminium,Assembly,M7,421,5.352,3.355,58.7,3.28,2025-09-14T00:00:00,2025-09-14T03:21:18.748864462
H659,Valve,Titanium,Cutting,M2,334,3.64,5.322,67.3,3.4,2025-10-27T03:00:00,2025-10-27T08:19:20.058657059
H660,Valve,Titanium,Drilling,M5,105,0.825,1.543,58.6,2.77,2025-10-24T02:00:00,2025-10-24T03:32:33.886520461
H661,Gear,Steel,Cutting,M2,362,3.92,4.164,68.2,3.98,2025-08-27T22:00:00,2025-08-28T02:09:49.686903177
H662,Shaft,Steel,Cutting,M2,322,3.52,3.94,62.0,1.73,2025-12-16T22:00:00,2025-12-17T01:56:23.378383366
H663,Housing,Aluminium,Assembly,M8,195,2.64,1.81,61.7,3.85,2025-09-30T06:00:00,2025-09-30T07:48:37.651251484
H664,Gear,Steel,Assembly,M7,320,4.14,3.449,61.5,1.24,2025-09-17T06:00:00,2025-09-17T09:26:56.734180790
H665,Bracket,Aluminium,Assembly,M7,111,1.632,1.333,62.9,1.97,2025-10-05T08:00:00,2025-10-05T09:19:59.316065333
H666,Housing,Aluminium,Cutting,M2,291,3.21,2.57,59.2,2.02,2025-10-29T22:00:00,2025-10-30T00:34:12.381390491
H667,Valve,Titanium,Cutting,M1,235,2.65,3.643,67.7,0.6,2025-09-14T05:00:00,2025-09-14T08:38:34.701118025
H668,Cover,Plastic,Assembly,M8,330,4.26,2.252,67.0,2.48,2025-11-14T05:00:00,2025-11-14T07:15:08.807217678
H669,Housing,Aluminium,Cutting,M2,375,4.05,3.517,89.2,1.93,2025-09-29T06:00:00,2025-09-29T09:31:00.362820495
H670,Housing,Aluminium,Cutting,M1,157,1.87,1.401,61.5,3.34,2025-08-13T23:00:00,2025-08-14T00:24:03.961964356
H671,Gear,Steel,Turning,M4,353,3.124,3.178,55.5,3.72,2025-11-10T05:00:00,2025-11-10T08:10:39.217295212
H672,Bracket,Aluminium,Cutting,M1,43,0.73,0.511,61.2,2.52,2025-09-26T07:00:00,2025-09-26T07:30:39.991741460
H673,Cover,Plastic,Drilling,M6,241,1.505,0.781,61.1,2.05,2025-12-11T22:00:00,2025-12-11T22:46:51.236940625
H674,Housing,Aluminium,Assembly,M8,398,5.076,3.278,69.2,2.34,2025-09-05T07:00:00,2025-09-05T10:16:41.940667076
H675,Valve,Titanium,Drilling,M5,46,0.53,0.882,59.0,3.18,2025-11-01T05:00:00,2025-11-01T05:52:55.883805028
H676,Shaft,Steel,Drilling,M6,121,0.905,0.725,67.7,2.2,2025-07-09T21:00:00,2025-07-09T21:43:30.261661206
H677,Cover,Plastic,Cutting,M1,545,5.75,3.267,63.6,2.39,2025-07-21T03:00:00,2025-07-21T06:16:01.963962950
H678,Gear,Steel,Drilling,M5,331,1.955,1.942,79.2,3.2,2025-10-16T03:00:00,2025-10-16T04:56:31.949156802
H679,Cover,Plastic,Drilling,M6,478,2.69,1.435,54.4,4.06,2025-11-06T23:00:00,2025-11-07T00:26:04.882286353
H680,Shaft,Steel,Cutting,M2,187,2.17,2.279,62.0,2.27,2025-11-27T21:00:00,2025-11-27T23:16:43.338206652
H681,Valve,Titanium,Cutting,M1,177,2.07,2.629,75.2,1.64,2025-11-25T22:00:00,2025-11-26T00:37:44.411636403
H682,Gear,Steel,Assembly,M7,30,0.66,0.533,61.3,1.69,2026-01-03T07:00:00,2026-01-03T07:31:57.001055407
H683,Bracket,Aluminium,Drilling,M6,258,1.59,1.218,77.4,2.43,2025-08-23T01:00:00,2025-08-23T02:13:05.283834858
H684,Valve,Titanium,Drilling,M6,528,2.94,3.737,51.4,3.64,2025-09-11T03:00:00,2025-09-11T06:44:12.158171436
H685,Cover,Plastic,Cutting,M2,462,4.92,3.071,58.1,3.49,2025-07-16T23:00:00,2025-07-17T02:04:15.046132683
H686,Cover,Plastic,Assembly,M7,445,5.64,2.871,71.1,1.36,2025-08-07T06:00:00,2025-08-07T08:52:14.524457132
H687,Cover,Plastic,Drilling,M6,466,2.63,1.177,53.9,2.35,2025-10-07T02:00:00,2025-10-07T03:10:35.959106555
H688,Gear,Steel,Cutting,M1,406,4.36,4.294,68.0,4.03,2025-12-02T08:00:00,2025-12-02T12:17:39.648707748
H689,Bracket,Aluminium,Assembly,M8,306,3.972,2.366,57.3,2.77,2025-11-29T05:00:00,2025-11-29T07:21:58.007351766
H690,Gear,Steel,Drilling,M5,184,1.22,1.389,56.4,2.84,2025-10-12T00:00:00,2025-10-12T01:23:18.631973065
H691,Bracket,Aluminium,Cutting,M1,452,4.82,3.557,63.0,1.42,2025-10-31T00:00:00,2025-10-31T03:33:23.601739978
H692,Housing,Aluminium,Assembly,M8,160,2.22,1.599,62.9,2.04,2025-09-26T01:00:00,2025-09-26T02:35:54.884390257
H693,Cover,Plastic,Assembly,M7,41,0.792,0.447,60.1,3.29,2025-12-19T22:00:00,2025-12-19T22:26:48.490725443
H694,Valve,Titanium,Cutting,M2,231,2.61,3.687,58.5,2.74,2025-07-24T08:00:00,2025-07-24T11:41:12.996716809
H695,Cover,Plastic,Drilling,M6,63,0.615,0.298,69.1,2.71,2025-08-23T21:00:00,2025-08-23T21:17:51.106174535
H696,Valve,Titanium,Drilling,M6,466,2.63,3.377,64.7,2.84,2025-12-02T22:00:00,2025-12-03T01:22:35.484967284
H697,Cover,Plastic,Cutting,M2,308,3.38,1.977,56.6,2.84,2025-12-11T21:00:00,2025-12-11T22:58:36.134507926
H698,Cover,Plastic,Drilling,M5,125,0.925,0.565,57.2,2.76,2025-11-04T21:00:00,2025-11-04T21:33:54.267898175
H699,Housing,Aluminium,Assembly,M7,397,5.064,3.945,61.0,1.31,2025-07-28T06:00:00,2025-07-28T09:56:43.196514375
H700,Valve,Titanium,Cutting,M1,584,6.14,7.846,77.8,3.1,2025-08-28T03:00:00,2025-08-28T10:50:45.031101265
H701,Valve,Titanium,Turning,M4,186,1.788,2.354,63.6,3.52,2025-09-11T02:00:00,2025-09-11T04:21:12.606067933
H702,Shaft,Steel,Cutting,M2,564,5.94,5.169,63.7,2.27,2025-09-13T01:00:00,2025-09-13T06:10:06.997912842
H703,Shaft,Steel,Drilling,M6,211,1.355,1.146,67.5,2.39,2025-12-08T03:00:00,2025-12-08T04:08:43.804497344
H704,Housing,Aluminium,Cutting,M2,177,2.07,1.857,66.5,1.94,2025-12-24T00:00:00,2025-12-24T01:51:24.938899281
H705,Shaft,Steel,Cutting,M2,148,1.78,1.833,53.0,2.49,2025-10-19T08:00:00,2025-10-19T09:49:58.577973655
H706,Bracket,Aluminium,Cutting,M2,596,6.26,5.182,70.5,3.35,2025-08-06T03:00:00,2025-08-06T08:10:55.960900134
H707,Shaft,Steel,Drilling,M6,485,2.725,2.529,65.2,0.34,2025-10-23T22:00:00,2025-10-24T00:31:45.470594832
H708,Gear,Steel,Cutting,M2,353,3.83,3.941,59.6,1.95,2025-10-24T03:00:00,2025-10-24T06:56:28.997789503
H709,Gear,Steel,Cutting,M1,355,3.85,3.121,68.7,3.13,2025-10-25T22:00:00,2025-10-26T01:07:15.828279873
H710,Valve,Titanium,Turning,M4,111,1.188,1.605,59.1,2.75,2025-12-29T01:00:00,2025-12-29T02:36:19.372241570
H711,Valve,Titanium,Cutting,M1,84,1.14,1.583,66.4,3.01,2025-11-03T23:00:00,2025-11-04T00:34:58.394022362
H712,Bracket,Aluminium,Assembly,M8,598,7.476,5.481,54.2,2.75,2025-10-20T22:00:00,2025-10-21T03:28:52.843199147
H713,Valve,Titanium,Drilling,M5,293,1.765,3.197,45.5,2.12,2025-10-20T04:00:00,2025-10-20T07:11:50.488434935
H714,Bracket,Aluminium,Assembly,M7,252,3.324,2.517,75.3,2.26,2025-10-10T21:00:00,2025-10-10T23:31:01.510394644
H715,Cover,Plastic,Drilling,M6,218,1.39,0.797,61.3,3.18,2025-10-07T03:00:00,2025-10-07T03:47:50.483348077
H716,Bracket,Aluminium,Cutting,M1,220,2.5,1.92,67.9,3.11,2025-10-18T22:00:00,2025-10-18T23:55:13.073845781
H717,Bracket,Aluminium,Drilling,M5,132,0.96,0.914,80.1,3.09,2025-11-04T07:00:00,2025-11-04T07:54:49.508106509
H718,Bracket,Aluminium,Drilling,M5,334,1.97,1.987,66.5,1.65,2025-08-20T04:00:00,2025-08-20T05:59:12.212748385
H719,Valve,Titanium,Assembly,M7,170,2.34,3.101,80.9,2.16,2025-10-23T22:00:00,2025-10-24T01:06:04.321571554
H720,Gear,Steel,Turning,M4,157,1.556,1.572,57.0,4.69,2025-12-02T08:00:00,2025-12-02T09:34:20.203591096
H721,Bracket,Aluminium,Cutting,M1,390,4.2,3.207,71.8,3.97,2025-10-31T05:00:00,2025-10-31T08:12:24.552253053
H722,Housing,Aluminium,Cutting,M1,41,0.71,0.447,56.7,1.09,2025-07-24T07:00:00,2025-07-24T07:26:50.848450916
H723,Cover,Plastic,Cutting,M1,327,3.57,1.759,55.4,0.2,2025-11-28T02:00:00,2025-11-28T03:45:33.368164958
H724,Bracket,Aluminium,Drilling,M6,593,3.265,2.205,60.1,3.2,2025-08-03T02:00:00,2025-08-03T04:12:18.318830905
H725,Bracket,Aluminium,Assembly,M8,314,4.068,2.826,58.9,2.64,2025-12-20T02:00:00,2025-12-20T04:49:33.885264373
H726,Valve,Titanium,Cutting,M2,431,4.61,6.869,61.4,2.62,2026-01-01T03:00:00,2026-01-01T09:52:07.624236879
H727,Cover,Plastic,Cutting,M2,63,0.93,0.542,57.4,1.2,2025-08-19T01:00:00,2025-08-19T01:32:31.989171480
H728,Housing,Aluminium,Cutting,M2,598,6.28,5.486,72.1,3.54,2025-07-17T22:00:00,2025-07-18T03:29:09.472261385
H729,Gear,Steel,Turning,M4,454,3.932,3.772,64.2,2.14,2025-08-12T08:00:00,2025-08-12T11:46:19.507264331
H730,Valve,Titanium,Turning,M4,574,4.892,6.271,68.1,3.14,2025-10-17T03:00:00,2025-10-17T09:16:14.539026921
H731,Valve,Titanium,Assembly,M8,459,5.808,7.32,60.0,2.0,2025-11-09T03:00:00,2025-11-09T10:19:10.513135674
H732,Bracket,Aluminium,Assembly,M8,443,5.616,4.344,63.4,2.03,2025-10-24T02:00:00,2025-10-24T06:20:38.957407687
H733,Shaft,Steel,Turning,M3,414,3.612,3.326,64.0,2.79,2025-12-30T08:00:00,2025-12-30T11:19:33.899003513
H734,Shaft,Steel,Cutting,M2,310,3.4,2.957,71.3,2.11,2025-10-16T05:00:00,2025-10-16T07:57:24.666223265
H735,Bracket,Aluminium,Drilling,M5,428,2.44,2.08,68.4,2.22,2025-07-14T04:00:00,2025-07-14T06:04:46.354810110
H736,Cover,Plastic,Assembly,M8,547,6.864,3.532,73.9,1.79,2025-09-18T00:00:00,2025-09-18T03:31:56.263095127
H737,Shaft,Steel,Cutting,M2,499,5.29,4.247,67.3,2.62,2025-08-10T07:00:00,2025-08-10T11:14:48.531652442
H738,Gear,Steel,Assembly,M7,266,3.492,3.075,67.0,3.4,2026-01-03T05:00:00,2026-01-03T08:04:31.694434869
H739,Housing,Aluminium,Cutting,M1,400,4.3,3.675,63.8,2.27,2025-10-30T00:00:00,2025-10-30T03:40:29.162268716
H740,Gear,Steel,Assembly,M7,92,1.404,1.347,58.8,3.22,2025-09-03T01:00:00,2025-09-03T02:20:47.995123007
H741,Housing,Aluminium,Cutting,M2,181,2.11,1.663,64.2,2.44,2025-07-20T23:00:00,2025-07-21T00:39:46.089216511
H742,Cover,Plastic,Drilling,M6,86,0.73,0.394,56.6,1.1,2025-07-24T01:00:00,2025-07-24T01:23:40.140714982
H743,Bracket,Aluminium,Drilling,M6,161,1.105,0.781,79.3,2.01,2025-11-13T02:00:00,2025-11-13T02:46:51.125190551
H744,Valve,Titanium,Cutting,M2,414,4.44,7.188,66.4,4.79,2025-07-23T01:00:00,2025-07-23T08:11:16.535293667
H745,Valve,Titanium,Drilling,M5,217,1.385,2.116,57.1,3.35,2025-12-16T00:00:00,2025-12-16T02:06:57.617560277
H746,Cover,Plastic,Drilling,M6,599,3.295,1.819,79.7,2.23,2025-10-03T05:00:00,2025-10-03T06:49:06.806642130
H747,Valve,Titanium,Drilling,M5,298,1.79,3.059,54.6,2.44,2025-08-29T23:00:00,2025-08-30T02:03:31.863573569
H748,Valve,Titanium,Turning,M4,187,1.796,2.182,67.5,2.55,2025-07-11T02:00:00,2025-07-11T04:10:55.751597098
H749,Bracket,Aluminium,Assembly,M8,90,1.38,0.762,69.6,1.12,2025-11-26T03:00:00,2025-11-26T03:45:42.355205899
H750,Gear,Steel,Turning,M4,565,4.82,4.732,58.0,2.78,2025-09-21T21:00:00,2025-09-22T01:43:54.214759329
H751,Gear,Steel,Turning,M4,246,2.268,2.078,68.3,2.93,2025-09-08T03:00:00,2025-09-08T05:04:42.057452999
H752,Shaft,Steel,Turning,M4,145,1.46,1.335,80.8,2.02,2025-10-01T23:00:00,2025-10-02T00:20:06.988144993
H753,Cover,Plastic,Drilling,M6,476,2.68,1.37,64.9,2.47,2025-08-18T04:00:00,2025-08-18T05:22:13.048999759
H754,Cover,Plastic,Assembly,M8,386,4.932,2.522,69.6,1.4,2025-11-22T01:00:00,2025-11-22T03:31:18.919188038
H755,Housing,Aluminium,Assembly,M8,328,4.236,2.905,71.1,1.98,2025-08-14T01:00:00,2025-08-14T03:54:16.586757488
H756,Housing,Aluminium,Assembly,M8,152,2.124,1.378,54.5,0.94,2025-09-14T06:00:00,2025-09-14T07:22:42.321101174
H757,Cover,Plastic,Cutting,M1,518,5.48,3.232,48.9,1.69,2025-11-26T07:00:00,2025-11-26T10:13:53.842056180
H758,Valve,Titanium,Cutting,M1,302,3.32,4.431,52.7,1.59,2026-01-02T04:00:00,2026-01-02T08:25:51.905114922
H759,Gear,Steel,Turning,M4,38,0.604,0.54,59.1,2.52,2025-12-05T05:00:00,2025-12-05T05:32:24.233215707
H760,Valve,Titanium,Assembly,M8,357,4.584,5.488,63.1,3.47,2025-08-19T23:00:00,2025-08-20T04:29:16.167568410
H761,Shaft,Steel,Drilling,M5,548,3.04,3.644,52.2,2.98,2025-11-22T05:00:00,2025-11-22T08:38:37.244190419
H762,Shaft,Steel,Cutting,M2,387,4.17,4.954,57.8,2.23,2025-10-15T08:00:00,2025-10-15T12:57:14.366808736
H763,Bracket,Aluminium,Assembly,M7,428,5.436,3.573,54.2,1.54,2025-07-24T06:00:00,2025-07-24T09:34:21.202922071
H764,Cover,Plastic,Drilling,M6,224,1.42,0.686,69.2,1.62,2025-11-18T23:00:00,2025-11-18T23:41:08.243188235
H765,Housing,Aluminium,Cutting,M2,45,0.75,0.611,68.5,2.22,2025-08-07T00:00:00,2025-08-07T00:36:39.418459486
H766,Valve,Titanium,Turning,M3,156,1.548,1.849,69.5,1.33,2025-08-22T06:00:00,2025-08-22T07:50:55.408444354
H767,Gear,Steel,Turning,M4,313,2.804,2.677,69.9,3.5,2025-09-19T21:00:00,2025-09-19T23:40:35.630160160
H768,Bracket,Aluminium,Assembly,M8,529,6.648,5.57,65.2,2.65,2025-08-16T03:00:00,2025-08-16T08:34:13.183973044
H769,Bracket,Aluminium,Cutting,M2,363,3.93,2.955,60.9,2.42,2025-12-23T08:00:00,2025-12-23T10:57:17.623993642
H770,Valve,Titanium,Drilling,M5,376,2.18,3.295,74.6,2.58,2025-09-25T22:00:00,2025-09-26T01:17:42.287480616
H771,Cover,Plastic,Assembly,M7,159,2.208,1.207,62.3,3.16,2025-10-21T06:00:00,2025-10-21T07:12:23.570560053
H772,Gear,Steel,Assembly,M8,153,2.136,2.169,74.6,2.76,2025-08-13T06:00:00,2025-08-13T08:10:10.072504320
H773,Cover,Plastic,Drilling,M5,343,2.015,1.379,78.9,2.93,2025-12-25T02:00:00,2025-12-25T03:22:45.366128010
H774,Valve,Titanium,Drilling,M6,369,2.145,2.792,70.6,1.74,2025-07-26T05:00:00,2025-07-26T07:47:30.481481070
H775,Bracket,Aluminium,Cutting,M1,554,5.84,4.802,63.7,4.01,2025-10-27T05:00:00,2025-10-27T09:48:05.897218090
H776,Shaft,Steel,Turning,M3,190,1.82,1.598,74.0,1.84,2025-09-19T21:00:00,2025-09-19T22:35:53.700307179
H777,Housing,Aluminium,Cutting,M1,303,3.33,2.497,65.6,0.8,2025-08-07T06:00:00,2025-08-07T08:29:50.290432717
H778,Bracket,Aluminium,Drilling,M5,261,1.605,1.385,67.0,2.11,2025-10-03T23:00:00,2025-10-04T00:23:06.722955247
H779,Cover,Plastic,Drilling,M6,563,3.115,1.548,62.3,2.77,2025-08-08T04:00:00,2025-08-08T05:32:54.127425363
H780,Bracket,Aluminium,Drilling,M5,596,3.28,3.017,61.4,2.0,2025-09-17T23:00:00,2025-09-18T02:01:02.553309935
H781,Cover,Plastic,Assembly,M7,346,4.452,2.08,69.7,2.66,2025-08-23T23:00:00,2025-08-24T01:04:47.311739258
H782,Shaft,Steel,Turning,M4,115,1.22,1.076,68.1,2.72,2025-11-03T06:00:00,2025-11-03T07:04:33.044372675
H783,Bracket,Aluminium,Drilling,M6,456,2.58,1.795,60.5,1.96,2025-12-03T01:00:00,2025-12-03T02:47:41.918201626
H784,Valve,Titanium,Assembly,M8,51,0.912,1.186,65.4,1.79,2025-12-16T03:00:00,2025-12-16T04:11:09.214551256
H785,Shaft,Steel,Turning,M4,340,3.02,2.428,66.9,1.23,2025-08-17T21:00:00,2025-08-17T23:25:39.831418573
H786,Housing,Aluminium,Assembly,M7,193,2.616,1.677,71.2,1.48,2025-10-31T22:00:00,2025-10-31T23:40:38.541230955
H787,Cover,Plastic,Drilling,M6,52,0.56,0.271,61.6,1.75,2025-08-30T01:00:00,2025-08-30T01:16:15.798812459
H788,Gear,Steel,Drilling,M6,205,1.325,1.04,73.7,2.18,2025-12-21T22:00:00,2025-12-21T23:02:22.698234019
H789,Valve,Titanium,Turning,M4,538,4.604,5.474,63.6,3.16,2025-07-13T03:00:00,2025-07-13T08:28:28.001604083
H790,Housing,Aluminium,Cutting,M1,56,0.86,0.551,64.6,3.31,2025-11-10T03:00:00,2025-11-10T03:33:04.227028775
H791,Gear,Steel,Turning,M4,594,5.052,4.339,56.0,2.5,2025-09-17T01:00:00,2025-09-17T05:20:20.691553949
H792,Shaft,Steel,Drilling,M6,232,1.46,1.163,76.0,3.22,2025-08-07T01:00:00,2025-08-07T02:09:45.481534728
H793,Valve,Titanium,Assembly,M8,47,0.864,1.094,66.2,3.38,2025-09-18T08:00:00,2025-09-18T09:05:38.351853717
H794,Gear,Steel,Drilling,M6,326,1.93,1.626,61.9,2.56,2025-11-22T00:00:00,2025-11-22T01:37:34.749082820
H795,Bracket,Aluminium,Cutting,M1,522,5.52,4.057,63.3,2.26,2025-11-09T02:00:00,2025-11-09T06:03:26.808536699
H796,Valve,Titanium,Drilling,M5,415,2.375,4.109,74.8,2.12,2025-12-15T21:00:00,2025-12-16T01:06:33.414724860
H797,Valve,Titanium,Turning,M3,219,2.052,2.692,65.3,2.83,2025-09-02T06:00:00,2025-09-02T08:41:29.556205777
H798,Cover,Plastic,Cutting,M1,286,3.16,1.663,59.9,2.58,2025-11-05T21:00:00,2025-11-05T22:39:47.572439649
H799,Gear,Steel,Cutting,M2,62,0.92,1.082,59.1,1.35,2025-08-20T22:00:00,2025-08-20T23:04:56.123466209
H800,Shaft,Steel,Turning,M4,280,2.54,2.284,65.0,2.91,2025-12-23T07:00:00,2025-12-23T09:17:01.063785660
H801,Bracket,Aluminium,Cutting,M1,345,3.75,3.046,56.8,1.8,2025-08-14T03:00:00,2025-08-14T06:02:45.054822446
H802,Cover,Plastic,Cutting,M1,22,0.52,0.272,58.5,3.21,2025-12-31T22:00:00,2025-12-31T22:16:19.024541603
H803,Shaft,Steel,Turning,M3,254,2.332,2.161,63.1,2.51,2025-10-26T07:00:00,2025-10-26T09:09:39.768676717
H804,Valve,Titanium,Turning,M4,347,3.076,4.46,63.4,1.93,2025-07-27T05:00:00,2025-07-27T09:27:37.406503897
H805,Cover,Plastic,Drilling,M6,398,2.29,1.3,64.3,2.09,2025-09-01T23:00:00,2025-09-02T00:17:59.754164992
H806,Gear,Steel,Turning,M4,56,0.748,0.687,65.7,1.75,2025-09-20T22:00:00,2025-09-20T22:41:12.817554551
H807,Cover,Plastic,Drilling,M5,265,1.625,1.15,62.4,2.83,2025-11-06T01:00:00,2025-11-06T02:08:58.599385628
H808,Bracket,Aluminium,Cutting,M2,533,5.63,4.91,42.0,2.11,2025-07-28T22:00:00,2025-07-29T02:54:36.195148401
H809,Gear,Steel,Assembly,M7,304,3.948,3.176,58.9,2.5,2025-08-04T22:00:00,2025-08-05T01:10:32.875044718
H810,Bracket,Aluminium,Drilling,M6,458,2.59,1.663,75.8,3.03,2025-09-25T00:00:00,2025-09-25T01:39:45.675337708
H811,Valve,Titanium,Assembly,M7,195,2.64,3.141,48.1,2.46,2025-08-17T07:00:00,2025-08-17T10:08:27.114988007
H812,Shaft,Steel,Drilling,M6,341,2.005,1.543,59.4,0.99,2025-09-13T03:00:00,2025-09-13T04:32:34.829047856
H813,Housing,Aluminium,Assembly,M7,407,5.184,3.43,64.3,2.15,2025-09-11T06:00:00,2025-09-11T09:25:48.306186839
H814,Shaft,Steel,Cutting,M2,73,1.03,1.001,76.1,1.11,2025-10-02T04:00:00,2025-10-02T05:00:02.080336948
H815,Gear,Steel,Cutting,M1,386,4.16,4.07,89.0,1.64,2025-10-29T03:00:00,2025-10-29T07:04:11.994012972
H816,Cover,Plastic,Cutting,M2,221,2.51,1.519,65.9,1.66,2025-09-30T08:00:00,2025-09-30T09:31:07.983331080
H817,Gear,Steel,Assembly,M7,255,3.36,3.116,76.3,3.25,2025-08-04T22:00:00,2025-08-05T01:06:56.853014479
H818,Bracket,Aluminium,Cutting,M1,104,1.34,0.888,67.0,2.12,2025-08-20T03:00:00,2025-08-20T03:53:17.190856338
H819,Gear,Steel,Turning,M4,464,4.012,3.567,53.2,1.7,2025-10-24T04:00:00,2025-10-24T07:33:59.596460951
H820,Shaft,Steel,Drilling,M5,423,2.415,2.865,60.6,2.15,2025-08-01T04:00:00,2025-08-01T06:51:53.573938067
H821,Valve,Titanium,Cutting,M2,523,5.53,9.007,72.1,2.98,2025-09-01T00:00:00,2025-09-01T09:00:23.975709743
H822,Valve,Titanium,Drilling,M5,406,2.33,4.036,73.1,2.81,2025-10-02T01:00:00,2025-10-02T05:02:10.995733544
H823,Housing,Aluminium,Turning,M4,544,4.652,3.295,71.9,1.23,2025-09-10T04:00:00,2025-09-10T07:17:41.830833924
H824,Shaft,Steel,Drilling,M5,393,2.265,2.427,57.9,2.77,2025-10-09T22:00:00,2025-10-10T00:25:35.898363285
H825,Bracket,Aluminium,Assembly,M7,268,3.516,2.76,71.3,3.16,2025-09-20T07:00:00,2025-09-20T09:45:35.376507411
H826,Bracket,Aluminium,Assembly,M8,37,0.744,0.498,73.4,2.76,2025-11-12T05:00:00,2025-11-12T05:29:52.185698589
H827,Valve,Titanium,Drilling,M5,145,1.025,1.629,76.8,3.13,2025-07-26T23:00:00,2025-07-27T00:37:45.853039872
H828,Cover,Plastic,Cutting,M1,158,1.88,1.083,66.9,2.92,2025-10-24T03:00:00,2025-10-24T04:04:57.446055697
H829,Shaft,Steel,Drilling,M5,345,2.025,1.96,64.2,1.29,2025-12-14T03:00:00,2025-12-14T04:57:37.334193275
H830,Housing,Aluminium,Turning,M3,201,1.908,1.413,73.9,2.0,2025-10-04T00:00:00,2025-10-04T01:24:46.843690856
H831,Shaft,Steel,Cutting,M2,242,2.72,3.186,61.2,2.15,2025-10-06T04:00:00,2025-10-06T07:11:08.374174564
H832,Gear,Steel,Cutting,M2,151,1.81,1.883,72.3,2.74,2025-09-03T05:00:00,2025-09-03T06:52:57.659046735
H833,Housing,Aluminium,Cutting,M2,441,4.71,3.636,79.2,2.88,2025-10-15T07:00:00,2025-10-15T10:38:07.975170929
H834,Gear,Steel,Turning,M4,243,2.244,2.107,76.7,1.91,2025-07-22T21:00:00,2025-07-22T23:06:24.266321592
H835,Gear,Steel,Drilling,M6,571,3.155,2.942,58.5,3.29,2025-12-31T04:00:00,2025-12-31T06:56:30.677526863
H836,Gear,Steel,Turning,M4,401,3.508,3.467,62.5,3.58,2025-10-05T23:00:00,2025-10-06T02:27:59.926770857
H837,Bracket,Aluminium,Cutting,M1,567,5.97,4.646,63.6,2.48,2025-12-06T23:00:00,2025-12-07T03:38:46.782970126
H838,Gear,Steel,Drilling,M5,577,3.185,3.209,67.0,3.06,2025-08-26T02:00:00,2025-08-26T05:12:30.904722898
H839,Housing,Aluminium,Turning,M3,23,0.484,0.336,78.0,4.12,2025-07-16T21:00:00,2025-07-16T21:20:10.198514412
H840,Housing,Aluminium,Turning,M3,123,1.284,1.022,68.2,2.74,2025-09-12T00:00:00,2025-09-12T01:01:20.373224373
H841,Housing,Aluminium,Cutting,M1,81,1.11,0.875,72.1,2.75,2025-12-09T23:00:00,2025-12-09T23:52:31.426246757
H842,Bracket,Aluminium,Cutting,M2,320,3.5,2.654,48.9,2.44,2025-09-17T21:00:00,2025-09-17T23:39:15.273649512
H843,Valve,Titanium,Cutting,M2,416,4.46,6.85,64.8,2.05,2025-10-02T02:00:00,2025-10-02T08:51:01.449770385
H844,Housing,Aluminium,Assembly,M8,35,0.72,0.439,65.0,3.19,2025-12-29T22:00:00,2025-12-29T22:26:20.917145652
H845,Shaft,Steel,Drilling,M6,530,2.95,2.891,61.0,2.61,2025-10-07T05:00:00,2025-10-07T07:53:29.052771586
H846,Cover,Plastic,Drilling,M6,157,1.085,0.563,60.6,3.95,2025-07-24T21:00:00,2025-07-24T21:33:46.505604290
H847,Shaft,Steel,Cutting,M1,33,0.63,0.566,64.5,2.0,2025-09-17T07:00:00,2025-09-17T07:33:57.315529887
H848,Bracket,Aluminium,Drilling,M5,527,2.935,2.679,76.1,2.25,2025-07-31T23:00:00,2025-08-01T01:40:44.577518934
H849,Gear,Steel,Drilling,M5,78,0.69,0.886,59.7,2.8,2025-11-02T07:00:00,2025-11-02T07:53:09.633757873
H850,Shaft,Steel,Drilling,M6,122,0.91,0.869,57.6,2.29,2025-09-13T03:00:00,2025-09-13T03:52:09.967617181
H851,Shaft,Steel,Cutting,M1,269,2.99,2.806,58.4,2.73,2025-07-22T05:00:00,2025-07-22T07:48:20.035444615
H852,Gear,Steel,Cutting,M1,573,6.03,6.025,74.4,1.09,2025-08-12T02:00:00,2025-08-12T08:01:30.785974300
H853,Cover,Plastic,Drilling,M5,506,2.83,2.116,65.0,2.69,2025-10-11T04:00:00,2025-10-11T06:06:59.253414974
H854,Valve,Titanium,Cutting,M1,577,6.07,9.044,69.0,3.12,2025-12-28T02:00:00,2025-12-28T11:02:38.843872213
H855,Housing,Aluminium,Cutting,M1,583,6.13,4.728,51.9,2.99,2025-07-29T05:00:00,2025-07-29T09:43:39.117296693
H856,Cover,Plastic,Cutting,M1,223,2.53,1.351,55.4,2.36,2025-08-02T05:00:00,2025-08-02T06:21:03.648685191
H857,Housing,Aluminium,Cutting,M1,408,4.38,3.791,65.8,3.31,2025-09-14T07:00:00,2025-09-14T10:47:28.342238594
H858,Shaft,Steel,Cutting,M2,560,5.9,5.66,73.2,1.75,2025-08-26T06:00:00,2025-08-26T11:39:37.626419979
H859,Housing,Aluminium,Assembly,M7,105,1.56,1.002,68.9,2.5,2025-08-06T05:00:00,2025-08-06T06:00:06.566271292
H860,Gear,Steel,Cutting,M1,589,6.19,5.512,59.3,1.22,2025-10-13T00:00:00,2025-10-13T05:30:42.342543522
H861,Housing,Aluminium,Turning,M4,208,1.964,1.364,58.0,3.91,2025-11-28T02:00:00,2025-11-28T03:21:48.905524701
H862,Gear,Steel,Turning,M4,303,2.724,2.741,75.2,3.0,2025-11-16T01:00:00,2025-11-16T03:44:28.716702411
H863,Housing,Aluminium,Cutting,M2,350,3.8,3.161,63.9,1.72,2025-12-03T02:00:00,2025-12-03T05:09:38.024114079
H864,Housing,Aluminium,Turning,M4,328,2.924,2.085,72.4,2.26,2025-10-01T02:00:00,2025-10-01T04:05:07.058581089
H865,Bracket,Aluminium,Drilling,M5,53,0.565,0.54,56.5,1.79,2025-09-18T08:00:00,2025-09-18T08:32:25.515269240
H866,Bracket,Aluminium,Assembly,M8,186,2.532,2.008,60.7,2.51,2025-12-09T03:00:00,2025-12-09T05:00:27.821804810
H867,Gear,Steel,Assembly,M8,371,4.752,3.969,59.4,1.71,2025-09-29T01:00:00,2025-09-29T04:58:09.314399939
H868,Gear,Steel,Drilling,M6,26,0.43,0.373,60.6,3.13,2025-12-21T08:00:00,2025-12-21T08:22:23.135777024
H869,Housing,Aluminium,Cutting,M1,264,2.94,1.758,58.9,2.11,2025-08-04T07:00:00,2025-08-04T08:45:27.100885191
H870,Bracket,Aluminium,Assembly,M8,172,2.364,1.517,57.4,2.09,2025-12-05T04:00:00,2025-12-05T05:31:02.471300204
H871,Gear,Steel,Assembly,M8,474,5.988,5.043,65.1,1.27,2025-07-11T03:00:00,2025-07-11T08:02:33.754270559
H872,Shaft,Steel,Cutting,M2,532,5.62,5.349,76.4,3.15,2025-10-31T05:00:00,2025-10-31T10:20:58.015849757
H873,Cover,Plastic,Cutting,M2,548,5.78,3.12,71.8,2.37,2025-08-25T03:00:00,2025-08-25T06:07:12.976664214
H874,Housing,Aluminium,Cutting,M1,326,3.56,2.67,64.7,1.92,2025-07-19T05:00:00,2025-07-19T07:40:12.194896179
H875,Housing,Aluminium,Assembly,M7,401,5.112,3.06,55.8,1.78,2025-09-04T04:00:00,2025-09-04T07:03:34.986659658
H876,Housing,Aluminium,Turning,M3,319,2.852,1.802,68.0,2.98,2025-11-13T23:00:00,2025-11-14T00:48:06.528587293
H877,Bracket,Aluminium,Drilling,M6,523,2.915,1.829,72.9,2.77,2025-08-05T03:00:00,2025-08-05T04:49:45.208090903
H878,Valve,Titanium,Cutting,M2,60,0.9,1.368,59.9,2.36,2025-11-20T02:00:00,2025-11-20T03:22:04.241372499
H879,Gear,Steel,Cutting,M1,329,3.59,4.006,54.3,3.8,2025-09-21T22:00:00,2025-09-22T02:00:19.899821689
H880,Valve,Titanium,Assembly,M8,51,0.912,1.118,69.1,3.57,2025-07-16T23:00:00,2025-07-17T00:07:03.191664300
H881,Housing,Aluminium,Turning,M3,260,2.38,1.74,62.3,1.25,2025-09-15T01:00:00,2025-09-15T02:44:24.035614222
H882,Housing,Aluminium,Assembly,M8,339,4.368,3.357,61.2,1.82,2025-10-25T06:00:00,2025-10-25T09:21:25.325576153
H883,Housing,Aluminium,Assembly,M7,598,7.476,5.408,56.6,2.06,2025-11-06T08:00:00,2025-11-06T13:24:28.429748573
H884,Shaft,Steel,Cutting,M2,535,5.65,5.728,57.1,2.55,2025-07-10T05:00:00,2025-07-10T10:43:39.072403279
H885,Bracket,Aluminium,Assembly,M7,193,2.616,1.765,67.6,2.35,2025-08-19T22:00:00,2025-08-19T23:45:52.259098803
H886,Valve,Titanium,Cutting,M1,572,6.02,8.503,75.7,3.01,2025-12-05T04:00:00,2025-12-05T12:30:09.463663351
H887,Shaft,Steel,Drilling,M5,391,2.255,2.661,65.8,2.68,2025-10-06T08:00:00,2025-10-06T10:39:38.108206796
H888,Gear,Steel,Cutting,M2,573,6.03,6.019,76.6,3.12,2025-08-22T04:00:00,2025-08-22T10:01:09.613144064
H889,Shaft,Steel,Drilling,M5,456,2.58,3.113,68.8,4.53,2025-08-23T03:00:00,2025-08-23T06:06:47.210486662
H890,Bracket,Aluminium,Cutting,M1,50,0.8,0.41,74.8,2.82,2025-09-04T04:00:00,2025-09-04T04:24:35.986632706
H891,Cover,Plastic,Drilling,M6,377,2.185,1.222,77.2,0.28,2025-12-06T22:00:00,2025-12-06T23:13:17.469013141
H892,Cover,Plastic,Cutting,M2,325,3.55,2.27,74.2,2.79,2025-09-07T02:00:00,2025-09-07T04:16:10.490180413
H893,Bracket,Aluminium,Assembly,M8,70,1.14,0.722,79.0,3.4,2025-12-11T22:00:00,2025-12-11T22:43:17.506197060
H894,Housing,Aluminium,Cutting,M1,447,4.77,3.039,65.4,2.81,2025-07-10T03:00:00,2025-07-10T06:02:19.582691680
H895,Valve,Titanium,Assembly,M7,420,5.34,6.964,63.6,0.94,2025-12-17T01:00:00,2025-12-17T07:57:51.078949830
H896,Housing,Aluminium,Turning,M4,546,4.668,3.505,67.0,2.29,2025-08-14T01:00:00,2025-08-14T04:30:19.445371042
H897,Valve,Titanium,Assembly,M8,347,4.464,6.179,63.5,1.98,2025-08-18T23:00:00,2025-08-19T05:10:43.657666430
H898,Bracket,Aluminium,Cutting,M1,457,4.87,3.34,62.6,2.24,2025-10-06T00:00:00,2025-10-06T03:20:24.014598244
H899,Bracket,Aluminium,Drilling,M6,480,2.7,2.128,71.8,2.07,2025-11-09T04:00:00,2025-11-09T06:07:39.013405923
H900,Housing,Aluminium,Assembly,M7,510,6.42,5.229,51.1,3.73,2025-10-08T07:00:00,2025-10-08T12:13:43.655049335
H901,Bracket,Aluminium,Assembly,M8,163,2.256,1.792,62.2,2.28,2025-07-30T05:00:00,2025-07-30T06:47:30.429524229
H902,Valve,Titanium,Turning,M3,398,3.484,3.92,61.8,2.01,2025-07-30T02:00:00,2025-07-30T05:55:12.463964261
H903,Cover,Plastic,Drilling,M5,135,0.975,0.677,65.2,1.7,2025-09-11T02:00:00,2025-09-11T02:40:37.014261413
H904,Gear,Steel,Turning,M3,535,4.58,3.118,58.6,3.19,2025-07-16T23:00:00,2025-07-17T02:07:04.670203220
H905,Valve,Titanium,Assembly,M8,520,6.54,8.366,63.1,2.49,2025-09-14T23:00:00,2025-09-15T07:21:57.664533306
H906,Cover,Plastic,Drilling,M6,317,1.885,1.232,71.4,2.51,2025-09-24T08:00:00,2025-09-24T09:13:56.960088040
H907,Shaft,Steel,Turning,M4,445,3.86,3.222,60.7,3.42,2025-10-13T00:00:00,2025-10-13T03:13:20.473436559
H908,Gear,Steel,Cutting,M1,133,1.63,1.254,65.3,2.23,2025-10-12T07:00:00,2025-10-12T08:15:15.455826189
H909,Gear,Steel,Cutting,M1,297,3.27,3.259,74.1,3.11,2025-07-13T05:00:00,2025-07-13T08:15:33.769547890
H910,Shaft,Steel,Cutting,M1,149,1.79,1.428,71.9,1.04,2025-10-28T08:00:00,2025-10-28T09:25:42.281978351
H911,Bracket,Aluminium,Cutting,M1,111,1.41,1.117,67.6,3.39,2025-08-06T01:00:00,2025-08-06T02:07:01.569609294
H912,Shaft,Steel,Turning,M4,511,4.388,3.065,63.5,2.76,2025-12-09T22:00:00,2025-12-10T01:03:53.462774967
H913,Bracket,Aluminium,Drilling,M6,55,0.575,0.407,80.4,2.22,2025-08-16T23:00:00,2025-08-16T23:24:25.042266737
H914,Valve,Titanium,Turning,M3,531,4.548,6.303,66.2,3.46,2025-08-20T07:00:00,2025-08-20T13:18:10.150299313
H915,Valve,Titanium,Assembly,M8,80,1.26,1.696,67.5,2.59,2025-09-27T01:00:00,2025-09-27T02:41:43.993374213
H916,Housing,Aluminium,Assembly,M8,470,5.94,4.035,52.7,1.55,2025-09-01T08:00:00,2025-09-01T12:02:04.803795364
H917,Gear,Steel,Drilling,M6,195,1.275,1.196,57.7,1.92,2025-08-26T23:00:00,2025-08-27T00:11:45.557420482
H918,Housing,Aluminium,Assembly,M7,46,0.852,0.638,74.0,1.71,2025-09-20T06:00:00,2025-09-20T06:38:16.822215793
H919,Gear,Steel,Turning,M3,340,3.02,2.529,58.8,2.83,2025-07-15T22:00:00,2025-07-16T00:31:45.039368037
H920,Shaft,Steel,Drilling,M6,364,2.12,1.65,62.5,2.2,2025-10-12T05:00:00,2025-10-12T06:38:58.588006256
H921,Shaft,Steel,Cutting,M2,407,4.37,4.76,80.1,2.87,2025-11-23T03:00:00,2025-11-23T07:45:36.956127703
H922,Housing,Aluminium,Turning,M4,46,0.668,0.508,67.2,2.28,2025-12-20T08:00:00,2025-12-20T08:30:28.000200004
H923,Bracket,Aluminium,Assembly,M7,199,2.688,1.651,66.2,2.34,2025-12-07T05:00:00,2025-12-07T06:39:01.901807149
H924,Cover,Plastic,Assembly,M7,159,2.208,1.082,61.9,2.07,2025-09-17T23:00:00,2025-09-18T00:04:56.633527812
H925,Shaft,Steel,Turning,M3,47,0.676,0.633,63.6,0.92,2025-09-05T06:00:00,2025-09-05T06:37:58.961461776
H926,Valve,Titanium,Assembly,M7,220,2.94,3.934,60.3,2.28,2025-12-11T02:00:00,2025-12-11T05:56:02.201960444
H927,Shaft,Steel,Drilling,M6,215,1.375,1.246,72.7,3.66,2025-10-24T04:00:00,2025-10-24T05:14:46.401401074
H928,Housing,Aluminium,Assembly,M8,300,3.9,2.583,70.2,1.34,2025-10-12T22:00:00,2025-10-13T00:34:59.737974067
H929,Cover,Plastic,Drilling,M5,238,1.49,1.155,74.1,3.55,2025-11-01T23:00:00,2025-11-02T00:09:18.131258318
H930,Housing,Aluminium,Turning,M3,88,1.004,0.665,61.3,2.89,2025-12-10T03:00:00,2025-12-10T03:39:55.083392724
H931,Housing,Aluminium,Turning,M4,515,4.42,3.4,68.7,4.11,2025-07-15T00:00:00,2025-07-15T03:24:01.252259923
H932,Cover,Plastic,Cutting,M1,383,4.13,2.15,54.8,3.39,2025-10-16T23:00:00,2025-10-17T01:09:00.552439593
H933,Housing,Aluminium,Assembly,M8,570,7.14,5.116,74.1,2.21,2025-09-10T22:00:00,2025-09-11T03:06:57.527327530
H934,Gear,Steel,Assembly,M7,525,6.6,6.536,67.9,4.08,2025-11-29T06:00:00,2025-11-29T12:32:11.360469400
H935,Bracket,Aluminium,Drilling,M5,284,1.72,1.657,81.0,3.45,2025-10-13T22:00:00,2025-10-13T23:39:24.611679879
H936,Shaft,Steel,Cutting,M2,147,1.77,1.777,68.5,2.86,2025-08-22T23:00:00,2025-08-23T00:46:38.254510245
H937,Valve,Titanium,Assembly,M8,326,4.212,6.415,63.7,2.61,2025-11-09T05:00:00,2025-11-09T11:24:53.863082713
H938,Bracket,Aluminium,Drilling,M6,270,1.65,1.289,70.7,3.59,2025-11-18T08:00:00,2025-11-18T09:17:21.755354965
H939,Bracket,Aluminium,Cutting,M2,97,1.27,1.021,69.2,2.75,2025-08-25T01:00:00,2025-08-25T02:01:14.688420740
H940,Cover,Plastic,Drilling,M5,109,0.845,0.734,63.1,3.87,2025-11-10T03:00:00,2025-11-10T03:44:03.256576469
H941,Valve,Titanium,Cutting,M1,187,2.17,3.067,64.2,3.22,2025-10-21T08:00:00,2025-10-21T11:04:00.555733135
H942,Gear,Steel,Cutting,M1,490,5.2,4.09,63.0,2.48,2025-07-29T08:00:00,2025-07-29T12:05:24.701808443
H943,Gear,Steel,Assembly,M7,131,1.872,1.443,67.0,2.99,2025-07-20T07:00:00,2025-07-20T08:26:33.667728559
H944,Valve,Titanium,Assembly,M8,305,3.96,5.731,74.8,1.04,2025-09-04T08:00:00,2025-09-04T13:43:53.156198741
H945,Gear,Steel,Cutting,M1,377,4.07,3.15,46.8,3.06,2025-12-26T02:00:00,2025-12-26T05:08:59.392996566
H946,Gear,Steel,Drilling,M5,100,0.8,0.813,57.7,3.12,2025-11-16T22:00:00,2025-11-16T22:48:45.545839137
H947,Valve,Titanium,Turning,M4,580,4.94,8.165,77.8,2.45,2025-07-21T01:00:00,2025-07-21T09:09:53.204463748
H948,Housing,Aluminium,Cutting,M2,241,2.71,2.294,66.0,3.72,2025-12-21T23:00:00,2025-12-22T01:17:37.657790758
H949,Bracket,Aluminium,Drilling,M6,96,0.78,0.519,75.4,2.5,2025-10-07T04:00:00,2025-10-07T04:31:08.787268963
H950,Gear,Steel,Drilling,M5,218,1.39,1.586,59.0,3.7,2025-07-19T02:00:00,2025-07-19T03:35:10.396313533
H951,Gear,Steel,Cutting,M1,186,2.16,1.957,63.7,2.11,2025-11-16T05:00:00,2025-11-16T06:57:24.098530828
H952,Cover,Plastic,Cutting,M1,574,6.04,2.995,66.9,2.25,2025-09-03T06:00:00,2025-09-03T08:59:42.114737700
H953,Valve,Titanium,Cutting,M2,75,1.05,1.604,66.6,1.39,2025-10-24T23:00:00,2025-10-25T00:36:13.037985448
H954,Valve,Titanium,Turning,M4,552,4.716,5.989,41.1,2.94,2025-11-30T04:00:00,2025-11-30T09:59:21.382928691
H955,Cover,Plastic,Cutting,M2,265,2.95,1.885,51.9,3.06,2025-11-18T08:00:00,2025-11-18T09:53:06.182179967
H956,Shaft,Steel,Drilling,M5,419,2.395,3.002,73.2,1.29,2025-11-15T22:00:00,2025-11-16T01:00:05.511282550
H957,Cover,Plastic,Drilling,M6,369,2.145,0.972,63.8,2.99,2025-10-26T03:00:00,2025-10-26T03:58:18.665674412
H958,Housing,Aluminium,Turning,M4,268,2.444,1.858,71.8,0.74,2025-09-21T04:00:00,2025-09-21T05:51:27.939044815
H959,Cover,Plastic,Drilling,M6,269,1.645,0.81,62.6,1.99,2025-09-16T01:00:00,2025-09-16T01:48:34.392039517
H960,Valve,Titanium,Cutting,M1,442,4.72,5.951,82.1,2.45,2025-08-18T01:00:00,2025-08-18T06:57:02.895099212
H961,Gear,Steel,Assembly,M7,98,1.476,1.42,72.0,2.07,2025-12-16T04:00:00,2025-12-16T05:25:11.112351211
H962,Bracket,Aluminium,Assembly,M8,106,1.572,1.141,55.4,4.09,2025-10-21T03:00:00,2025-10-21T04:08:25.923788197
H963,Shaft,Steel,Turning,M3,127,1.316,1.123,60.7,1.66,2025-12-21T05:00:00,2025-12-21T06:07:23.288294201
H964,Cover,Plastic,Cutting,M1,510,5.4,3.299,66.2,2.9,2025-11-16T07:00:00,2025-11-16T10:17:57.030721984
H965,Housing,Aluminium,Turning,M3,423,3.684,2.35,55.8,1.73,2025-07-25T06:00:00,2025-07-25T08:20:59.717384708
H966,Shaft,Steel,Turning,M3,104,1.132,1.16,65.6,0.43,2025-12-08T05:00:00,2025-12-08T06:09:37.011470234
H967,Shaft,Steel,Turning,M3,271,2.468,2.209,58.5,0.74,2025-08-11T06:00:00,2025-08-11T08:12:33.006292658
H968,Bracket,Aluminium,Drilling,M5,63,0.615,0.651,71.2,3.07,2025-10-08T02:00:00,2025-10-08T02:39:02.877353202
H969,Cover,Plastic,Drilling,M5,122,0.91,0.644,62.3,2.08,2025-10-06T07:00:00,2025-10-06T07:38:38.190467260
H970,Shaft,Steel,Drilling,M6,578,3.19,2.643,73.0,2.46,2025-12-03T06:00:00,2025-12-03T08:38:35.421777932
H971,Bracket,Aluminium,Drilling,M5,227,1.435,1.277,67.5,2.64,2025-08-10T07:00:00,2025-08-10T08:16:38.861469300
H972,Cover,Plastic,Drilling,M6,162,1.11,0.566,62.8,2.33,2025-10-16T00:00:00,2025-10-16T00:33:58.439752782
H973,Valve,Titanium,Turning,M3,506,4.348,5.456,54.5,1.6,2025-12-05T08:00:00,2025-12-05T13:27:22.592515654
H974,Valve,Titanium,Turning,M3,148,1.484,1.911,72.6,2.29,2025-10-26T00:00:00,2025-10-26T01:54:40.143743125
H975,Housing,Aluminium,Cutting,M2,400,4.3,3.473,75.3,2.33,2025-08-22T04:00:00,2025-08-22T07:28:23.321191319
H976,Bracket,Aluminium,Cutting,M2,506,5.36,3.954,70.9,2.48,2025-11-17T04:00:00,2025-11-17T07:57:13.677110836
H977,Bracket,Aluminium,Assembly,M8,437,5.544,4.746,78.4,2.78,2025-09-11T07:00:00,2025-09-11T11:44:46.479321103
H978,Gear,Steel,Assembly,M7,486,6.132,4.643,60.9,1.96,2025-08-11T06:00:00,2025-08-11T10:38:34.620331822
H979,Cover,Plastic,Drilling,M6,322,1.91,0.876,59.9,1.86,2025-12-22T00:00:00,2025-12-22T00:52:34.595952748
H980,Bracket,Aluminium,Assembly,M7,222,2.964,1.949,51.7,2.22,2025-12-27T21:00:00,2025-12-27T22:56:56.417040608
H981,Cover,Plastic,Cutting,M1,421,4.51,2.749,65.6,2.12,2025-07-31T03:00:00,2025-07-31T05:44:56.848542806
H982,Housing,Aluminium,Turning,M4,153,1.524,1.287,64.5,4.17,2025-09-18T01:00:00,2025-09-18T02:17:14.090566914
H983,Bracket,Aluminium,Cutting,M2,510,5.4,4.204,78.7,2.7,2025-11-17T02:00:00,2025-11-17T06:12:13.798112640
H984,Bracket,Aluminium,Drilling,M6,452,2.56,1.481,65.3,3.18,2025-10-14T07:00:00,2025-10-14T08:28:52.506280392
H985,Housing,Aluminium,Assembly,M8,526,6.612,5.369,66.8,2.55,2025-10-23T05:00:00,2025-10-23T10:22:09.052346603
H986,Cover,Plastic,Drilling,M6,573,3.165,1.539,54.4,2.32,2025-12-16T23:00:00,2025-12-17T00:32:19.199353585
H987,Bracket,Aluminium,Drilling,M6,178,1.19,0.901,59.0,2.61,2025-09-25T04:00:00,2025-09-25T04:54:04.708849336
H988,Gear,Steel,Drilling,M6,321,1.905,1.792,64.5,1.2,2025-09-15T03:00:00,2025-09-15T04:47:31.570407877
H989,Shaft,Steel,Cutting,M1,340,3.7,3.627,60.0,3.47,2025-08-07T05:00:00,2025-08-07T08:37:38.836324846
H990,Housing,Aluminium,Cutting,M1,191,2.21,1.697,64.9,1.97,2025-10-05T00:00:00,2025-10-05T01:41:49.099129390
H991,Gear,Steel,Assembly,M7,401,5.112,4.588,65.2,3.11,2025-10-03T05:00:00,2025-10-03T09:35:15.665654041
H992,Gear,Steel,Cutting,M2,586,6.16,6.165,59.7,2.4,2025-07-12T05:00:00,2025-07-12T11:09:54.256988390
H993,Shaft,Steel,Cutting,M1,368,3.98,3.505,63.7,2.31,2026-01-01T02:00:00,2026-01-01T05:30:19.010032755
H994,Housing,Aluminium,Assembly,M8,113,1.656,1.146,74.1,2.47,2025-12-08T06:00:00,2025-12-08T07:08:46.462782290
H995,Gear,Steel,Drilling,M6,578,3.19,3.099,58.2,2.1,2025-10-21T08:00:00,2025-10-21T11:05:57.370833039
H996,Bracket,Aluminium,Assembly,M8,271,3.552,2.591,73.1,2.04,2025-12-18T03:00:00,2025-12-18T05:35:25.923803541
H997,Shaft,Steel,Cutting,M1,529,5.59,4.771,56.1,1.71,2025-09-02T00:00:00,2025-09-02T04:46:16.401588972
H998,Bracket,Aluminium,Assembly,M7,66,1.092,0.807,65.4,1.58,2025-12-12T03:00:00,2025-12-12T03:48:25.997612553
H999,Cover,Plastic,Cutting,M2,258,2.88,1.804,68.0,0.88,2025-10-03T01:00:00,2025-10-03T02:48:13.774263983
H1000,Housing,Aluminium,Turning,M3,314,2.812,2.175,70.9,3.82,2025-08-24T03:00:00,2025-08-24T05:10:28.826066156
H1001,Valve,Titanium,Assembly,M8,506,6.372,8.651,70.0,1.58,2025-11-21T00:00:00,2025-11-21T08:39:04.606458662
H1002,Housing,Aluminium,Turning,M3,416,3.628,2.416,65.6,1.81,2025-07-23T03:00:00,2025-07-23T05:24:57.138290479
H1003,Bracket,Aluminium,Cutting,M1,407,4.37,2.824,55.8,1.0,2025-08-13T02:00:00,2025-08-13T04:49:26.745685573
H1004,Gear,Steel,Drilling,M6,150,1.05,0.892,77.6,1.93,2025-12-28T02:00:00,2025-12-28T02:53:30.858779688
H1005,Bracket,Aluminium,Assembly,M7,164,2.268,1.457,52.1,4.18,2025-08-14T04:00:00,2025-08-14T05:27:24.315662429
H1006,Gear,Steel,Drilling,M6,595,3.275,2.809,69.5,3.48,2025-11-19T03:00:00,2025-11-19T05:48:32.482466076
H1007,Bracket,Aluminium,Cutting,M1,221,2.51,1.666,64.5,2.07,2025-08-15T00:00:00,2025-08-15T01:39:56.320032198
H1008,Gear,Steel,Assembly,M8,535,6.72,6.082,65.8,2.1,2025-11-16T21:00:00,2025-11-17T03:04:53.504364685
H1009,Bracket,Aluminium,Cutting,M2,405,4.35,3.953,73.1,2.69,2025-12-20T08:00:00,2025-12-20T11:57:12.474000954
H1010,Housing,Aluminium,Turning,M3,293,2.644,1.896,52.0,1.03,2025-12-23T05:00:00,2025-12-23T06:53:45.519170153
H1011,Shaft,Steel,Turning,M4,528,4.524,4.362,63.0,1.82,2025-11-21T08:00:00,2025-11-21T12:21:44.281895020
H1012,Valve,Titanium,Drilling,M6,353,2.065,2.74,67.8,2.31,2025-11-28T23:00:00,2025-11-29T01:44:23.987628346
H1013,Shaft,Steel,Cutting,M1,292,3.22,3.407,81.6,2.04,2025-11-05T05:00:00,2025-11-05T08:24:24.179801289
H1014,Gear,Steel,Assembly,M7,280,3.66,3.621,74.2,1.83,2025-12-09T21:00:00,2025-12-10T00:37:15.553334025
H1015,Shaft,Steel,Cutting,M1,35,0.65,0.564,65.3,2.08,2025-10-20T21:00:00,2025-10-20T21:33:52.176414054
H1016,Shaft,Steel,Drilling,M6,49,0.545,0.56,77.9,3.0,2025-07-19T01:00:00,2025-07-19T01:33:35.166989458
H1017,Gear,Steel,Drilling,M6,450,2.55,2.264,66.1,1.08,2025-08-29T02:00:00,2025-08-29T04:15:48.796617378
H1018,Valve,Titanium,Turning,M3,510,4.38,5.215,57.8,3.08,2025-07-19T05:00:00,2025-07-19T10:12:53.768692637
H1019,Shaft,Steel,Drilling,M5,159,1.095,1.287,53.0,2.07,2025-12-11T04:00:00,2025-12-11T05:17:13.153044649
H1020,Bracket,Aluminium,Assembly,M8,103,1.536,1.099,64.9,4.03,2025-10-12T04:00:00,2025-10-12T05:05:54.960852009
H1021,Gear,Steel,Cutting,M2,567,5.97,5.608,70.8,3.37,2025-08-21T02:00:00,2025-08-21T07:36:28.104766794
H1022,Housing,Aluminium,Turning,M4,541,4.628,3.352,71.7,2.15,2025-11-18T01:00:00,2025-11-18T04:21:08.192455604
H1023,Bracket,Aluminium,Drilling,M5,382,2.21,1.871,72.2,2.56,2026-01-01T21:00:00,2026-01-01T22:52:14.741760067
H1024,Bracket,Aluminium,Assembly,M8,369,4.728,3.985,75.9,2.39,2025-08-25T05:00:00,2025-08-25T08:59:07.728602010
H1025,Housing,Aluminium,Cutting,M1,580,6.1,4.34,43.6,2.66,2025-08-24T00:00:00,2025-08-24T04:20:24.363534100
H1026,Bracket,Aluminium,Drilling,M5,485,2.725,2.35,74.9,2.29,2025-12-21T04:00:00,2025-12-21T06:20:59.514641357
H1027,Housing,Aluminium,Cutting,M2,86,1.16,0.997,67.7,2.66,2025-12-21T07:00:00,2025-12-21T07:59:50.394431252
H1028,Housing,Aluminium,Assembly,M7,148,2.076,1.637,69.9,2.63,2025-10-23T05:00:00,2025-10-23T06:38:14.609794110
H1029,Bracket,Aluminium,Drilling,M5,84,0.72,0.651,78.0,2.49,2025-12-02T22:00:00,2025-12-02T22:39:04.890625270
H1030,Cover,Plastic,Cutting,M1,174,2.04,1.091,62.4,2.77,2026-01-02T03:00:00,2026-01-02T04:05:27.459061157
H1031,Housing,Aluminium,Cutting,M1,547,5.77,4.6,62.0,3.22,2025-10-29T00:00:00,2025-10-29T04:35:58.669581642
H1032,Housing,Aluminium,Assembly,M8,55,0.96,0.717,65.6,1.51,2025-10-16T05:00:00,2025-10-16T05:43:02.012199355
H1033,Bracket,Aluminium,Cutting,M2,427,4.57,3.714,70.7,2.7,2025-08-30T23:00:00,2025-08-31T02:42:51.883970391
H1034,Housing,Aluminium,Cutting,M2,216,2.46,1.884,64.6,0.82,2025-11-12T08:00:00,2025-11-12T09:53:02.907878982
H1035,Cover,Plastic,Assembly,M7,200,2.7,1.565,62.3,3.88,2025-10-07T02:00:00,2025-10-07T03:33:55.211052340
H1036,Shaft,Steel,Turning,M4,238,2.204,2.192,58.9,1.88,2025-11-21T03:00:00,2025-11-21T05:11:32.176577405
H1037,Bracket,Aluminium,Cutting,M2,532,5.62,4.481,65.9,0.92,2025-08-29T00:00:00,2025-08-29T04:28:52.925558380
H1038,Valve,Titanium,Assembly,M8,296,3.852,6.652,75.0,3.66,2025-11-22T05:00:00,2025-11-22T11:39:06.414786757
H1039,Housing,Aluminium,Turning,M3,272,2.476,1.635,60.5,2.59,2025-07-09T22:00:00,2025-07-09T23:38:07.635624871
H1040,Housing,Aluminium,Cutting,M1,285,3.15,1.928,68.3,2.39,2025-12-27T23:00:00,2025-12-28T00:55:42.502989595
H1041,Housing,Aluminium,Cutting,M1,224,2.54,1.976,68.3,2.68,2025-10-14T03:00:00,2025-10-14T04:58:32.459033218
H1042,Housing,Aluminium,Turning,M4,54,0.732,0.585,66.7,3.38,2025-12-31T05:00:00,2025-12-31T05:35:05.411601027
H1043,Valve,Titanium,Turning,M3,91,1.028,1.47,62.7,2.26,2025-11-12T01:00:00,2025-11-12T02:28:13.432008739
H1044,Bracket,Aluminium,Assembly,M7,90,1.38,0.967,55.6,1.59,2025-10-19T02:00:00,2025-10-19T02:58:02.680485768
H1045,Housing,Aluminium,Turning,M3,111,1.188,0.808,70.4,3.34,2025-12-21T01:00:00,2025-12-21T01:48:28.359403323
H1046,Gear,Steel,Drilling,M5,506,2.83,3.217,42.3,1.73,2025-11-01T03:00:00,2025-11-01T06:13:02.405692678
H1047,Cover,Plastic,Drilling,M5,239,1.495,1.072,59.7,2.55,2025-12-30T04:00:00,2025-12-30T05:04:18.659109892
H1048,Shaft,Steel,Cutting,M1,179,2.09,1.936,64.9,1.11,2025-09-29T02:00:00,2025-09-29T03:56:10.545875504
H1049,Valve,Titanium,Assembly,M7,481,6.072,8.032,74.4,1.69,2025-07-24T01:00:00,2025-07-24T09:01:54.382454411
H1050,Shaft,Steel,Drilling,M5,212,1.36,1.531,76.9,1.58,2025-08-21T08:00:00,2025-08-21T09:31:51.381932139
H1051,Cover,Plastic,Cutting,M1,77,1.07,0.49,52.2,2.89,2025-12-15T00:00:00,2025-12-15T00:29:25.643299026
H1052,Shaft,Steel,Cutting,M1,177,2.07,1.977,63.9,2.21,2025-08-07T08:00:00,2025-08-07T09:58:38.659506998
H1053,Bracket,Aluminium,Assembly,M7,533,6.696,5.227,68.1,3.87,2025-11-18T01:00:00,2025-11-18T06:13:37.310656393
H1054,Housing,Aluminium,Assembly,M8,413,5.256,3.433,63.1,2.39,2025-11-01T03:00:00,2025-11-01T06:25:57.966872483
H1055,Bracket,Aluminium,Assembly,M7,247,3.264,2.471,70.1,2.68,2025-07-24T21:00:00,2025-07-24T23:28:15.414171026
H1056,Gear,Steel,Drilling,M6,243,1.515,1.042,70.0,2.0,2025-10-07T00:00:00,2025-10-07T01:02:32.422079575
H1057,Shaft,Steel,Turning,M3,242,2.236,2.023,78.5,2.97,2025-12-20T02:00:00,2025-12-20T04:01:24.155703999
H1058,Gear,Steel,Turning,M4,437,3.796,3.901,63.9,1.63,2025-12-22T00:00:00,2025-12-22T03:54:04.298516230
H1059,Housing,Aluminium,Turning,M3,386,3.388,2.258,69.1,2.3,2025-12-15T02:00:00,2025-12-15T04:15:29.589894654
H1060,Cover,Plastic,Cutting,M1,256,2.86,1.542,61.4,1.43,2025-12-31T22:00:00,2025-12-31T23:32:30.080362276
H1061,Shaft,Steel,Drilling,M6,325,1.925,1.701,71.0,3.06,2025-08-21T06:00:00,2025-08-21T07:42:01.957058963
H1062,Housing,Aluminium,Cutting,M1,216,2.46,1.65,60.3,2.52,2025-08-19T01:00:00,2025-08-19T02:39:00.064958284
H1063,Housing,Aluminium,Cutting,M1,91,1.21,0.813,71.6,2.12,2025-11-08T03:00:00,2025-11-08T03:48:48.004115146
H1064,Bracket,Aluminium,Cutting,M2,353,3.83,3.338,61.8,2.33,2025-08-27T01:00:00,2025-08-27T04:20:17.761067947
H1065,Gear,Steel,Drilling,M6,306,1.83,1.452,43.3,2.42,2025-11-17T04:00:00,2025-11-17T05:27:06.703339117
H1066,Cover,Plastic,Cutting,M1,52,0.82,0.433,64.1,1.77,2025-08-27T00:00:00,2025-08-27T00:25:59.794036657
H1067,Housing,Aluminium,Assembly,M7,439,5.568,4.106,80.9,1.99,2025-12-22T03:00:00,2025-12-22T07:06:21.055318285
H1068,Housing,Aluminium,Cutting,M1,573,6.03,3.856,69.6,1.29,2025-10-13T04:00:00,2025-10-13T07:51:20.413496086
H1069,Shaft,Steel,Cutting,M1,215,2.45,2.48,71.6,1.63,2025-11-26T07:00:00,2025-11-26T09:28:49.469275699
H1070,Shaft,Steel,Cutting,M2,545,5.75,5.525,55.1,3.0,2025-11-11T04:00:00,2025-11-11T09:31:31.217574391
H1071,Shaft,Steel,Turning,M4,45,0.66,0.573,62.4,3.26,2025-10-29T02:00:00,2025-10-29T02:34:23.035026160
H1072,Shaft,Steel,Turning,M3,223,2.084,1.742,56.9,2.5,2025-07-28T05:00:00,2025-07-28T06:44:32.941214644
H1073,Valve,Titanium,Drilling,M6,83,0.715,0.931,74.5,2.18,2025-12-18T23:00:00,2025-12-18T23:55:52.305508745
H1074,Valve,Titanium,Assembly,M8,575,7.2,8.202,61.5,2.7,2025-10-18T01:00:00,2025-10-18T09:12:07.355362375
H1075,Shaft,Steel,Turning,M3,206,1.948,1.757,60.3,1.38,2025-12-17T07:00:00,2025-12-17T08:45:26.590926232
H1076,Valve,Titanium,Assembly,M8,28,0.636,0.944,79.7,1.12,2025-08-18T02:00:00,2025-08-18T02:56:37.199806822
H1077,Valve,Titanium,Drilling,M6,203,1.315,1.914,69.8,3.04,2025-08-08T23:00:00,2025-08-09T00:54:51.708903844
H1078,Valve,Titanium,Assembly,M8,234,3.108,3.956,54.1,3.68,2025-10-21T00:00:00,2025-10-21T03:57:20.069025919
H1079,Gear,Steel,Drilling,M6,533,2.965,2.431,69.2,2.76,2025-09-01T01:00:00,2025-09-01T03:25:52.226330555
H1080,Housing,Aluminium,Assembly,M7,478,6.036,4.054,70.6,2.38,2025-11-26T06:00:00,2025-11-26T10:03:13.933711869
H1081,Bracket,Aluminium,Cutting,M2,549,5.79,5.322,61.4,1.53,2025-10-22T00:00:00,2025-10-22T05:19:18.155559246
H1082,Cover,Plastic,Drilling,M5,424,2.42,1.633,62.6,3.61,2025-07-31T02:00:00,2025-07-31T03:37:59.168749555
H1083,Housing,Aluminium,Cutting,M2,177,2.07,1.789,79.1,1.38,2025-11-13T01:00:00,2025-11-13T02:47:21.296219049
H1084,Cover,Plastic,Drilling,M6,468,2.64,1.265,55.7,3.37,2025-08-07T22:00:00,2025-08-07T23:15:55.065984505
H1085,Cover,Plastic,Drilling,M6,580,3.2,1.496,74.2,2.47,2025-12-30T03:00:00,2025-12-30T04:29:45.919163268
H1086,Shaft,Steel,Cutting,M2,339,3.69,3.285,50.9,1.98,2025-11-06T06:00:00,2025-11-06T09:17:04.684505334
H1087,Valve,Titanium,Drilling,M5,249,1.545,2.647,67.8,1.92,2025-10-03T01:00:00,2025-10-03T03:38:50.238663472
H1088,Valve,Titanium,Drilling,M6,468,2.64,3.272,52.5,3.72,2025-11-13T02:00:00,2025-11-13T05:16:18.820933744
H1089,Valve,Titanium,Cutting,M2,496,5.26,8.623,70.4,2.14,2025-09-13T21:00:00,2025-09-14T05:37:22.393730159
H1090,Gear,Steel,Assembly,M8,179,2.448,2.175,67.8,2.13,2025-12-01T01:00:00,2025-12-01T03:10:30.181230279
H1091,Valve,Titanium,Cutting,M1,23,0.53,0.717,60.7,2.46,2025-08-20T22:00:00,2025-08-20T22:43:02.898851201
H1092,Shaft,Steel,Turning,M4,482,4.156,4.152,83.8,3.35,2025-07-28T22:00:00,2025-07-29T02:09:08.101714959
H1093,Housing,Aluminium,Assembly,M7,451,5.712,4.003,61.8,1.4,2026-01-03T22:00:00,2026-01-04T02:00:12.593772744
H1094,Valve,Titanium,Turning,M4,490,4.22,5.971,68.2,2.51,2025-09-30T08:00:00,2025-09-30T13:58:15.790605443
H1095,Cover,Plastic,Assembly,M8,23,0.576,0.337,79.2,1.87,2025-10-05T04:00:00,2025-10-05T04:20:11.407569576
H1096,Housing,Aluminium,Cutting,M2,35,0.65,0.407,62.6,0.37,2025-08-13T04:00:00,2025-08-13T04:24:25.179745623
H1097,Cover,Plastic,Drilling,M6,78,0.69,0.358,62.6,4.01,2025-09-07T01:00:00,2025-09-07T01:21:28.572852745
H1098,Cover,Plastic,Assembly,M8,20,0.54,0.351,56.9,3.82,2025-10-01T07:00:00,2025-10-01T07:21:05.077754776
H1099,Housing,Aluminium,Turning,M3,79,0.932,0.652,77.4,2.56,2025-12-15T01:00:00,2025-12-15T01:39:07.925734348
H1100,Gear,Steel,Cutting,M1,69,0.99,0.965,70.2,1.35,2025-12-08T04:00:00,2025-12-08T04:57:54.175539289
H1101,Shaft,Steel,Cutting,M1,315,3.45,3.273,63.9,1.53,2025-10-01T04:00:00,2025-10-01T07:16:24.203510016
H1102,Cover,Plastic,Drilling,M5,92,0.76,0.509,66.0,1.14,2025-07-19T01:00:00,2025-07-19T01:30:31.325970033
H1103,Shaft,Steel,Turning,M3,118,1.244,0.996,66.3,2.4,2025-10-28T04:00:00,2025-10-28T04:59:46.090662505
H1104,Gear,Steel,Assembly,M8,437,5.544,5.29,62.0,1.39,2025-12-19T01:00:00,2025-12-19T06:17:23.827449427
H1105,Valve,Titanium,Cutting,M2,196,2.26,3.121,62.0,1.54,2025-08-12T06:00:00,2025-08-12T09:07:15.564221264
H1106,Bracket,Aluminium,Assembly,M7,87,1.344,0.898,59.1,2.87,2025-10-25T23:00:00,2025-10-25T23:53:52.344538853
H1107,Cover,Plastic,Cutting,M2,386,4.16,2.732,65.4,4.36,2025-12-15T06:00:00,2025-12-15T08:43:56.615059883
H1108,Cover,Plastic,Cutting,M1,298,3.28,1.724,52.0,1.83,2025-07-25T00:00:00,2025-07-25T01:43:26.959447471
H1109,Gear,Steel,Turning,M4,297,2.676,2.476,76.2,1.36,2025-08-08T04:00:00,2025-08-08T06:28:34.536517086
H1110,Valve,Titanium,Turning,M4,351,3.108,4.026,54.2,2.32,2025-07-18T01:00:00,2025-07-18T05:01:32.602177337
H1111,Cover,Plastic,Drilling,M5,215,1.375,1.052,65.9,2.65,2025-09-01T00:00:00,2025-09-01T01:03:07.406433802
H1112,Gear,Steel,Drilling,M6,487,2.735,2.151,63.5,2.43,2025-07-30T06:00:00,2025-07-30T08:09:01.969830483
H1113,Shaft,Steel,Turning,M4,251,2.308,2.51,66.1,3.46,2025-11-27T05:00:00,2025-11-27T07:30:36.496294292
H1114,Cover,Plastic,Assembly,M8,203,2.736,1.668,78.7,3.98,2025-07-14T03:00:00,2025-07-14T04:40:05.316690600
H1115,Bracket,Aluminium,Drilling,M6,95,0.775,0.492,62.3,3.0,2025-09-25T07:00:00,2025-09-25T07:29:30.597206370
H1116,Bracket,Aluminium,Cutting,M1,432,4.62,3.708,63.2,2.86,2025-11-20T23:00:00,2025-11-21T02:42:29.504252484
H1117,Bracket,Aluminium,Cutting,M2,514,5.44,4.726,84.2,3.37,2025-11-02T00:00:00,2025-11-02T04:43:31.886097880
H1118,Shaft,Steel,Turning,M3,343,3.044,2.841,76.6,1.01,2025-07-25T23:00:00,2025-07-26T01:50:27.285813123
H1119,Gear,Steel,Drilling,M5,516,2.88,3.257,77.9,2.05,2025-07-11T01:00:00,2025-07-11T04:15:26.119053322
H1120,Bracket,Aluminium,Drilling,M5,351,2.055,1.777,56.1,3.09,2025-11-05T00:00:00,2025-11-05T01:46:35.695802424
H1121,Housing,Aluminium,Cutting,M1,330,3.6,2.719,62.8,2.53,2025-12-06T00:00:00,2025-12-06T02:43:07.362877428
H1122,Shaft,Steel,Turning,M4,227,2.116,1.727,65.6,2.88,2025-07-12T21:00:00,2025-07-12T22:43:37.859021523
H1123,Housing,Aluminium,Cutting,M1,170,2.0,1.259,58.9,3.07,2025-11-25T08:00:00,2025-11-25T09:15:32.008300934
H1124,Gear,Steel,Turning,M4,171,1.668,1.482,53.4,2.01,2025-11-03T02:00:00,2025-11-03T03:28:55.048351379
H1125,Bracket,Aluminium,Cutting,M2,341,3.71,2.858,76.8,2.89,2025-09-16T07:00:00,2025-09-16T09:51:30.057084713
H1126,Bracket,Aluminium,Assembly,M7,428,5.436,3.909,60.2,3.11,2025-09-29T21:00:00,2025-09-30T00:54:33.080247431
H1127,Cover,Plastic,Drilling,M6,253,1.565,0.778,62.9,2.91,2025-11-02T01:00:00,2025-11-02T01:46:39.958894099
H1128,Housing,Aluminium,Turning,M4,476,4.108,3.152,61.3,1.53,2025-08-02T08:00:00,2025-08-02T11:09:08.364313800
H1129,Cover,Plastic,Assembly,M8,435,5.52,2.498,66.0,3.42,2025-10-17T06:00:00,2025-10-17T08:29:54.517886402
H1130,Gear,Steel,Drilling,M6,98,0.79,0.68,69.6,3.08,2025-11-23T05:00:00,2025-11-23T05:40:48.787677504
H1131,Cover,Plastic,Cutting,M2,593,6.23,4.147,69.2,4.07,2025-09-11T04:00:00,2025-09-11T08:08:47.663174491
H1132,Valve,Titanium,Drilling,M6,473,2.665,3.759,77.0,2.52,2025-10-28T22:00:00,2025-10-29T01:45:31.406275801
H1133,Cover,Plastic,Drilling,M5,188,1.24,0.939,77.6,2.85,2025-08-31T21:00:00,2025-08-31T21:56:20.419360672
H1134,Gear,Steel,Assembly,M7,134,1.908,1.668,66.8,3.27,2025-10-05T02:00:00,2025-10-05T03:40:03.987286154
H1135,Shaft,Steel,Drilling,M5,374,2.17,2.292,69.7,2.23,2025-10-25T22:00:00,2025-10-26T00:17:32.440168063
H1136,Cover,Plastic,Assembly,M7,49,0.888,0.513,63.9,3.2,2025-11-28T08:00:00,2025-11-28T08:30:46.775565544
H1137,Valve,Titanium,Drilling,M5,51,0.555,0.876,71.7,2.47,2025-09-05T04:00:00,2025-09-05T04:52:33.581519516
H1138,Shaft,Steel,Drilling,M6,552,3.06,2.35,67.6,3.49,2025-11-23T23:00:00,2025-11-24T01:20:59.809837661
H1139,Gear,Steel,Turning,M3,400,3.5,3.248,74.9,1.44,2025-12-27T07:00:00,2025-12-27T10:14:52.892732371
H1140,Valve,Titanium,Cutting,M2,96,1.26,1.98,68.3,2.78,2025-07-20T07:00:00,2025-07-20T08:58:48.486095953
H1141,Shaft,Steel,Turning,M4,128,1.324,1.097,74.3,2.65,2025-08-15T07:00:00,2025-08-15T08:05:47.449488717
H1142,Housing,Aluminium,Turning,M4,590,5.02,3.868,62.1,1.37,2025-10-25T01:00:00,2025-10-25T04:52:04.166248820
H1143,Shaft,Steel,Turning,M4,402,3.516,3.126,64.5,2.91,2025-08-14T03:00:00,2025-08-14T06:07:34.381667114
H1144,Gear,Steel,Cutting,M2,476,5.06,4.983,65.2,2.62,2025-09-27T05:00:00,2025-09-27T09:59:00.177282272
H1145,Gear,Steel,Turning,M4,378,3.324,3.969,58.8,2.05,2025-12-30T21:00:00,2025-12-31T00:58:08.190471018
H1146,Gear,Steel,Turning,M4,209,1.972,1.791,57.7,3.23,2025-07-14T21:00:00,2025-07-14T22:47:27.688956806
H1147,Valve,Titanium,Drilling,M6,222,1.41,1.734,72.8,2.85,2025-09-13T03:00:00,2025-09-13T04:44:03.581062068
H1148,Housing,Aluminium,Cutting,M1,533,5.63,4.266,79.4,3.18,2025-07-21T22:00:00,2025-07-22T02:15:58.858924729
H1149,Shaft,Steel,Turning,M4,303,2.724,2.417,64.3,2.68,2025-10-08T05:00:00,2025-10-08T07:25:02.155275596
H1150,Housing,Aluminium,Assembly,M7,51,0.912,0.585,70.3,2.63,2025-08-26T03:00:00,2025-08-26T03:35:04.731997064
H1151,Housing,Aluminium,Cutting,M1,95,1.25,1.01,62.3,2.11,2025-09-02T02:00:00,2025-09-02T03:00:36.893211938
H1152,Gear,Steel,Turning,M4,242,2.236,2.02,70.0,2.56,2025-11-06T01:00:00,2025-11-06T03:01:13.421918062
H1153,Housing,Aluminium,Turning,M4,466,4.028,2.813,66.6,2.98,2025-12-09T07:00:00,2025-12-09T09:48:48.483631276
H1154,Cover,Plastic,Cutting,M2,474,5.04,3.28,60.8,1.64,2025-12-27T22:00:00,2025-12-28T01:16:47.882140123
H1155,Cover,Plastic,Drilling,M5,497,2.785,1.751,60.4,2.35,2025-07-16T21:00:00,2025-07-16T22:45:04.269778872
H1156,Bracket,Aluminium,Drilling,M5,223,1.415,1.234,69.3,2.56,2025-11-29T08:00:00,2025-11-29T09:14:00.660219156
H1157,Housing,Aluminium,Cutting,M1,477,5.07,3.536,59.5,2.53,2025-10-07T06:00:00,2025-10-07T09:32:07.859075977
H1158,Cover,Plastic,Cutting,M1,28,0.58,0.274,57.4,1.32,2025-07-16T22:00:00,2025-07-16T22:16:27.032887861
H1159,Bracket,Aluminium,Drilling,M6,205,1.325,0.934,70.2,2.45,2025-08-24T02:00:00,2025-08-24T02:56:00.949737391
H1160,Shaft,Steel,Turning,M4,27,0.516,0.439,54.9,2.93,2025-10-03T06:00:00,2025-10-03T06:26:21.123545703
H1161,Valve,Titanium,Assembly,M7,447,5.664,7.82,56.0,1.96,2025-10-29T22:00:00,2025-10-30T05:49:13.605283595
H1162,Bracket,Aluminium,Cutting,M1,529,5.59,4.529,79.7,2.27,2025-10-02T06:00:00,2025-10-02T10:31:44.091248777
H1163,Gear,Steel,Turning,M4,307,2.756,2.276,56.0,2.87,2025-09-30T07:00:00,2025-09-30T09:16:35.140807704
H1164,Shaft,Steel,Turning,M4,558,4.764,4.046,57.2,2.12,2025-09-12T07:00:00,2025-09-12T11:02:44.379904945
H1165,Cover,Plastic,Cutting,M1,271,3.01,1.863,78.4,1.92,2025-10-20T22:00:00,2025-10-20T23:51:46.399941205
H1166,Bracket,Aluminium,Assembly,M8,494,6.228,4.684,74.1,2.16,2025-08-26T01:00:00,2025-08-26T05:41:02.750002730
H1167,Valve,Titanium,Drilling,M5,234,1.47,2.908,60.2,2.99,2025-09-12T05:00:00,2025-09-12T07:54:29.791384737
H1168,Shaft,Steel,Turning,M3,369,3.252,2.607,53.3,2.87,2025-09-14T23:00:00,2025-09-15T01:36:24.893562943
H1169,Cover,Plastic,Cutting,M1,398,4.28,2.152,59.1,3.42,2025-09-20T22:00:00,2025-09-21T00:09:08.512388544
H1170,Housing,Aluminium,Assembly,M7,22,0.564,0.39,52.5,2.94,2025-11-16T01:00:00,2025-11-16T01:23:25.008441275
H1171,Bracket,Aluminium,Cutting,M2,492,5.22,4.263,79.2,1.82,2025-10-17T02:00:00,2025-10-17T06:15:48.093202389
H1172,Gear,Steel,Turning,M3,179,1.732,1.512,63.2,2.3,2025-11-17T22:00:00,2025-11-17T23:30:43.181827495
H1173,Gear,Steel,Drilling,M5,465,2.625,2.955,60.2,2.06,2025-08-06T08:00:00,2025-08-06T10:57:17.240575920
H1174,Bracket,Aluminium,Cutting,M1,32,0.62,0.433,50.5,1.92,2025-09-06T00:00:00,2025-09-06T00:25:58.979720232
H1175,Cover,Plastic,Cutting,M2,311,3.41,2.043,66.4,2.11,2025-09-24T00:00:00,2025-09-24T02:02:36.308168564
H1176,Housing,Aluminium,Cutting,M1,277,3.07,2.004,62.8,0.45,2025-09-05T22:00:00,2025-09-06T00:00:13.100695935
H1177,Valve,Titanium,Drilling,M5,358,2.09,3.524,76.1,3.04,2025-09-06T00:00:00,2025-09-06T03:31:24.801066298
H1178,Bracket,Aluminium,Assembly,M8,317,4.104,3.606,85.0,2.21,2025-09-15T08:00:00,2025-09-15T11:36:20.586384247
H1179,Cover,Plastic,Cutting,M2,224,2.54,1.403,56.8,2.11,2025-12-13T06:00:00,2025-12-13T07:24:11.241045455
H1180,Housing,Aluminium,Assembly,M8,467,5.904,3.603,65.4,2.94,2025-08-20T07:00:00,2025-08-20T10:36:09.647268736
H1181,Shaft,Steel,Turning,M4,46,0.668,0.619,70.0,3.6,2025-11-04T23:00:00,2025-11-04T23:37:06.968552602
H1182,Gear,Steel,Cutting,M1,175,2.05,1.778,56.7,2.62,2025-11-19T21:00:00,2025-11-19T22:46:41.699349803
H1183,Bracket,Aluminium,Drilling,M6,197,1.285,0.954,61.7,2.13,2025-09-06T08:00:00,2025-09-06T08:57:12.998210354
H1184,Shaft,Steel,Drilling,M6,409,2.345,2.111,68.7,3.58,2025-07-31T21:00:00,2025-07-31T23:06:41.374391947
H1185,Gear,Steel,Turning,M4,206,1.948,1.686,58.0,2.34,2025-12-22T05:00:00,2025-12-22T06:41:10.799022225
H1186,Gear,Steel,Cutting,M1,275,3.05,2.556,62.9,2.44,2025-09-08T01:00:00,2025-09-08T03:33:20.910519640
H1187,Gear,Steel,Assembly,M7,586,7.332,6.665,63.7,3.06,2025-11-27T04:00:00,2025-11-27T10:39:54.414367385
H1188,Gear,Steel,Cutting,M2,589,6.19,6.382,64.1,1.9,2025-08-11T04:00:00,2025-08-11T10:22:55.443573315
H1189,Gear,Steel,Turning,M4,511,4.388,3.813,69.6,3.23,2025-07-16T04:00:00,2025-07-16T07:48:45.503455757
H1190,Gear,Steel,Cutting,M2,598,6.28,7.86,53.1,1.77,2025-09-14T22:00:00,2025-09-15T05:51:34.312857663
H1191,Cover,Plastic,Assembly,M7,490,6.18,3.532,42.8,2.69,2025-10-03T00:00:00,2025-10-03T03:31:56.248544690
H1192,Housing,Aluminium,Turning,M3,367,3.236,2.21,51.0,1.44,2025-10-22T02:00:00,2025-10-22T04:12:37.517954189
H1193,Bracket,Aluminium,Assembly,M7,591,7.392,5.517,66.7,2.38,2025-08-16T22:00:00,2025-08-17T03:31:01.738304733
H1194,Bracket,Aluminium,Assembly,M7,450,5.7,4.018,68.9,2.24,2025-07-31T23:00:00,2025-08-01T03:01:03.090466026
H1195,Bracket,Aluminium,Cutting,M2,417,4.47,3.403,76.6,3.1,2025-11-08T00:00:00,2025-11-08T03:24:10.886688729
H1196,Bracket,Aluminium,Cutting,M2,100,1.3,0.984,59.0,3.44,2025-09-29T22:00:00,2025-09-29T22:59:00.646835960
H1197,Cover,Plastic,Cutting,M1,506,5.36,2.953,64.1,3.37,2025-09-15T02:00:00,2025-09-15T04:57:10.317693181
H1198,Bracket,Aluminium,Cutting,M2,21,0.51,0.434,46.3,1.62,2025-10-09T04:00:00,2025-10-09T04:26:01.290104995
H1199,Gear,Steel,Cutting,M2,550,5.8,5.658,76.8,2.04,2025-12-20T05:00:00,2025-12-20T10:39:28.309736846
H1200,Bracket,Aluminium,Cutting,M1,243,2.73,1.996,73.4,1.86,2025-10-21T02:00:00,2025-10-21T03:59:44.036011849
H1201,Cover,Plastic,Cutting,M1,144,1.74,0.95,66.2,3.13,2025-12-05T07:00:00,2025-12-05T07:57:01.631773716
H1202,Bracket,Aluminium,Drilling,M6,265,1.625,1.026,74.8,3.01,2025-10-11T07:00:00,2025-10-11T08:01:34.163416282
H1203,Housing,Aluminium,Turning,M4,467,4.036,3.022,72.7,2.4,2025-09-30T21:00:00,2025-10-01T00:01:20.750278456
H1204,Shaft,Steel,Cutting,M2,562,5.92,5.868,68.7,3.27,2025-11-17T05:00:00,2025-11-17T10:52:06.192264024
H1205,Housing,Aluminium,Assembly,M7,548,6.876,4.503,54.9,1.02,2025-09-26T03:00:00,2025-09-26T07:30:10.907963819
H1206,Housing,Aluminium,Assembly,M8,33,0.696,0.531,60.9,1.07,2025-09-08T04:00:00,2025-09-08T04:31:51.820812202
H1207,Bracket,Aluminium,Drilling,M5,38,0.49,0.42,60.1,2.68,2025-10-26T06:00:00,2025-10-26T06:25:13.093467874
H1208,Shaft,Steel,Turning,M3,204,1.932,1.537,58.8,3.28,2025-07-17T07:00:00,2025-07-17T08:32:13.866293157
H1209,Gear,Steel,Drilling,M6,340,2.0,1.664,63.9,3.13,2025-12-01T06:00:00,2025-12-01T07:39:51.425258499
H1210,Housing,Aluminium,Turning,M4,236,2.188,1.668,68.0,2.84,2025-08-27T03:00:00,2025-08-27T04:40:05.289529567
H1211,Shaft,Steel,Cutting,M1,178,2.08,2.131,68.4,2.98,2025-08-22T23:00:00,2025-08-23T01:07:51.193938150
H1212,Bracket,Aluminium,Drilling,M5,133,0.965,0.937,77.4,2.84,2025-08-14T22:00:00,2025-08-14T22:56:11.930124727
H1213,Cover,Plastic,Drilling,M6,88,0.74,0.361,63.4,1.72,2025-08-17T01:00:00,2025-08-17T01:21:41.321582788
H1214,Cover,Plastic,Drilling,M5,213,1.365,0.942,77.7,2.74,2025-09-28T00:00:00,2025-09-28T00:56:32.437592298
H1215,Gear,Steel,Turning,M3,73,0.884,0.813,70.5,2.61,2025-09-20T23:00:00,2025-09-20T23:48:45.336453494
H1216,Housing,Aluminium,Assembly,M7,476,6.012,4.559,77.2,2.12,2026-01-04T05:00:00,2026-01-04T09:33:33.187432860
H1217,Housing,Aluminium,Assembly,M7,516,6.492,4.127,62.2,2.11,2025-07-23T03:00:00,2025-07-23T07:07:35.673015784
H1218,Gear,Steel,Assembly,M8,89,1.368,1.274,69.4,0.42,2025-08-07T04:00:00,2025-08-07T05:16:27.661096276
H1219,Valve,Titanium,Assembly,M8,167,2.304,3.053,63.5,2.42,2025-08-08T00:00:00,2025-08-08T03:03:10.531385967
H1220,Gear,Steel,Turning,M3,587,4.996,3.807,72.5,3.03,2025-08-16T07:00:00,2025-08-16T10:48:26.978331533
H1221,Valve,Titanium,Assembly,M7,416,5.292,8.302,57.2,1.55,2025-09-08T06:00:00,2025-09-08T14:18:05.625535046
H1222,Housing,Aluminium,Assembly,M7,462,5.844,3.762,61.6,2.46,2025-11-20T04:00:00,2025-11-20T07:45:41.913005704
H1223,Cover,Plastic,Assembly,M7,422,5.364,2.577,72.4,2.7,2025-11-01T00:00:00,2025-11-01T02:34:36.455928093
H1224,Gear,Steel,Drilling,M6,122,0.91,0.699,71.0,2.37,2025-12-25T06:00:00,2025-12-25T06:41:57.592361684
H1225,Cover,Plastic,Assembly,M7,240,3.18,1.655,61.8,3.44,2025-07-31T04:00:00,2025-07-31T05:39:18.994208383
H1226,Valve,Titanium,Turning,M3,149,1.492,2.186,71.7,2.3,2025-11-12T21:00:00,2025-11-12T23:11:11.284653488
H1227,Cover,Plastic,Cutting,M2,97,1.27,0.762,67.6,1.83,2025-08-13T02:00:00,2025-08-13T02:45:44.188841837
H1228,Housing,Aluminium,Cutting,M1,341,3.71,2.309,62.6,3.32,2025-08-31T01:00:00,2025-08-31T03:18:30.841509565
H1229,Housing,Aluminium,Turning,M4,204,1.932,1.537,64.7,3.94,2025-07-23T23:00:00,2025-07-24T00:32:13.740248526
H1230,Bracket,Aluminium,Cutting,M1,486,5.16,3.477,71.9,1.43,2025-11-01T07:00:00,2025-11-01T10:28:35.591598470
H1231,Bracket,Aluminium,Assembly,M7,370,4.74,2.982,76.0,2.39,2025-11-05T00:00:00,2025-11-05T02:58:54.777983630
H1232,Shaft,Steel,Cutting,M2,528,5.58,5.341,64.5,3.01,2025-09-06T07:00:00,2025-09-06T12:20:27.863264161
H1233,Gear,Steel,Turning,M3,314,2.812,2.628,66.8,1.87,2025-11-20T02:00:00,2025-11-20T04:37:41.052294306
H1234,Valve,Titanium,Assembly,M7,357,4.584,5.891,73.6,2.39,2025-11-09T06:00:00,2025-11-09T11:53:27.893140697
H1235,Shaft,Steel,Cutting,M2,508,5.38,5.276,74.9,3.33,2025-09-01T07:00:00,2025-09-01T12:16:33.511816582
H1236,Cover,Plastic,Drilling,M5,452,2.56,1.66,54.7,2.34,2025-08-07T01:00:00,2025-08-07T02:39:36.610625031
H1237,Valve,Titanium,Drilling,M6,39,0.495,0.537,69.3,2.4,2025-10-14T02:00:00,2025-10-14T02:32:14.982483939
H1238,Cover,Plastic,Cutting,M1,395,4.25,2.138,69.0,2.71,2025-12-13T05:00:00,2025-12-13T07:08:16.041977931
H1239,Bracket,Aluminium,Cutting,M1,211,2.41,1.873,70.9,3.15,2025-08-16T05:00:00,2025-08-16T06:52:21.884919094
H1240,Bracket,Aluminium,Cutting,M1,429,4.59,3.223,70.2,2.09,2025-10-21T07:00:00,2025-10-21T10:13:23.823854773
H1241,Valve,Titanium,Cutting,M2,242,2.72,3.819,61.7,3.9,2025-08-19T21:00:00,2025-08-20T00:49:06.992552432
H1242,Cover,Plastic,Cutting,M1,228,2.58,1.351,73.3,3.68,2025-10-06T21:00:00,2025-10-06T22:21:01.929235417
H1243,Bracket,Aluminium,Cutting,M1,378,4.08,2.648,74.0,2.42,2025-07-19T21:00:00,2025-07-19T23:38:51.653023418
H1244,Gear,Steel,Cutting,M2,258,2.88,3.278,48.5,2.24,2025-08-28T22:00:00,2025-08-29T01:16:41.041741755
H1245,Housing,Aluminium,Cutting,M2,559,5.89,4.664,56.3,2.27,2025-08-04T23:00:00,2025-08-05T03:39:49.450667694
H1246,Cover,Plastic,Drilling,M5,510,2.85,1.897,57.2,3.36,2025-11-26T08:00:00,2025-11-26T09:53:48.912979708
H1247,Shaft,Steel,Drilling,M6,191,1.255,1.092,69.5,0.86,2025-11-19T01:00:00,2025-11-19T02:05:32.568213914
H1248,Gear,Steel,Turning,M3,144,1.452,1.15,70.0,1.46,2025-07-14T06:00:00,2025-07-14T07:08:59.357852860
H1249,Valve,Titanium,Turning,M3,418,3.644,4.748,66.5,0.87,2025-08-25T21:00:00,2025-08-26T01:44:52.864650483
H1250,Gear,Steel,Turning,M4,186,1.788,1.405,66.8,2.07,2025-11-14T22:00:00,2025-11-14T23:24:17.936921588
H1251,Gear,Steel,Cutting,M2,505,5.35,5.435,68.8,3.63,2025-10-21T07:00:00,2025-10-21T12:26:06.580872779
H1252,Shaft,Steel,Drilling,M6,102,0.81,0.661,64.5,3.48,2025-10-09T07:00:00,2025-10-09T07:39:40.760918552
H1253,Gear,Steel,Assembly,M8,315,4.08,3.465,56.1,4.54,2025-10-28T01:00:00,2025-10-28T04:27:55.014436822
H1254,Shaft,Steel,Cutting,M1,324,3.54,3.102,63.5,2.35,2025-08-11T22:00:00,2025-08-12T01:06:06.713430919
H1255,Housing,Aluminium,Assembly,M7,543,6.816,4.732,69.8,2.23,2025-10-14T21:00:00,2025-10-15T01:43:56.418281839
H1256,Bracket,Aluminium,Assembly,M8,465,5.88,3.832,61.7,3.44,2025-08-06T01:00:00,2025-08-06T04:49:56.635037885
H1257,Bracket,Aluminium,Assembly,M7,345,4.44,3.016,57.8,3.65,2025-10-03T08:00:00,2025-10-03T11:00:58.997879718
H1258,Gear,Steel,Turning,M3,98,1.084,1.01,54.0,1.41,2025-07-10T02:00:00,2025-07-10T03:00:35.006616805
H1259,Gear,Steel,Assembly,M8,181,2.472,2.03,68.0,2.88,2025-10-23T02:00:00,2025-10-23T04:01:48.587960026
H1260,Shaft,Steel,Drilling,M5,507,2.835,2.967,43.0,3.02,2025-12-20T00:00:00,2025-12-20T02:58:01.125541869
H1261,Gear,Steel,Turning,M3,21,0.468,0.468,73.0,2.62,2025-11-12T05:00:00,2025-11-12T05:28:03.161619889
H1262,Housing,Aluminium,Turning,M4,133,1.364,0.979,63.5,3.42,2025-10-18T06:00:00,2025-10-18T06:58:45.579664528
H1263,Valve,Titanium,Turning,M4,244,2.252,2.857,69.4,3.45,2026-01-02T01:00:00,2026-01-02T03:51:23.828764903
H1264,Valve,Titanium,Turning,M3,347,3.076,3.315,63.2,2.51,2025-08-19T03:00:00,2025-08-19T06:18:53.907821536
H1265,Gear,Steel,Turning,M4,68,0.844,0.809,73.0,2.96,2025-09-19T22:00:00,2025-09-19T22:48:31.188699922
H1266,Cover,Plastic,Drilling,M5,560,3.1,1.949,75.0,4.19,2025-11-12T02:00:00,2025-11-12T03:56:55.535110078
H1267,Bracket,Aluminium,Assembly,M8,248,3.276,2.518,65.1,2.31,2025-08-19T21:00:00,2025-08-19T23:31:04.848906924
H1268,Gear,Steel,Drilling,M5,354,2.07,2.343,62.1,1.52,2025-12-18T01:00:00,2025-12-18T03:20:35.340689337
H1269,Gear,Steel,Cutting,M1,335,3.65,3.242,64.5,3.35,2025-12-29T07:00:00,2025-12-29T10:14:31.816590842
H1270,Bracket,Aluminium,Drilling,M6,92,0.76,0.534,70.7,2.17,2025-07-14T06:00:00,2025-07-14T06:32:02.565729470
H1271,Bracket,Aluminium,Drilling,M6,591,3.255,2.489,71.8,2.55,2025-10-03T21:00:00,2025-10-03T23:29:21.459777811
H1272,Housing,Aluminium,Assembly,M8,142,2.004,1.491,53.9,1.39,2025-08-19T07:00:00,2025-08-19T08:29:27.927563696
H1273,Housing,Aluminium,Assembly,M8,564,7.068,4.834,60.2,3.82,2025-12-10T04:00:00,2025-12-10T08:50:02.618772441
H1274,Valve,Titanium,Cutting,M1,173,2.03,3.041,81.3,2.08,2025-10-17T08:00:00,2025-10-17T11:02:26.634364560
H1275,Cover,Plastic,Drilling,M5,282,1.71,1.045,70.9,2.96,2025-10-15T00:00:00,2025-10-15T01:02:43.325352232
H1276,Gear,Steel,Drilling,M5,425,2.425,2.407,62.9,2.37,2025-12-01T01:00:00,2025-12-01T03:24:24.924531451
H1277,Bracket,Aluminium,Drilling,M6,191,1.255,1.012,65.9,2.97,2025-07-22T07:00:00,2025-07-22T08:00:42.031262499
H1278,Valve,Titanium,Assembly,M7,357,4.584,5.403,51.6,2.22,2025-10-30T04:00:00,2025-10-30T09:24:09.561216475
H1279,Cover,Plastic,Drilling,M6,432,2.46,1.127,78.9,2.07,2025-10-23T03:00:00,2025-10-23T04:07:36.181911271
H1280,Valve,Titanium,Drilling,M5,373,2.165,3.794,59.1,2.07,2026-01-01T23:00:00,2026-01-02T02:47:36.822632181
H1281,Shaft,Steel,Drilling,M6,169,1.145,0.981,69.2,3.1,2025-10-17T23:00:00,2025-10-17T23:58:50.083800931
H1282,Shaft,Steel,Cutting,M1,183,2.13,2.106,65.3,2.17,2025-08-22T01:00:00,2025-08-22T03:06:23.299907854
H1283,Housing,Aluminium,Turning,M4,168,1.644,1.056,67.5,2.18,2025-09-19T02:00:00,2025-09-19T03:03:21.436651771
H1284,Shaft,Steel,Turning,M4,352,3.116,2.527,63.4,0.75,2025-11-19T22:00:00,2025-11-20T00:31:37.260913188
H1285,Housing,Aluminium,Cutting,M2,159,1.89,1.59,57.5,2.35,2025-11-30T06:00:00,2025-11-30T07:35:22.374170148
H1286,Shaft,Steel,Cutting,M2,241,2.71,2.857,68.7,2.29,2025-07-27T06:00:00,2025-07-27T08:51:23.905530698
H1287,Gear,Steel,Turning,M4,579,4.932,4.721,60.1,3.11,2025-12-01T08:00:00,2025-12-01T12:43:15.738337453
H1288,Cover,Plastic,Assembly,M8,382,4.884,2.624,58.2,2.79,2025-08-07T05:00:00,2025-08-07T07:37:25.687696174
H1289,Cover,Plastic,Assembly,M8,315,4.08,2.058,62.1,2.61,2025-07-15T04:00:00,2025-07-15T06:03:27.362517581
H1290,Valve,Titanium,Turning,M3,381,3.348,5.141,60.3,2.1,2025-12-27T07:00:00,2025-12-27T12:08:28.676774485
H1291,Housing,Aluminium,Assembly,M8,544,6.828,5.406,67.7,3.49,2025-07-20T06:00:00,2025-07-20T11:24:21.466919505
H1292,Shaft,Steel,Cutting,M1,588,6.18,5.436,65.8,1.86,2025-07-11T04:00:00,2025-07-11T09:26:10.294650874
H1293,Valve,Titanium,Turning,M4,214,2.012,2.587,66.2,1.52,2025-12-10T21:00:00,2025-12-10T23:35:12.701553085
H1294,Valve,Titanium,Drilling,M6,372,2.16,3.161,77.5,1.88,2025-12-06T02:00:00,2025-12-06T05:09:40.988095813
H1295,Gear,Steel,Turning,M4,490,4.22,4.176,57.6,2.99,2025-12-15T21:00:00,2025-12-16T01:10:32.092254242
H1296,Shaft,Steel,Cutting,M1,99,1.29,1.203,69.2,2.74,2025-10-18T01:00:00,2025-10-18T02:12:09.949355235
H1297,Gear,Steel,Cutting,M2,141,1.71,1.748,63.9,1.39,2026-01-03T07:00:00,2026-01-03T08:44:53.789650122
H1298,Cover,Plastic,Assembly,M7,321,4.152,2.142,71.1,0.85,2025-12-29T21:00:00,2025-12-29T23:08:32.169929306
H1299,Shaft,Steel,Drilling,M5,231,1.455,1.745,73.8,3.3,2025-08-16T08:00:00,2025-08-16T09:44:42.245144620
H1300,Bracket,Aluminium,Drilling,M5,50,0.55,0.475,62.5,2.59,2025-09-17T22:00:00,2025-09-17T22:28:31.203687986
H1301,Gear,Steel,Drilling,M6,136,0.98,0.912,61.7,1.74,2025-12-28T07:00:00,2025-12-28T07:54:43.584706304
H1302,Valve,Titanium,Assembly,M7,564,7.068,9.959,68.4,1.63,2025-07-13T06:00:00,2025-07-13T15:57:31.048418515
H1303,Housing,Aluminium,Assembly,M8,222,2.964,2.49,53.9,2.66,2025-08-29T00:00:00,2025-08-29T02:29:24.630661486
H1304,Cover,Plastic,Cutting,M2,235,2.65,1.566,69.9,4.48,2025-08-16T05:00:00,2025-08-16T06:33:58.394448072
H1305,Housing,Aluminium,Turning,M3,364,3.212,2.428,63.4,2.45,2025-09-13T06:00:00,2025-09-13T08:25:39.048406177
H1306,Gear,Steel,Turning,M3,550,4.7,4.753,74.7,5.72,2025-08-24T08:00:00,2025-08-24T12:45:12.368667887
H1307,Bracket,Aluminium,Assembly,M8,260,3.42,2.418,63.3,2.07,2025-12-16T04:00:00,2025-12-16T06:25:05.256039715
H1308,Cover,Plastic,Assembly,M7,248,3.276,1.778,55.3,3.57,2025-08-08T07:00:00,2025-08-08T08:46:40.849257094
H1309,Bracket,Aluminium,Assembly,M7,407,5.184,3.67,45.6,1.84,2025-11-12T05:00:00,2025-11-12T08:40:13.013920618
H1310,Shaft,Steel,Cutting,M1,198,2.28,2.133,70.8,2.13,2025-12-18T22:00:00,2025-12-19T00:07:58.383615181
H1311,Valve,Titanium,Turning,M4,268,2.444,3.246,67.0,3.24,2025-08-17T21:00:00,2025-08-18T00:14:45.671516378
H1312,Bracket,Aluminium,Assembly,M8,144,2.028,1.595,75.0,3.56,2025-08-19T03:00:00,2025-08-19T04:35:40.291420072
H1313,Shaft,Steel,Cutting,M1,391,4.21,3.958,54.6,1.73,2025-11-15T00:00:00,2025-11-15T03:57:28.427520257
H1314,Shaft,Steel,Drilling,M5,83,0.715,0.868,68.6,3.71,2025-11-27T02:00:00,2025-11-27T02:52:06.269054330
H1315,Bracket,Aluminium,Assembly,M8,225,3.0,2.117,54.7,2.4,2025-08-24T07:00:00,2025-08-24T09:07:02.209807445
H1316,Shaft,Steel,Cutting,M1,49,0.79,0.665,68.1,2.36,2025-08-25T06:00:00,2025-08-25T06:39:54.140802727
H1317,Housing,Aluminium,Turning,M4,481,4.148,3.053,63.5,1.11,2025-08-14T06:00:00,2025-08-14T09:03:10.909669025
H1318,Valve,Titanium,Assembly,M7,301,3.912,6.253,55.8,3.07,2025-08-03T07:00:00,2025-08-03T13:15:11.070235639
H1319,Shaft,Steel,Drilling,M6,213,1.365,1.086,54.1,2.17,2025-11-17T06:00:00,2025-11-17T07:05:08.583015796
H1320,Cover,Plastic,Drilling,M5,388,2.24,1.446,68.9,1.51,2025-10-21T04:00:00,2025-10-21T05:26:46.136132484
H1321,Bracket,Aluminium,Drilling,M6,308,1.84,1.279,66.9,1.21,2025-09-20T06:00:00,2025-09-20T07:16:44.605819039
H1322,Bracket,Aluminium,Drilling,M5,584,3.22,3.198,79.1,1.64,2025-12-21T00:00:00,2025-12-21T03:11:53.067657571
H1323,Gear,Steel,Turning,M3,279,2.532,2.405,69.5,2.05,2025-09-07T02:00:00,2025-09-07T04:24:19.532951123
H1324,Valve,Titanium,Assembly,M8,589,7.368,10.073,56.7,2.54,2025-09-05T01:00:00,2025-09-05T11:04:22.152136881
H1325,Housing,Aluminium,Assembly,M8,560,7.02,4.638,75.2,2.22,2025-08-02T22:00:00,2025-08-03T02:38:16.175487105
H1326,Valve,Titanium,Drilling,M6,417,2.385,3.152,65.0,2.38,2025-11-12T07:00:00,2025-11-12T10:09:07.402377345
H1327,Shaft,Steel,Drilling,M6,567,3.135,2.817,56.2,1.62,2025-11-24T05:00:00,2025-11-24T07:49:00.630694740
H1328,Gear,Steel,Assembly,M8,400,5.1,4.987,57.8,3.92,2025-10-01T23:00:00,2025-10-02T03:59:11.871748393
H1329,Housing,Aluminium,Cutting,M2,579,6.09,5.051,59.6,2.58,2025-10-15T22:00:00,2025-10-16T03:03:05.359291184
H1330,Bracket,Aluminium,Drilling,M6,462,2.61,1.696,63.7,2.26,2025-10-22T21:00:00,2025-10-22T22:41:44.865148035
H1331,Shaft,Steel,Cutting,M2,463,4.93,5.09,55.6,1.7,2025-07-22T22:00:00,2025-07-23T03:05:23.481474198
H1332,Valve,Titanium,Cutting,M1,271,3.01,4.476,66.8,1.59,2025-07-15T07:00:00,2025-07-15T11:28:34.601711086
H1333,Shaft,Steel,Drilling,M6,134,0.97,0.815,60.8,3.55,2025-09-29T01:00:00,2025-09-29T01:48:54.942554129
H1334,Valve,Titanium,Drilling,M5,553,3.065,4.614,66.5,2.72,2025-11-25T01:00:00,2025-11-25T05:36:49.147350216
H1335,Housing,Aluminium,Turning,M3,246,2.268,1.756,65.3,2.71,2025-11-11T03:00:00,2025-11-11T04:45:21.232441363
H1336,Shaft,Steel,Drilling,M6,261,1.605,1.681,68.8,2.87,2025-10-04T23:00:00,2025-10-05T00:40:52.010144663
H1337,Bracket,Aluminium,Drilling,M5,182,1.21,1.164,57.1,2.25,2025-09-23T23:00:00,2025-09-24T00:09:52.095964174
H1338,Valve,Titanium,Drilling,M5,468,2.64,4.769,62.0,2.36,2025-11-12T23:00:00,2025-11-13T03:46:06.662533791
H1339,Gear,Steel,Drilling,M5,140,1.0,1.119,59.8,2.88,2025-07-28T01:00:00,2025-07-28T02:07:08.563889857
H1340,Housing,Aluminium,Turning,M3,112,1.196,0.827,69.9,1.8,2025-07-24T08:00:00,2025-07-24T08:49:37.793061816
H1341,Cover,Plastic,Assembly,M8,113,1.656,0.934,73.9,2.02,2025-11-14T02:00:00,2025-11-14T02:56:03.804254199
H1342,Housing,Aluminium,Cutting,M1,568,5.98,4.102,53.7,3.0,2025-08-18T02:00:00,2025-08-18T06:06:06.794518392
H1343,Shaft,Steel,Drilling,M6,248,1.54,1.245,72.4,1.85,2025-07-10T02:00:00,2025-07-10T03:14:40.817998321
H1344,Gear,Steel,Cutting,M1,378,4.08,4.023,81.1,2.92,2025-11-01T07:00:00,2025-11-01T11:01:23.169415238
H1345,Gear,Steel,Assembly,M7,496,6.252,5.485,60.5,2.94,2025-10-20T08:00:00,2025-10-20T13:29:07.017891147
H1346,Cover,Plastic,Cutting,M2,560,5.9,4.399,55.5,4.3,2025-11-20T21:00:00,2025-11-21T01:23:55.477398543
H1347,Valve,Titanium,Cutting,M1,169,1.99,2.394,74.3,2.42,2025-07-14T21:00:00,2025-07-14T23:23:40.167836021
H1348,Cover,Plastic,Drilling,M6,312,1.86,0.811,55.2,2.03,2025-08-25T01:00:00,2025-08-25T01:48:38.412358308
H1349,Bracket,Aluminium,Drilling,M5,396,2.28,2.113,58.3,1.36,2025-08-14T07:00:00,2025-08-14T09:06:45.468409227
H1350,Bracket,Aluminium,Assembly,M8,447,5.664,3.367,58.9,0.59,2025-07-17T22:00:00,2025-07-18T01:22:01.191485924
H1351,Shaft,Steel,Cutting,M2,260,2.9,3.11,58.4,2.26,2025-08-09T00:00:00,2025-08-09T03:06:35.708314413
H1352,Shaft,Steel,Drilling,M5,384,2.22,2.583,60.4,2.08,2025-10-17T21:00:00,2025-10-17T23:34:57.449196496
H1353,Shaft,Steel,Turning,M4,33,0.564,0.52,66.0,3.61,2025-10-15T01:00:00,2025-10-15T01:31:11.332889594
H1354,Gear,Steel,Turning,M3,329,2.932,2.247,65.2,4.04,2025-10-10T07:00:00,2025-10-10T09:14:50.939382306
H1355,Shaft,Steel,Turning,M4,301,2.708,2.521,63.3,2.77,2025-10-27T22:00:00,2025-10-28T00:31:16.849749883
H1356,Bracket,Aluminium,Drilling,M5,64,0.62,0.554,62.1,1.91,2025-09-09T03:00:00,2025-09-09T03:33:12.778725593
H1357,Gear,Steel,Turning,M4,331,2.948,2.468,59.6,2.9,2025-10-14T01:00:00,2025-10-14T03:28:05.190138400
H1358,Housing,Aluminium,Turning,M4,148,1.484,1.105,61.9,3.01,2025-12-02T00:00:00,2025-12-02T01:06:18.419185419
H1359,Valve,Titanium,Drilling,M6,60,0.6,0.816,73.1,2.43,2025-10-28T00:00:00,2025-10-28T00:48:55.823219685
H1360,Cover,Plastic,Cutting,M2,441,4.71,3.049,70.2,2.26,2025-09-11T00:00:00,2025-09-11T03:02:55.673939456
H1361,Valve,Titanium,Turning,M4,48,0.684,0.959,67.3,2.2,2025-08-08T22:00:00,2025-08-08T22:57:32.222080770
H1362,Shaft,Steel,Turning,M3,319,2.852,2.847,65.4,2.6,2025-12-23T03:00:00,2025-12-23T05:50:47.822727525
H1363,Housing,Aluminium,Cutting,M2,247,2.77,2.272,59.4,2.36,2025-10-03T21:00:00,2025-10-03T23:16:17.524180253
H1364,Shaft,Steel,Cutting,M1,205,2.35,1.961,72.8,2.43,2025-12-12T06:00:00,2025-12-12T07:57:38.705423681
H1365,Bracket,Aluminium,Drilling,M5,394,2.27,2.321,70.7,3.11,2025-10-22T07:00:00,2025-10-22T09:19:17.396163570
H1366,Shaft,Steel,Turning,M3,140,1.42,1.153,73.5,2.09,2025-08-07T03:00:00,2025-08-07T04:09:11.465044939
H1367,Shaft,Steel,Cutting,M1,181,2.11,1.73,70.9,2.05,2025-10-09T01:00:00,2025-10-09T02:43:46.325347375
H1368,Bracket,Aluminium,Drilling,M5,419,2.395,2.305,54.3,2.3,2025-12-29T04:00:00,2025-12-29T06:18:19.564535334
H1369,Housing,Aluminium,Assembly,M7,125,1.8,1.328,65.1,2.95,2025-11-25T00:00:00,2025-11-25T01:19:41.060027335
H1370,Valve,Titanium,Assembly,M8,422,5.364,7.237,66.6,1.19,2025-11-09T22:00:00,2025-11-10T05:14:13.374868816
H1371,Bracket,Aluminium,Cutting,M2,93,1.23,0.999,63.2,2.58,2025-12-19T23:00:00,2025-12-19T23:59:57.879469940
H1372,Valve,Titanium,Drilling,M6,209,1.345,1.607,64.1,2.22,2025-09-22T03:00:00,2025-09-22T04:36:25.212083213
H1373,Shaft,Steel,Cutting,M1,227,2.57,2.223,68.7,3.05,2025-11-26T02:00:00,2025-11-26T04:13:24.063838999
H1374,Bracket,Aluminium,Cutting,M2,219,2.49,2.061,76.9,3.14,2025-09-25T08:00:00,2025-09-25T10:03:41.088729970
H1375,Housing,Aluminium,Cutting,M1,223,2.53,1.765,56.0,2.54,2025-12-19T00:00:00,2025-12-19T01:45:55.506043534
H1376,Bracket,Aluminium,Cutting,M2,35,0.65,0.507,55.6,2.2,2025-07-11T08:00:00,2025-07-11T08:30:24.545907011
H1377,Bracket,Aluminium,Assembly,M7,305,3.96,2.85,49.1,2.5,2025-10-17T21:00:00,2025-10-17T23:51:01.466972097
H1378,Cover,Plastic,Assembly,M8,228,3.036,1.825,64.9,2.15,2026-01-01T02:00:00,2026-01-01T03:49:30.021867500
H1379,Housing,Aluminium,Turning,M4,298,2.684,2.074,63.4,2.94,2025-08-23T04:00:00,2025-08-23T06:04:27.987647995
H1380,Gear,Steel,Assembly,M8,390,4.98,4.523,65.8,2.04,2025-08-27T00:00:00,2025-08-27T04:31:24.074537913
H1381,Cover,Plastic,Drilling,M6,252,1.56,0.776,71.8,1.8,2025-08-16T02:00:00,2025-08-16T02:46:33.678454853
H1382,Housing,Aluminium,Assembly,M7,260,3.42,2.554,61.1,4.25,2025-07-31T06:00:00,2025-07-31T08:33:13.303647226
H1383,Shaft,Steel,Cutting,M1,116,1.46,1.464,62.6,3.25,2026-01-02T07:00:00,2026-01-02T08:27:51.190443930
H1384,Valve,Titanium,Turning,M3,406,3.548,5.017,64.0,2.11,2025-07-23T21:00:00,2025-07-24T02:01:01.533358423
H1385,Gear,Steel,Drilling,M6,65,0.625,0.53,55.3,1.78,2025-10-07T23:00:00,2025-10-07T23:31:49.631187118
H1386,Gear,Steel,Drilling,M5,124,0.92,0.893,56.5,2.86,2026-01-02T06:00:00,2026-01-02T06:53:35.473008256
H1387,Shaft,Steel,Turning,M3,111,1.188,1.178,50.6,2.53,2025-12-11T06:00:00,2025-12-11T07:10:40.177134123
H1388,Shaft,Steel,Turning,M3,402,3.516,3.03,57.1,1.55,2025-11-23T22:00:00,2025-11-24T01:01:47.147263076
H1389,Shaft,Steel,Cutting,M2,451,4.81,4.54,70.6,0.71,2025-09-22T01:00:00,2025-09-22T05:32:25.507347670
H1390,Shaft,Steel,Cutting,M1,257,2.87,2.567,63.9,2.36,2025-07-14T06:00:00,2025-07-14T08:34:01.551374243
H1391,Bracket,Aluminium,Assembly,M7,338,4.356,2.99,68.2,3.16,2025-07-21T22:00:00,2025-07-22T00:59:25.527115132
H1392,Cover,Plastic,Assembly,M7,595,7.44,4.023,79.4,1.43,2025-11-02T05:00:00,2025-11-02T09:01:24.463286232
H1393,Housing,Aluminium,Assembly,M8,479,6.048,4.315,61.0,2.2,2025-12-20T04:00:00,2025-12-20T08:18:52.716244607
H1394,Valve,Titanium,Drilling,M6,447,2.535,3.472,65.5,2.51,2025-10-02T21:00:00,2025-10-03T00:28:19.951787276
H1395,Housing,Aluminium,Cutting,M2,571,6.01,4.608,56.2,3.11,2025-09-24T02:00:00,2025-09-24T06:36:30.452395156
H1396,Cover,Plastic,Drilling,M5,67,0.635,0.416,66.4,3.7,2025-09-24T00:00:00,2025-09-24T00:24:58.721904005
H1397,Gear,Steel,Cutting,M1,99,1.29,1.176,66.7,3.03,2026-01-01T01:00:00,2026-01-01T02:10:34.147657958
H1398,Valve,Titanium,Assembly,M7,363,4.656,6.49,60.3,1.03,2025-12-01T07:00:00,2025-12-01T13:29:23.443195380
H1399,Shaft,Steel,Cutting,M2,366,3.96,3.928,61.3,2.28,2026-01-01T21:00:00,2026-01-02T00:55:42.271757990
H1400,Cover,Plastic,Cutting,M1,139,1.69,0.827,55.4,2.61,2025-10-25T01:00:00,2025-10-25T01:49:37.707845750
H1401,Gear,Steel,Cutting,M2,294,3.24,3.289,62.1,2.73,2025-10-07T01:00:00,2025-10-07T04:17:20.867635566
H1402,Valve,Titanium,Drilling,M5,527,2.935,5.214,64.2,2.31,2025-08-12T05:00:00,2025-08-12T10:12:52.107291339
H1403,Cover,Plastic,Assembly,M7,420,5.34,3.197,65.6,3.71,2025-08-14T01:00:00,2025-08-14T04:11:49.039477517
H1404,Gear,Steel,Cutting,M1,309,3.39,2.718,70.2,2.24,2025-08-08T23:00:00,2025-08-09T01:43:05.385056974
H1405,Housing,Aluminium,Cutting,M1,474,5.04,4.427,76.2,2.48,2025-11-30T04:00:00,2025-11-30T08:25:37.813535577
H1406,Housing,Aluminium,Cutting,M2,158,1.88,1.394,62.0,2.97,2025-12-20T06:00:00,2025-12-20T07:23:39.257824112
H1407,Bracket,Aluminium,Assembly,M7,474,5.988,4.725,71.5,3.01,2025-07-25T04:00:00,2025-07-25T08:43:31.359575211
H1408,Gear,Steel,Assembly,M8,276,3.612,3.199,53.9,1.53,2025-11-18T01:00:00,2025-11-18T04:11:55.739867475
H1409,Valve,Titanium,Turning,M4,270,2.46,3.258,63.3,2.96,2025-11-29T22:00:00,2025-11-30T01:15:30.268858665
H1410,Cover,Plastic,Assembly,M7,257,3.384,1.739,74.4,2.57,2025-09-04T03:00:00,2025-09-04T04:44:19.960915329
H1411,Housing,Aluminium,Turning,M3,454,3.932,2.487,76.2,2.54,2025-08-01T01:00:00,2025-08-01T03:29:12.230214234
H1412,Cover,Plastic,Cutting,M1,101,1.31,0.789,72.6,3.06,2025-07-20T06:00:00,2025-07-20T06:47:20.716250030
H1413,Cover,Plastic,Cutting,M2,273,3.03,1.862,70.3,2.48,2025-11-17T23:00:00,2025-11-18T00:51:42.451857416
H1414,Cover,Plastic,Assembly,M7,423,5.376,2.826,71.3,3.69,2025-10-18T07:00:00,2025-10-18T09:49:34.696448891
H1415,Shaft,Steel,Cutting,M1,310,3.4,2.852,52.8,1.46,2025-08-28T04:00:00,2025-08-28T06:51:06.662912903
H1416,Shaft,Steel,Drilling,M6,397,2.285,1.659,64.8,0.75,2025-07-13T04:00:00,2025-07-13T05:39:34.120523614
H1417,Shaft,Steel,Drilling,M5,343,2.015,2.317,71.9,2.12,2025-10-22T05:00:00,2025-10-22T07:19:02.959761854
H1418,Valve,Titanium,Assembly,M8,329,4.248,6.309,76.3,2.54,2025-08-06T08:00:00,2025-08-06T14:18:34.138874082
H1419,Gear,Steel,Turning,M4,65,0.82,0.722,68.5,2.61,2025-11-13T01:00:00,2025-11-13T01:43:20.925158526
H1420,Valve,Titanium,Drilling,M6,350,2.05,2.259,63.4,1.3,2025-07-14T00:00:00,2025-07-14T02:15:33.013676572
H1421,Housing,Aluminium,Cutting,M2,586,6.16,4.903,67.4,2.61,2025-07-25T06:00:00,2025-07-25T10:54:09.198720917
H1422,Valve,Titanium,Cutting,M2,231,2.61,4.464,62.4,2.84,2025-11-13T03:00:00,2025-11-13T07:27:50.283156148
H1423,Gear,Steel,Assembly,M8,392,5.004,4.905,52.5,3.72,2025-10-08T08:00:00,2025-10-08T12:54:18.763183732
H1424,Housing,Aluminium,Cutting,M2,429,4.59,3.929,74.7,3.43,2025-09-09T08:00:00,2025-09-09T11:55:43.745946670
H1425,Valve,Titanium,Turning,M4,416,3.628,5.466,63.5,2.22,2025-12-07T22:00:00,2025-12-08T03:27:59.310415486
H1426,Shaft,Steel,Turning,M3,247,2.276,1.898,67.8,2.89,2025-11-18T21:00:00,2025-11-18T22:53:53.261673467
H1427,Housing,Aluminium,Assembly,M7,301,3.912,2.875,79.1,2.14,2025-12-29T23:00:00,2025-12-30T01:52:30.939917524
H1428,Cover,Plastic,Cutting,M2,65,0.95,0.56,71.0,2.84,2025-12-18T22:00:00,2025-12-18T22:33:34.906626634
H1429,Shaft,Steel,Turning,M3,187,1.796,1.357,66.6,3.06,2025-11-13T08:00:00,2025-11-13T09:21:23.873158753
H1430,Cover,Plastic,Cutting,M1,100,1.3,0.647,55.7,3.64,2026-01-04T08:00:00,2026-01-04T08:38:49.699304173
H1431,Bracket,Aluminium,Cutting,M1,257,2.87,1.748,53.0,2.92,2025-10-27T02:00:00,2025-10-27T03:44:53.099487274
H1432,Gear,Steel,Assembly,M8,476,6.012,5.429,75.4,3.38,2025-11-28T21:00:00,2025-11-29T02:25:42.727644355
H1433,Shaft,Steel,Cutting,M1,504,5.34,4.42,74.9,2.87,2025-12-02T23:00:00,2025-12-03T03:25:10.265879843
H1434,Shaft,Steel,Cutting,M1,369,3.99,3.468,55.8,3.25,2025-12-10T04:00:00,2025-12-10T07:28:04.601361029
H1435,Housing,Aluminium,Cutting,M1,206,2.36,1.986,61.9,1.58,2025-09-25T07:00:00,2025-09-25T08:59:08.594421586
H1436,Bracket,Aluminium,Assembly,M7,419,5.328,4.273,60.8,2.09,2025-09-23T04:00:00,2025-09-23T08:16:21.150003072
H1437,Cover,Plastic,Cutting,M2,140,1.7,1.042,64.0,1.67,2025-09-18T23:00:00,2025-09-19T00:02:29.701213228
H1438,Gear,Steel,Drilling,M6,266,1.63,1.263,61.0,2.44,2025-12-21T06:00:00,2025-12-21T07:15:46.306841599
H1439,Valve,Titanium,Drilling,M6,287,1.735,2.517,63.7,2.06,2025-10-29T05:00:00,2025-10-29T07:31:02.330431556
H1440,Cover,Plastic,Drilling,M5,298,1.79,1.281,55.1,3.07,2025-11-05T06:00:00,2025-11-05T07:16:53.071522800
H1441,Housing,Aluminium,Turning,M3,490,4.22,3.475,64.1,1.81,2025-08-25T03:00:00,2025-08-25T06:28:31.676308040
H1442,Valve,Titanium,Turning,M3,271,2.468,3.599,78.0,2.65,2025-07-10T01:00:00,2025-07-10T04:35:55.075575090
H1443,Valve,Titanium,Assembly,M8,373,4.776,5.752,71.2,1.26,2025-12-09T22:00:00,2025-12-10T03:45:07.998252457
H1444,Bracket,Aluminium,Assembly,M8,169,2.328,1.62,69.6,2.93,2025-12-29T07:00:00,2025-12-29T08:37:11.930295367
H1445,Gear,Steel,Drilling,M5,263,1.615,1.686,72.2,2.75,2025-12-16T03:00:00,2025-12-16T04:41:09.001640840
H1446,Valve,Titanium,Drilling,M6,203,1.315,1.78,62.6,1.95,2025-09-01T06:00:00,2025-09-01T07:46:46.991489766
H1447,Gear,Steel,Drilling,M6,48,0.54,0.415,77.9,3.34,2025-12-25T04:00:00,2025-12-25T04:24:52.741174171
H1448,Shaft,Steel,Cutting,M1,220,2.5,2.442,44.8,2.44,2025-08-27T03:00:00,2025-08-27T05:26:30.660444549
H1449,Gear,Steel,Assembly,M8,287,3.744,3.205,47.2,2.21,2025-12-27T05:00:00,2025-12-27T08:12:16.246149410
H1450,Cover,Plastic,Assembly,M7,413,5.256,2.949,54.2,3.19,2025-07-21T01:00:00,2025-07-21T03:56:58.097239383
H1451,Bracket,Aluminium,Cutting,M2,114,1.44,1.053,73.3,2.36,2025-10-22T08:00:00,2025-10-22T09:03:11.447728859
H1452,Shaft,Steel,Cutting,M1,543,5.73,5.712,52.6,4.01,2025-09-22T23:00:00,2025-09-23T04:42:42.373704886
H1453,Bracket,Aluminium,Cutting,M1,267,2.97,1.907,56.0,2.76,2025-11-24T23:00:00,2025-11-25T00:54:25.885144254
H1454,Gear,Steel,Assembly,M7,452,5.724,5.366,78.2,2.55,2025-09-17T03:00:00,2025-09-17T08:21:57.406160127
H1455,Gear,Steel,Turning,M4,321,2.868,2.675,66.6,0.78,2025-10-26T02:00:00,2025-10-26T04:40:30.567026094
H1456,Shaft,Steel,Cutting,M1,190,2.2,1.799,47.1,1.7,2025-08-24T03:00:00,2025-08-24T04:47:57.258289833
H1457,Shaft,Steel,Turning,M3,36,0.588,0.563,76.4,2.51,2025-11-20T06:00:00,2025-11-20T06:33:48.205767694
H1458,Shaft,Steel,Drilling,M5,568,3.14,3.263,65.8,2.58,2025-12-15T08:00:00,2025-12-15T11:15:46.294047679
H1459,Valve,Titanium,Drilling,M6,589,3.245,4.149,86.8,2.89,2025-12-10T21:00:00,2025-12-11T01:08:57.705056058
H1460,Cover,Plastic,Cutting,M1,213,2.43,1.372,56.8,2.2,2025-07-26T21:00:00,2025-07-26T22:22:18.673988107
H1461,Gear,Steel,Assembly,M8,473,5.976,5.051,65.6,2.0,2025-08-15T01:00:00,2025-08-15T06:03:04.364370181
H1462,Valve,Titanium,Assembly,M8,87,1.344,1.658,68.5,3.42,2025-12-15T23:00:00,2025-12-16T00:39:29.583622785
H1463,Housing,Aluminium,Assembly,M7,191,2.592,2.249,70.5,2.54,2025-12-02T01:00:00,2025-12-02T03:14:57.115195361
H1464,Bracket,Aluminium,Drilling,M6,231,1.455,1.131,79.1,1.35,2026-01-03T04:00:00,2026-01-03T05:07:52.452041089
H1465,Housing,Aluminium,Assembly,M8,471,5.952,4.123,74.9,1.58,2025-11-28T22:00:00,2025-11-29T02:07:23.653961403
H1466,Shaft,Steel,Turning,M4,269,2.452,2.312,92.5,2.84,2025-11-25T22:00:00,2025-11-26T00:18:42.610650186
H1467,Bracket,Aluminium,Cutting,M1,434,4.64,3.194,68.7,2.86,2025-11-10T22:00:00,2025-11-11T01:11:37.418348322
H1468,Shaft,Steel,Cutting,M2,458,4.88,5.442,70.1,3.21,2026-01-01T08:00:00,2026-01-01T13:26:32.057800938
H1469,Valve,Titanium,Assembly,M7,46,0.852,1.309,72.3,3.22,2025-11-24T21:00:00,2025-11-24T22:18:30.982413908
H1470,Bracket,Aluminium,Drilling,M5,122,0.91,0.9,43.8,2.89,2025-12-23T02:00:00,2025-12-23T02:54:01.698238529
H1471,Cover,Plastic,Drilling,M5,66,0.63,0.407,60.8,2.11,2025-12-20T08:00:00,2025-12-20T08:24:24.155801479
H1472,Shaft,Steel,Cutting,M2,247,2.77,2.961,80.0,2.18,2025-10-05T07:00:00,2025-10-05T09:57:40.093448549
H1473,Shaft,Steel,Drilling,M6,233,1.465,1.249,52.4,1.53,2025-08-17T03:00:00,2025-08-17T04:14:57.544258972
H1474,Housing,Aluminium,Assembly,M8,558,6.996,5.398,54.1,2.29,2025-09-06T02:00:00,2025-09-06T07:23:53.002452327
H1475,Gear,Steel,Turning,M4,351,3.108,2.888,68.7,1.89,2025-08-13T04:00:00,2025-08-13T06:53:16.287846499
H1476,Cover,Plastic,Assembly,M7,75,1.2,0.637,54.1,2.64,2025-11-06T00:00:00,2025-11-06T00:38:12.619917839
H1477,Cover,Plastic,Drilling,M6,327,1.935,0.917,62.6,3.25,2025-08-01T01:00:00,2025-08-01T01:54:59.562534440
H1478,Gear,Steel,Drilling,M5,47,0.535,0.628,64.4,1.84,2025-12-05T23:00:00,2025-12-05T23:37:39.399438903
H1479,Bracket,Aluminium,Drilling,M6,337,1.985,1.276,56.8,2.83,2025-08-06T08:00:00,2025-08-06T09:16:34.656939770
H1480,Housing,Aluminium,Assembly,M7,136,1.932,1.33,65.7,1.85,2025-11-10T22:00:00,2025-11-10T23:19:49.251976417
H1481,Cover,Plastic,Assembly,M8,33,0.696,0.341,61.9,2.42,2025-09-04T00:00:00,2025-09-04T00:20:27.208855940
H1482,Shaft,Steel,Drilling,M5,200,1.3,1.611,50.7,2.8,2025-08-17T08:00:00,2025-08-17T09:36:39.583557984
H1483,Valve,Titanium,Turning,M3,279,2.532,3.328,65.6,2.7,2025-12-29T05:00:00,2025-12-29T08:19:40.868865218
H1484,Bracket,Aluminium,Assembly,M7,493,6.216,4.48,68.8,2.66,2025-07-13T07:00:00,2025-07-13T11:28:46.561795264
H1485,Gear,Steel,Drilling,M5,581,3.205,4.066,59.1,3.39,2026-01-01T06:00:00,2026-01-01T10:03:59.108193590
H1486,Gear,Steel,Turning,M3,119,1.252,1.192,58.0,2.2,2025-10-12T21:00:00,2025-10-12T22:11:31.065885566
H1487,Gear,Steel,Turning,M4,318,2.844,3.151,66.6,2.09,2025-07-14T08:00:00,2025-07-14T11:09:02.895933614
H1488,Bracket,Aluminium,Drilling,M5,510,2.85,2.288,62.1,3.31,2025-11-29T00:00:00,2025-11-29T02:17:17.199887238
H1489,Bracket,Aluminium,Drilling,M6,520,2.9,2.04,58.8,1.79,2025-09-13T01:00:00,2025-09-13T03:02:24.439075107
H1490,Bracket,Aluminium,Drilling,M6,289,1.745,1.057,60.6,0.93,2025-08-30T07:00:00,2025-08-30T08:03:25.718438563
H1491,Bracket,Aluminium,Assembly,M8,394,5.028,4.336,53.9,3.81,2025-09-16T21:00:00,2025-09-17T01:20:09.394710789
H1492,Bracket,Aluminium,Assembly,M8,345,4.44,3.067,67.1,1.73,2025-10-18T21:00:00,2025-10-19T00:03:59.522517678
H1493,Gear,Steel,Cutting,M1,39,0.69,0.48,57.5,3.42,2025-07-17T23:00:00,2025-07-17T23:28:49.636208157
H1494,Housing,Aluminium,Cutting,M1,275,3.05,1.988,71.9,3.46,2025-08-30T06:00:00,2025-08-30T07:59:15.595665115
H1495,Valve,Titanium,Drilling,M6,283,1.715,2.092,66.2,2.1,2025-09-29T23:00:00,2025-09-30T01:05:31.614084485
H1496,Shaft,Steel,Turning,M4,122,1.276,1.062,63.1,1.88,2025-10-25T05:00:00,2025-10-25T06:03:43.944081248
H1497,Bracket,Aluminium,Assembly,M7,183,2.496,2.088,68.5,2.6,2025-10-29T04:00:00,2025-10-29T06:05:16.485248094
H1498,Shaft,Steel,Drilling,M5,165,1.125,1.272,71.5,3.07,2025-12-24T07:00:00,2025-12-24T08:16:19.607522813
H1499,Housing,Aluminium,Cutting,M1,123,1.53,1.095,50.0,3.12,2025-11-04T08:00:00,2025-11-04T09:05:41.308128643
H1500,Gear,Steel,Turning,M3,111,1.188,1.235,75.4,5.09,2025-08-09T01:00:00,2025-08-09T02:14:05.085682326
H1501,Cover,Plastic,Drilling,M6,150,1.05,0.527,57.6,1.49,2025-08-16T08:00:00,2025-08-16T08:31:36.258253916
H1502,Cover,Plastic,Drilling,M5,585,3.225,2.463,69.6,2.53,2025-07-12T00:00:00,2025-07-12T02:27:45.580619559
H1503,Cover,Plastic,Assembly,M8,227,3.024,1.466,48.8,2.45,2025-07-14T05:00:00,2025-07-14T06:27:58.882000824
H1504,Cover,Plastic,Drilling,M5,316,1.88,1.25,58.3,2.85,2025-10-19T21:00:00,2025-10-19T22:14:58.870660141
H1505,Gear,Steel,Assembly,M7,362,4.644,3.746,51.5,2.36,2025-09-17T07:00:00,2025-09-17T10:44:45.902199468
H1506,Valve,Titanium,Assembly,M7,143,2.016,2.758,76.3,2.63,2025-11-27T06:00:00,2025-11-27T08:45:29.959035694
H1507,Cover,Plastic,Drilling,M6,382,2.21,0.974,59.5,2.66,2025-12-20T08:00:00,2025-12-20T08:58:26.171122107
H1508,Gear,Steel,Drilling,M5,273,1.665,1.776,65.0,3.34,2025-10-01T21:00:00,2025-10-01T22:46:32.447610682
H1509,Valve,Titanium,Assembly,M7,229,3.048,3.882,68.1,2.45,2025-08-06T01:00:00,2025-08-06T04:52:54.390025732
H1510,Cover,Plastic,Cutting,M2,316,3.46,2.088,61.7,1.46,2025-12-29T08:00:00,2025-12-29T10:05:18.435296496
H1511,Housing,Aluminium,Assembly,M7,172,2.364,1.624,70.9,2.65,2025-11-12T03:00:00,2025-11-12T04:37:26.294894432
H1512,Gear,Steel,Assembly,M8,225,3.0,2.384,71.4,1.0,2025-11-28T07:00:00,2025-11-28T09:23:01.394185115
H1513,Gear,Steel,Assembly,M8,573,7.176,5.486,70.7,2.79,2025-12-29T05:00:00,2025-12-29T10:29:08.556386621
H1514,Shaft,Steel,Drilling,M6,425,2.425,2.185,66.2,2.12,2025-11-23T07:00:00,2025-11-23T09:11:04.476915422
H1515,Gear,Steel,Drilling,M5,79,0.695,0.722,61.7,2.74,2025-11-15T01:00:00,2025-11-15T01:43:20.072045745
H1516,Shaft,Steel,Turning,M3,411,3.588,2.934,61.2,2.38,2025-10-15T01:00:00,2025-10-15T03:56:02.816178330
H1517,Valve,Titanium,Drilling,M6,342,2.01,2.533,77.7,2.83,2026-01-03T01:00:00,2026-01-03T03:31:59.101678016
H1518,Housing,Aluminium,Cutting,M1,399,4.29,3.161,62.4,1.5,2025-12-20T02:00:00,2025-12-20T05:09:38.625799152
H1519,Housing,Aluminium,Cutting,M1,415,4.45,2.895,88.7,1.97,2025-11-26T08:00:00,2025-11-26T10:53:41.850722051
H1520,Cover,Plastic,Cutting,M2,498,5.28,3.414,59.5,3.52,2025-11-30T02:00:00,2025-11-30T05:24:51.825180184
H1521,Cover,Plastic,Assembly,M8,99,1.488,0.754,72.0,2.82,2025-11-13T01:00:00,2025-11-13T01:45:16.175950245
H1522,Cover,Plastic,Drilling,M5,301,1.805,1.293,55.4,3.2,2025-09-28T02:00:00,2025-09-28T03:17:33.127941258
H1523,Shaft,Steel,Turning,M4,133,1.364,1.187,70.7,2.71,2025-09-24T21:00:00,2025-09-24T22:11:14.507014172
H1524,Bracket,Aluminium,Drilling,M5,326,1.93,2.019,86.4,1.27,2025-11-23T00:00:00,2025-11-23T02:01:07.963324182
H1525,Cover,Plastic,Drilling,M5,155,1.075,0.732,57.3,1.92,2025-12-10T01:00:00,2025-12-10T01:43:54.941961655
H1526,Cover,Plastic,Assembly,M7,117,1.704,0.791,70.2,1.44,2025-08-23T23:00:00,2025-08-23T23:47:26.639917703
H1527,Gear,Steel,Drilling,M6,150,1.05,0.912,52.8,1.67,2025-07-12T23:00:00,2025-07-12T23:54:43.337033094
H1528,Valve,Titanium,Assembly,M8,154,2.148,2.804,57.0,2.34,2025-07-10T02:00:00,2025-07-10T04:48:14.423027873
H1529,Valve,Titanium,Assembly,M8,374,4.788,6.192,68.7,1.84,2025-07-30T22:00:00,2025-07-31T04:11:32.001369597
H1530,Cover,Plastic,Cutting,M2,520,5.5,3.445,81.1,1.89,2025-11-23T06:00:00,2025-11-23T09:26:40.921823925
H1531,Gear,Steel,Turning,M3,512,4.396,3.535,57.2,2.17,2025-12-22T03:00:00,2025-12-22T06:32:04.760452737
H1532,Bracket,Aluminium,Cutting,M2,560,5.9,4.844,61.9,3.29,2025-09-21T05:00:00,2025-09-21T09:50:39.227659223
H1533,Bracket,Aluminium,Assembly,M8,64,1.068,0.802,54.8,3.55,2025-08-12T22:00:00,2025-08-12T22:48:06.479019431
H1534,Housing,Aluminium,Cutting,M1,580,6.1,4.258,57.9,2.87,2025-09-27T07:00:00,2025-09-27T11:15:29.015684233
H1535,Gear,Steel,Drilling,M5,426,2.43,2.901,70.4,2.16,2025-11-17T08:00:00,2025-11-17T10:54:03.335973448
H1536,Cover,Plastic,Assembly,M8,188,2.556,1.56,67.1,2.6,2025-08-27T22:00:00,2025-08-27T23:33:35.639312484
H1537,Bracket,Aluminium,Cutting,M1,108,1.38,0.864,53.8,1.9,2025-09-06T08:00:00,2025-09-06T08:51:49.557791932
H1538,Cover,Plastic,Drilling,M5,242,1.51,1.024,74.1,1.96,2025-11-09T06:00:00,2025-11-09T07:01:26.828324478
H1539,Bracket,Aluminium,Cutting,M2,86,1.16,0.888,71.2,2.29,2025-11-08T07:00:00,2025-11-08T07:53:16.821968927
H1540,Bracket,Aluminium,Assembly,M8,556,6.972,4.572,69.2,1.74,2025-10-07T04:00:00,2025-10-07T08:34:17.869881906
H1541,Gear,Steel,Assembly,M7,483,6.096,5.491,64.9,1.04,2025-09-12T07:00:00,2025-09-12T12:29:26.684283690
H1542,Housing,Aluminium,Assembly,M7,24,0.588,0.405,79.8,3.36,2025-12-27T04:00:00,2025-12-27T04:24:18.366254005
H1543,Shaft,Steel,Turning,M4,486,4.188,4.299,79.6,2.49,2025-08-24T21:00:00,2025-08-25T01:17:57.026430105
H1544,Valve,Titanium,Turning,M3,238,2.204,2.682,73.9,2.75,2025-09-13T01:00:00,2025-09-13T03:40:56.351991592
H1545,Housing,Aluminium,Cutting,M1,124,1.54,1.109,42.4,3.01,2025-10-14T04:00:00,2025-10-14T05:06:33.031038126
H1546,Gear,Steel,Drilling,M6,393,2.265,2.003,62.0,2.87,2025-07-11T22:00:00,2025-07-12T00:00:11.555853823
H1547,Bracket,Aluminium,Assembly,M8,97,1.464,0.93,61.0,2.66,2025-08-13T08:00:00,2025-08-13T08:55:46.764852237
H1548,Cover,Plastic,Drilling,M6,274,1.67,0.958,48.9,2.36,2025-10-05T22:00:00,2025-10-05T22:57:27.844444867
H1549,Bracket,Aluminium,Cutting,M1,447,4.77,3.24,68.2,1.89,2025-07-14T05:00:00,2025-07-14T08:14:25.111051898
H1550,Cover,Plastic,Drilling,M5,422,2.41,1.471,72.9,3.32,2025-12-21T00:00:00,2025-12-21T01:28:14.942604579
H1551,Bracket,Aluminium,Drilling,M5,471,2.655,2.48,74.1,4.66,2025-08-11T00:00:00,2025-08-11T02:28:47.416063549
H1552,Shaft,Steel,Drilling,M5,125,0.925,0.852,63.9,2.17,2025-12-15T02:00:00,2025-12-15T02:51:08.145666713
H1553,Gear,Steel,Drilling,M5,144,1.02,1.135,65.0,1.5,2025-09-16T06:00:00,2025-09-16T07:08:07.452577943
H1554,Cover,Plastic,Cutting,M1,40,0.7,0.323,63.0,3.24,2025-08-14T08:00:00,2025-08-14T08:19:21.680936745
H1555,Gear,Steel,Turning,M4,53,0.724,0.753,70.4,3.01,2025-12-04T00:00:00,2025-12-04T00:45:10.262901252
H1556,Gear,Steel,Drilling,M5,150,1.05,1.061,56.4,3.1,2025-12-29T03:00:00,2025-12-29T04:03:39.957700704
H1557,Shaft,Steel,Drilling,M6,200,1.3,1.138,64.5,2.54,2025-11-04T21:00:00,2025-11-04T22:08:16.307680559
H1558,Bracket,Aluminium,Cutting,M1,35,0.65,0.461,64.8,2.17,2025-08-24T23:00:00,2025-08-24T23:27:40.395728752
H1559,Cover,Plastic,Assembly,M8,329,4.248,2.377,51.3,2.47,2025-08-05T22:00:00,2025-08-06T00:22:38.197142784
H1560,Bracket,Aluminium,Drilling,M6,283,1.715,1.232,65.9,3.26,2025-09-03T00:00:00,2025-09-03T01:13:55.574519646
H1561,Cover,Plastic,Assembly,M7,512,6.444,3.64,63.6,1.44,2025-12-21T22:00:00,2025-12-22T01:38:25.428074258
H1562,Housing,Aluminium,Assembly,M7,365,4.68,3.548,80.6,3.0,2025-10-04T06:00:00,2025-10-04T09:32:54.504070027
H1563,Housing,Aluminium,Turning,M4,504,4.332,3.302,66.7,2.54,2025-08-23T05:00:00,2025-08-23T08:18:06.230319738
H1564,Bracket,Aluminium,Assembly,M8,229,3.048,2.541,66.5,3.46,2025-07-20T01:00:00,2025-07-20T03:32:27.007407966
H1565,Shaft,Steel,Turning,M3,320,2.86,2.486,65.0,2.92,2025-11-13T08:00:00,2025-11-13T10:29:10.755886273
H1566,Bracket,Aluminium,Assembly,M8,53,0.936,0.644,69.2,2.51,2025-11-06T07:00:00,2025-11-06T07:38:37.780321174
H1567,Gear,Steel,Assembly,M8,45,0.84,0.682,69.0,3.12,2025-11-02T04:00:00,2025-11-02T04:40:53.818837456
H1568,Gear,Steel,Assembly,M8,519,6.528,6.733,69.4,3.79,2025-09-02T07:00:00,2025-09-02T13:43:57.050994382
H1569,Cover,Plastic,Drilling,M5,220,1.4,0.825,70.7,4.3,2025-09-24T23:00:00,2025-09-24T23:49:29.942955012
H1570,Valve,Titanium,Cutting,M1,550,5.8,8.005,74.9,2.47,2025-09-06T22:00:00,2025-09-07T06:00:16.541790901
H1571,Bracket,Aluminium,Drilling,M6,498,2.79,2.024,67.2,1.88,2025-11-06T21:00:00,2025-11-06T23:01:27.313601691
H1572,Gear,Steel,Cutting,M1,137,1.67,1.88,51.4,2.5,2026-01-04T00:00:00,2026-01-04T01:52:48.861034817
H1573,Gear,Steel,Drilling,M6,476,2.68,2.521,70.8,1.41,2025-09-22T01:00:00,2025-09-22T03:31:16.102014292
H1574,Cover,Plastic,Assembly,M7,166,2.292,1.089,74.2,1.9,2025-11-13T04:00:00,2025-11-13T05:05:20.171222939
H1575,Bracket,Aluminium,Cutting,M2,536,5.66,5.01,74.5,2.96,2025-08-29T08:00:00,2025-08-29T13:00:36.958824816
H1576,Gear,Steel,Cutting,M1,583,6.13,5.909,68.2,2.15,2025-10-14T02:00:00,2025-10-14T07:54:30.986578319
H1577,Valve,Titanium,Cutting,M2,414,4.44,6.809,76.3,2.97,2025-12-15T05:00:00,2025-12-15T11:48:32.334048147
H1578,Gear,Steel,Turning,M3,178,1.724,1.459,63.3,1.94,2025-08-13T06:00:00,2025-08-13T07:27:34.124492210
H1579,Housing,Aluminium,Assembly,M7,352,4.524,3.458,63.3,3.02,2025-09-10T06:00:00,2025-09-10T09:27:28.035665180
H1580,Gear,Steel,Drilling,M5,338,1.99,2.154,65.4,3.58,2025-08-09T03:00:00,2025-08-09T05:09:14.457802460
H1581,Shaft,Steel,Drilling,M6,296,1.78,1.651,50.9,2.37,2025-12-14T04:00:00,2025-12-14T05:39:01.957001922
H1582,Shaft,Steel,Turning,M4,281,2.548,2.345,65.7,1.52,2025-09-25T08:00:00,2025-09-25T10:20:43.472982840
H1583,Gear,Steel,Turning,M4,379,3.332,3.303,61.0,2.1,2025-09-07T07:00:00,2025-09-07T10:18:11.831595465
H1584,Cover,Plastic,Assembly,M8,215,2.88,1.644,66.7,0.99,2025-11-02T22:00:00,2025-11-02T23:38:36.927374778
H1585,Gear,Steel,Cutting,M2,93,1.23,1.389,68.6,2.29,2025-10-30T01:00:00,2025-10-30T02:23:20.183986139
H1586,Cover,Plastic,Drilling,M6,576,3.18,1.906,78.6,1.86,2025-09-27T04:00:00,2025-09-27T05:54:20.919699181
H1587,Bracket,Aluminium,Cutting,M1,221,2.51,1.958,40.3,2.34,2025-07-16T03:00:00,2025-07-16T04:57:29.224516948
H1588,Gear,Steel,Turning,M4,115,1.22,0.963,44.7,2.83,2025-11-27T00:00:00,2025-11-27T00:57:45.790467829
H1589,Housing,Aluminium,Cutting,M1,41,0.71,0.517,69.2,2.33,2025-11-24T21:00:00,2025-11-24T21:31:01.390839562
H1590,Shaft,Steel,Cutting,M2,204,2.34,2.301,50.4,2.4,2025-12-19T07:00:00,2025-12-19T09:18:02.835094124
H1591,Bracket,Aluminium,Assembly,M8,79,1.248,0.898,66.3,2.69,2025-10-02T00:00:00,2025-10-02T00:53:51.329432497
H1592,Valve,Titanium,Cutting,M2,185,2.15,2.805,70.9,1.04,2026-01-04T07:00:00,2026-01-04T09:48:19.280496761
H1593,Shaft,Steel,Drilling,M5,113,0.865,0.89,65.2,2.97,2025-11-09T23:00:00,2025-11-09T23:53:23.019066650
H1594,Cover,Plastic,Assembly,M8,84,1.308,0.618,50.0,2.78,2025-08-31T02:00:00,2025-08-31T02:37:03.027246484
H1595,Shaft,Steel,Turning,M4,28,0.524,0.426,51.8,1.96,2025-09-02T03:00:00,2025-09-02T03:25:34.772670260
H1596,Valve,Titanium,Drilling,M5,268,1.64,2.793,68.5,2.98,2025-09-13T08:00:00,2025-09-13T10:47:34.051613095
H1597,Shaft,Steel,Drilling,M6,259,1.595,1.35,54.4,1.82,2025-07-29T04:00:00,2025-07-29T05:20:59.659745320
H1598,Valve,Titanium,Drilling,M5,583,3.215,5.313,64.0,1.36,2025-10-15T08:00:00,2025-10-15T13:18:45.773296366
H1599,Shaft,Steel,Turning,M4,556,4.748,3.894,63.5,2.16,2025-11-12T07:00:00,2025-11-12T10:53:38.746735839
H1600,Housing,Aluminium,Turning,M4,546,4.668,3.358,69.5,2.31,2025-09-03T00:00:00,2025-09-03T03:21:27.467973403
H1601,Shaft,Steel,Turning,M4,121,1.268,1.169,71.0,3.55,2025-07-13T06:00:00,2025-07-13T07:10:09.984468390
H1602,Housing,Aluminium,Cutting,M1,575,6.05,4.521,62.5,2.05,2025-07-27T23:00:00,2025-07-28T03:31:14.548694725
H1603,Valve,Titanium,Cutting,M1,308,3.38,4.605,68.7,1.89,2025-09-30T01:00:00,2025-09-30T05:36:18.277660921
H1604,Gear,Steel,Assembly,M7,403,5.136,4.63,69.1,3.01,2025-10-26T06:00:00,2025-10-26T10:37:49.164942454
H1605,Bracket,Aluminium,Assembly,M8,467,5.904,4.258,55.4,1.87,2025-12-18T05:00:00,2025-12-18T09:15:28.298350725
H1606,Valve,Titanium,Turning,M3,569,4.852,5.365,50.7,1.67,2025-10-18T05:00:00,2025-10-18T10:21:54.939841039
H1607,Valve,Titanium,Turning,M3,519,4.452,5.705,66.9,1.99,2025-12-12T02:00:00,2025-12-12T07:42:17.639022441
H1608,Shaft,Steel,Turning,M3,201,1.908,1.603,76.5,1.66,2025-12-27T07:00:00,2025-12-27T08:36:11.268613214
H1609,Bracket,Aluminium,Cutting,M1,195,2.25,1.88,65.6,2.99,2025-11-15T04:00:00,2025-11-15T05:52:48.692731142
H1610,Cover,Plastic,Assembly,M8,81,1.272,0.689,60.6,1.44,2025-11-18T06:00:00,2025-11-18T06:41:20.601254051
H1611,Shaft,Steel,Drilling,M5,415,2.375,2.87,87.1,1.34,2025-10-27T23:00:00,2025-10-28T01:52:13.642434255
H1612,Valve,Titanium,Turning,M4,99,1.092,1.533,61.9,1.94,2025-12-20T08:00:00,2025-12-20T09:31:58.278661722
H1613,Bracket,Aluminium,Drilling,M6,412,2.36,1.524,51.8,2.71,2025-12-08T04:00:00,2025-12-08T05:31:25.043819928
H1614,Bracket,Aluminium,Drilling,M5,217,1.385,1.35,57.5,2.96,2025-07-26T00:00:00,2025-07-26T01:20:59.813227785
H1615,Gear,Steel,Cutting,M1,345,3.75,2.961,65.0,2.6,2025-08-15T21:00:00,2025-08-15T23:57:38.250893558
H1616,Cover,Plastic,Assembly,M7,499,6.288,3.356,66.9,2.64,2025-07-17T05:00:00,2025-07-17T08:21:22.589181038
H1617,Valve,Titanium,Assembly,M8,129,1.848,2.207,69.6,1.85,2025-10-03T00:00:00,2025-10-03T02:12:23.423444672
H1618,Bracket,Aluminium,Cutting,M2,403,4.33,3.804,47.9,2.19,2025-11-15T08:00:00,2025-11-15T11:48:13.158576951
H1619,Bracket,Aluminium,Cutting,M2,71,1.01,0.657,71.4,3.32,2025-09-30T06:00:00,2025-09-30T06:39:25.058980733
H1620,Gear,Steel,Assembly,M8,88,1.356,1.201,58.7,1.09,2025-11-01T21:00:00,2025-11-01T22:12:02.495419097
H1621,Bracket,Aluminium,Cutting,M1,415,4.45,3.314,64.3,2.31,2025-07-27T23:00:00,2025-07-28T02:18:51.515856128
H1622,Shaft,Steel,Turning,M4,303,2.724,2.543,75.1,3.37,2025-10-21T06:00:00,2025-10-21T08:32:34.508877989
H1623,Cover,Plastic,Cutting,M1,227,2.57,1.375,64.0,1.96,2026-01-01T02:00:00,2026-01-01T03:22:28.211740972
H1624,Shaft,Steel,Drilling,M5,346,2.03,2.49,57.2,2.5,2025-12-27T00:00:00,2025-12-27T02:29:23.530673518
H1625,Bracket,Aluminium,Assembly,M7,436,5.532,4.174,70.8,3.6,2025-10-16T00:00:00,2025-10-16T04:10:27.999123475
H1626,Cover,Plastic,Assembly,M8,62,1.044,0.565,60.0,3.8,2025-07-26T23:00:00,2025-07-26T23:33:52.969459924
H1627,Bracket,Aluminium,Drilling,M6,179,1.195,0.719,66.4,3.22,2025-08-30T04:00:00,2025-08-30T04:43:07.672802221
H1628,Cover,Plastic,Cutting,M1,21,0.51,0.245,76.7,1.24,2025-09-25T23:00:00,2025-09-25T23:14:42.349224732
H1629,Cover,Plastic,Cutting,M2,245,2.75,1.55,68.2,3.1,2025-12-14T21:00:00,2025-12-14T22:33:01.630236695
H1630,Valve,Titanium,Assembly,M8,203,2.736,3.562,55.7,2.34,2025-11-21T04:00:00,2025-11-21T07:33:41.704385849
H1631,Bracket,Aluminium,Drilling,M6,550,3.05,2.043,75.0,2.07,2026-01-01T06:00:00,2026-01-01T08:02:34.912812279
H1632,Cover,Plastic,Cutting,M2,266,2.96,1.856,67.6,2.98,2025-09-21T06:00:00,2025-09-21T07:51:21.724232689
H1633,Valve,Titanium,Drilling,M5,514,2.87,4.525,56.6,1.94,2025-11-11T07:00:00,2025-11-11T11:31:30.762020175
H1634,Gear,Steel,Drilling,M5,292,1.76,2.015,69.0,4.21,2025-11-23T22:00:00,2025-11-24T00:00:52.275029548
H1635,Valve,Titanium,Turning,M4,574,4.892,6.677,59.0,2.92,2025-12-01T22:00:00,2025-12-02T04:40:37.904935176
H1636,Shaft,Steel,Turning,M4,92,1.036,0.9,73.0,2.52,2025-08-03T04:00:00,2025-08-03T04:54:00.571155297
H1637,Valve,Titanium,Cutting,M1,406,4.36,4.893,67.7,1.86,2025-08-12T06:00:00,2025-08-12T10:53:33.780380899
H1638,Shaft,Steel,Turning,M3,374,3.292,2.651,70.5,1.9,2025-12-11T02:00:00,2025-12-11T04:39:01.808622427
H1639,Bracket,Aluminium,Cutting,M1,427,4.57,2.838,66.1,2.79,2025-09-15T02:00:00,2025-09-15T04:50:15.289257740
H1640,Housing,Aluminium,Assembly,M7,433,5.496,4.083,77.2,2.81,2025-10-24T21:00:00,2025-10-25T01:04:58.694190794
H1641,Shaft,Steel,Turning,M4,488,4.204,3.351,66.1,2.05,2025-11-03T06:00:00,2025-11-03T09:21:03.048648393
H1642,Housing,Aluminium,Cutting,M2,156,1.86,1.472,57.6,1.48,2025-08-22T04:00:00,2025-08-22T05:28:20.638578533
H1643,Gear,Steel,Assembly,M8,342,4.404,3.827,65.6,3.35,2025-10-01T01:00:00,2025-10-01T04:49:38.297471148
H1644,Valve,Titanium,Assembly,M7,199,2.688,3.137,56.8,2.33,2025-08-20T08:00:00,2025-08-20T11:08:14.374881234
H1645,Cover,Plastic,Assembly,M7,247,3.264,1.835,54.2,2.19,2025-09-07T04:00:00,2025-09-07T05:50:06.778750958
H1646,Shaft,Steel,Drilling,M5,173,1.165,1.25,59.2,1.8,2025-11-24T03:00:00,2025-11-24T04:15:00.958785797
H1647,Housing,Aluminium,Assembly,M8,301,3.912,2.689,68.3,1.69,2025-08-05T06:00:00,2025-08-05T08:41:22.159827002
H1648,Valve,Titanium,Drilling,M6,64,0.62,0.825,54.3,2.03,2025-12-31T03:00:00,2025-12-31T03:49:31.436746739
H1649,Gear,Steel,Assembly,M8,156,2.172,1.761,64.3,3.14,2025-11-13T00:00:00,2025-11-13T01:45:39.927421889
H1650,Cover,Plastic,Assembly,M8,347,4.464,2.418,64.5,2.6,2025-10-15T00:00:00,2025-10-15T02:25:04.023402228
H1651,Bracket,Aluminium,Drilling,M6,32,0.46,0.295,61.5,2.59,2025-12-16T01:00:00,2025-12-16T01:17:41.423959018
H1652,Cover,Plastic,Drilling,M6,103,0.815,0.446,68.6,1.94,2025-09-19T02:00:00,2025-09-19T02:26:45.112138147
H1653,Bracket,Aluminium,Drilling,M6,395,2.275,1.609,73.3,3.52,2025-09-17T22:00:00,2025-09-17T23:36:33.158956085
H1654,Valve,Titanium,Assembly,M8,557,6.984,8.065,59.3,2.46,2026-01-02T06:00:00,2026-01-02T14:03:54.784418370
H1655,Gear,Steel,Cutting,M1,473,5.03,4.415,57.3,2.12,2025-08-22T02:00:00,2025-08-22T06:24:54.335320754
H1656,Valve,Titanium,Cutting,M1,95,1.25,1.574,64.5,2.14,2025-07-10T03:00:00,2025-07-10T04:34:25.291009949
H1657,Valve,Titanium,Cutting,M2,30,0.6,0.801,61.2,2.84,2025-12-27T03:00:00,2025-12-27T03:48:04.149068179
H1658,Housing,Aluminium,Cutting,M2,377,4.07,3.131,67.7,1.55,2025-10-21T03:00:00,2025-10-21T06:07:53.278108817
H1659,Cover,Plastic,Drilling,M5,22,0.41,0.347,64.9,2.19,2025-08-22T05:00:00,2025-08-22T05:20:48.575893388
H1660,Housing,Aluminium,Assembly,M7,153,2.136,1.636,58.9,2.92,2025-12-26T05:00:00,2025-12-26T06:38:08.842964397
H1661,Housing,Aluminium,Turning,M3,593,5.044,3.39,55.8,3.33,2025-09-01T22:00:00,2025-09-02T01:23:23.737609554
H1662,Cover,Plastic,Cutting,M1,47,0.77,0.418,63.0,3.81,2025-11-07T23:00:00,2025-11-07T23:25:04.054814362
H1663,Shaft,Steel,Cutting,M1,235,2.65,2.425,63.7,2.79,2025-07-25T04:00:00,2025-07-25T06:25:28.616081332
H1664,Valve,Titanium,Drilling,M6,584,3.22,4.753,68.7,2.63,2025-08-24T05:00:00,2025-08-24T09:45:10.971698222
H1665,Housing,Aluminium,Assembly,M7,242,3.204,2.294,62.4,2.85,2025-08-16T06:00:00,2025-08-16T08:17:36.601011167
H1666,Bracket,Aluminium,Drilling,M5,465,2.625,2.609,76.1,2.56,2025-10-09T03:00:00,2025-10-09T05:36:30.874537757
H1667,Bracket,Aluminium,Drilling,M6,134,0.97,0.69,66.6,3.47,2025-10-24T23:00:00,2025-10-24T23:41:23.433541513
H1668,Cover,Plastic,Drilling,M6,171,1.155,0.639,64.1,2.46,2025-11-14T21:00:00,2025-11-14T21:38:21.801146929
H1669,Shaft,Steel,Turning,M4,166,1.628,1.411,54.0,3.04,2025-08-11T22:00:00,2025-08-11T23:24:39.791336268
H1670,Valve,Titanium,Assembly,M7,219,2.928,3.87,69.6,2.8,2025-12-03T04:00:00,2025-12-03T07:52:12.377702516
H1671,Valve,Titanium,Cutting,M2,119,1.49,2.225,53.8,2.95,2025-11-03T01:00:00,2025-11-03T03:13:30.118405152
H1672,Cover,Plastic,Cutting,M1,30,0.6,0.306,69.2,2.85,2025-11-26T07:00:00,2025-11-26T07:18:22.183035544
H1673,Gear,Steel,Turning,M3,553,4.724,4.065,60.7,3.4,2025-11-20T01:00:00,2025-11-20T05:03:55.531803084
H1674,Bracket,Aluminium,Assembly,M7,545,6.84,4.802,41.6,3.34,2025-11-07T03:00:00,2025-11-07T07:48:06.216861681
H1675,Valve,Titanium,Assembly,M8,398,5.076,7.627,75.4,2.63,2025-07-20T08:00:00,2025-07-20T15:37:38.474931932
H1676,Valve,Titanium,Turning,M3,435,3.78,5.365,69.5,3.16,2025-11-26T23:00:00,2025-11-27T04:21:53.101233386
H1677,Gear,Steel,Drilling,M5,574,3.17,3.377,61.9,1.59,2025-07-21T23:00:00,2025-07-22T02:22:38.118300328
H1678,Valve,Titanium,Cutting,M2,508,5.38,7.842,54.2,2.02,2025-09-28T02:00:00,2025-09-28T09:50:32.063285088
H1679,Valve,Titanium,Assembly,M7,144,2.028,2.681,53.7,2.89,2025-09-22T21:00:00,2025-09-22T23:40:52.417750125
H1680,Shaft,Steel,Turning,M4,62,0.796,0.807,57.0,1.83,2025-07-19T02:00:00,2025-07-19T02:48:26.007807654
H1681,Shaft,Steel,Drilling,M6,131,0.955,0.858,64.7,2.22,2025-08-27T23:00:00,2025-08-27T23:51:27.807344063
H1682,Cover,Plastic,Cutting,M1,561,5.91,3.045,75.4,2.21,2025-10-26T04:00:00,2025-10-26T07:02:43.228930254
H1683,Housing,Aluminium,Assembly,M8,412,5.244,3.774,63.0,3.17,2025-08-25T07:00:00,2025-08-25T10:46:24.603738858
H1684,Shaft,Steel,Drilling,M6,260,1.6,1.439,64.3,1.4,2025-11-20T00:00:00,2025-11-20T01:26:19.751525288
H1685,Gear,Steel,Drilling,M5,583,3.215,3.379,63.6,1.94,2025-12-01T23:00:00,2025-12-02T02:22:44.973198051
H1686,Bracket,Aluminium,Drilling,M6,268,1.64,0.961,58.7,1.04,2025-11-11T03:00:00,2025-11-11T03:57:38.462842401
H1687,Gear,Steel,Cutting,M1,540,5.7,5.525,46.8,2.43,2025-09-07T07:00:00,2025-09-07T12:31:31.444546627
H1688,Bracket,Aluminium,Drilling,M6,561,3.105,1.893,58.2,2.62,2025-08-12T06:00:00,2025-08-12T07:53:35.973522977
H1689,Shaft,Steel,Drilling,M5,102,0.81,0.98,77.7,2.49,2025-12-03T00:00:00,2025-12-03T00:58:47.422729184
H1690,Bracket,Aluminium,Assembly,M7,471,5.952,4.564,82.5,3.01,2025-10-02T02:00:00,2025-10-02T06:33:50.004485162
H1691,Cover,Plastic,Drilling,M5,416,2.38,1.897,52.5,2.05,2025-09-16T01:00:00,2025-09-16T02:53:50.523746280
H1692,Housing,Aluminium,Cutting,M2,192,2.22,1.799,51.9,2.56,2025-10-18T08:00:00,2025-10-18T09:47:57.006930330
H1693,Valve,Titanium,Assembly,M7,537,6.744,9.429,69.4,1.94,2025-09-22T22:00:00,2025-09-23T07:25:43.144069777
H1694,Cover,Plastic,Assembly,M8,586,7.332,3.447,65.6,3.14,2025-10-04T23:00:00,2025-10-05T02:26:50.807811270
H1695,Shaft,Steel,Cutting,M1,154,1.84,1.824,61.7,2.2,2025-10-03T07:00:00,2025-10-03T08:49:27.580072313
H1696,Housing,Aluminium,Turning,M4,175,1.7,1.323,60.7,2.61,2025-12-07T03:00:00,2025-12-07T04:19:21.653375297
H1697,Housing,Aluminium,Cutting,M1,427,4.57,2.707,51.3,2.24,2025-07-18T01:00:00,2025-07-18T03:42:26.835747864
H1698,Housing,Aluminium,Cutting,M2,37,0.67,0.495,56.1,3.32,2025-09-04T23:00:00,2025-09-04T23:29:42.202772134
H1699,Cover,Plastic,Cutting,M1,459,4.89,2.887,70.0,3.45,2026-01-03T23:00:00,2026-01-04T01:53:12.679907965
H1700,Housing,Aluminium,Cutting,M1,268,2.98,1.996,50.4,1.96,2025-07-29T22:00:00,2025-07-29T23:59:44.199266924
H1701,Cover,Plastic,Assembly,M8,327,4.224,2.005,70.0,3.87,2025-11-12T21:00:00,2025-11-12T23:00:17.258059244
H1702,Valve,Titanium,Assembly,M8,316,4.092,5.362,58.7,3.11,2025-09-15T07:00:00,2025-09-15T12:21:41.667412062
H1703,Bracket,Aluminium,Drilling,M5,370,2.15,1.997,64.8,1.85,2025-08-17T04:00:00,2025-08-17T05:59:50.163225229
H1704,Shaft,Steel,Cutting,M1,408,4.38,4.289,72.4,2.7,2025-08-21T02:00:00,2025-08-21T06:17:21.576385801
H1705,Housing,Aluminium,Turning,M3,412,3.596,3.122,73.3,2.87,2025-08-11T06:00:00,2025-08-11T09:07:18.246049510
H1706,Bracket,Aluminium,Drilling,M6,191,1.255,0.864,64.2,2.29,2025-10-27T02:00:00,2025-10-27T02:51:49.655869518
H1707,Gear,Steel,Cutting,M1,182,2.12,1.703,61.3,2.24,2025-09-07T21:00:00,2025-09-07T22:42:09.948161620
H1708,Gear,Steel,Drilling,M5,374,2.17,2.443,67.2,2.74,2025-09-24T08:00:00,2025-09-24T10:26:34.254007312
H1709,Shaft,Steel,Drilling,M6,591,3.255,3.092,65.9,3.4,2025-08-02T04:00:00,2025-08-02T07:05:32.851028334
H1710,Gear,Steel,Drilling,M6,239,1.495,1.317,55.7,2.35,2025-10-04T23:00:00,2025-10-05T00:19:00.332459585
H1711,Cover,Plastic,Assembly,M8,319,4.128,2.39,81.9,1.03,2025-10-27T07:00:00,2025-10-27T09:23:24.516710014
H1712,Gear,Steel,Turning,M3,173,1.684,1.492,70.3,3.08,2025-10-04T03:00:00,2025-10-04T04:29:30.724422422
H1713,Housing,Aluminium,Assembly,M8,301,3.912,2.882,60.6,2.9,2025-07-15T00:00:00,2025-07-15T02:52:56.643532348
H1714,Bracket,Aluminium,Cutting,M2,497,5.27,3.836,65.6,2.74,2025-10-05T03:00:00,2025-10-05T06:50:08.414193021
H1715,Housing,Aluminium,Assembly,M7,481,6.072,4.499,68.0,1.65,2025-08-02T01:00:00,2025-08-02T05:29:56.774961953
H1716,Valve,Titanium,Cutting,M1,214,2.44,3.574,65.8,1.7,2025-11-29T03:00:00,2025-11-29T06:34:27.944812308
H1717,Cover,Plastic,Drilling,M6,380,2.2,1.053,66.1,3.64,2025-12-23T07:00:00,2025-12-23T08:03:10.543329465
H1718,Gear,Steel,Cutting,M2,121,1.51,1.497,67.0,1.46,2025-07-22T21:00:00,2025-07-22T22:29:47.955469626
H1719,Gear,Steel,Cutting,M1,344,3.74,3.12,73.2,3.08,2025-10-25T22:00:00,2025-10-26T01:07:12.025530582
H1720,Gear,Steel,Cutting,M2,164,1.94,1.983,54.4,2.94,2025-10-02T01:00:00,2025-10-02T02:58:59.677808363
H1721,Gear,Steel,Turning,M3,190,1.82,1.622,72.4,2.06,2025-10-19T01:00:00,2025-10-19T02:37:17.434500372
H1722,Valve,Titanium,Turning,M3,427,3.716,4.041,59.3,3.15,2026-01-02T00:00:00,2026-01-02T04:02:26.363583525
H1723,Gear,Steel,Turning,M4,225,2.1,2.099,55.6,3.04,2025-09-22T03:00:00,2025-09-22T05:05:56.070400481
H1724,Valve,Titanium,Turning,M3,396,3.468,5.01,53.1,2.14,2025-07-22T03:00:00,2025-07-22T08:00:34.814583723
H1725,Gear,Steel,Assembly,M7,44,0.828,0.71,69.6,3.12,2025-12-20T08:00:00,2025-12-20T08:42:34.563848179
H1726,Cover,Plastic,Drilling,M5,432,2.46,1.634,58.3,1.68,2025-10-21T01:00:00,2025-10-21T02:38:02.457633229
H1727,Gear,Steel,Cutting,M2,487,5.17,5.002,75.3,2.96,2025-10-27T08:00:00,2025-10-27T13:00:05.900930687
H1728,Valve,Titanium,Assembly,M7,313,4.056,5.928,68.5,2.98,2025-11-21T00:00:00,2025-11-21T05:55:40.758244798
H1729,Housing,Aluminium,Assembly,M7,178,2.436,1.892,64.2,3.19,2025-12-11T03:00:00,2025-12-11T04:53:30.042743882
H1730,Housing,Aluminium,Turning,M3,462,3.996,3.094,63.0,1.11,2025-08-30T05:00:00,2025-08-30T08:05:39.540837063
H1731,Shaft,Steel,Cutting,M1,49,0.79,0.798,55.0,1.76,2025-07-28T07:00:00,2025-07-28T07:47:53.826506287
H1732,Housing,Aluminium,Assembly,M8,171,2.352,1.514,73.7,3.25,2025-08-20T03:00:00,2025-08-20T04:30:49.330802361
H1733,Shaft,Steel,Turning,M3,472,4.076,3.72,55.5,3.34,2025-07-30T06:00:00,2025-07-30T09:43:11.842875206
H1734,Gear,Steel,Drilling,M6,512,2.86,2.217,65.1,1.91,2025-12-31T06:00:00,2025-12-31T08:13:01.468628164
H1735,Valve,Titanium,Assembly,M7,289,3.768,4.786,67.0,3.5,2025-11-09T23:00:00,2025-11-10T03:47:11.388576131
H1736,Bracket,Aluminium,Cutting,M2,80,1.1,0.885,67.6,2.0,2025-10-31T03:00:00,2025-10-31T03:53:04.280564418
H1737,Cover,Plastic,Cutting,M1,58,0.88,0.504,62.0,2.29,2025-07-18T21:00:00,2025-07-18T21:30:13.796022698
H1738,Shaft,Steel,Drilling,M5,365,2.125,2.462,69.0,2.74,2025-12-13T21:00:00,2025-12-13T23:27:41.979195339
H1739,Valve,Titanium,Turning,M4,377,3.316,4.284,60.3,2.52,2025-08-05T01:00:00,2025-08-05T05:17:02.068586696
H1740,Gear,Steel,Drilling,M5,233,1.465,1.503,59.5,2.12,2025-09-14T21:00:00,2025-09-14T22:30:11.152727068
H1741,Shaft,Steel,Drilling,M6,228,1.44,1.307,65.8,2.85,2025-12-17T02:00:00,2025-12-17T03:18:25.231288161
H1742,Cover,Plastic,Drilling,M6,91,0.755,0.393,62.0,4.09,2025-12-05T21:00:00,2025-12-05T21:23:35.938128455
H1743,Gear,Steel,Drilling,M5,558,3.09,3.188,53.4,2.13,2025-11-13T21:00:00,2025-11-14T00:11:16.211970659
H1744,Housing,Aluminium,Assembly,M8,494,6.228,4.507,70.7,3.71,2025-07-11T21:00:00,2025-07-12T01:30:24.580390154
H1745,Valve,Titanium,Turning,M4,458,3.964,5.356,71.0,3.97,2025-09-17T02:00:00,2025-09-17T07:21:21.069587154
H1746,Shaft,Steel,Turning,M3,592,5.036,3.751,74.0,2.07,2025-11-10T00:00:00,2025-11-10T03:45:03.026397898
H1747,Valve,Titanium,Drilling,M6,96,0.78,1.066,66.4,2.08,2025-10-24T04:00:00,2025-10-24T05:03:58.614204133
H1748,Gear,Steel,Drilling,M5,533,2.965,3.128,69.2,2.87,2025-10-19T05:00:00,2025-10-19T08:07:41.595164710
H1749,Valve,Titanium,Turning,M4,147,1.476,1.904,68.3,1.73,2025-07-30T05:00:00,2025-07-30T06:54:12.760728515
H1750,Bracket,Aluminium,Cutting,M2,100,1.3,0.879,56.0,1.6,2025-10-17T21:00:00,2025-10-17T21:52:45.379066347
H1751,Shaft,Steel,Cutting,M1,539,5.69,5.085,83.6,3.94,2025-10-01T06:00:00,2025-10-01T11:05:05.655413087
H1752,Bracket,Aluminium,Assembly,M7,500,6.3,4.435,55.4,2.32,2025-12-05T22:00:00,2025-12-06T02:26:05.249810374
H1753,Shaft,Steel,Drilling,M6,43,0.515,0.389,65.3,1.62,2025-11-05T07:00:00,2025-11-05T07:23:19.104512556
H1754,Bracket,Aluminium,Assembly,M8,395,5.04,3.229,50.0,2.45,2025-09-23T22:00:00,2025-09-24T01:13:44.012910737
H1755,Valve,Titanium,Drilling,M6,187,1.235,1.589,73.7,1.74,2025-07-15T04:00:00,2025-07-15T05:35:22.112570435
H1756,Shaft,Steel,Cutting,M2,418,4.48,4.309,54.4,2.94,2025-08-13T23:00:00,2025-08-14T03:18:32.773112755
H1757,Housing,Aluminium,Cutting,M2,435,4.65,3.932,67.8,3.01,2025-12-12T21:00:00,2025-12-13T00:55:56.040064559
H1758,Shaft,Steel,Turning,M3,172,1.676,1.323,72.5,2.11,2025-11-19T22:00:00,2025-11-19T23:19:21.385430213
H1759,Bracket,Aluminium,Drilling,M5,284,1.72,1.399,69.0,3.64,2025-11-12T05:00:00,2025-11-12T06:23:56.598571785
H1760,Gear,Steel,Drilling,M5,185,1.225,1.457,79.7,2.24,2025-09-07T03:00:00,2025-09-07T04:27:23.882890837
H1761,Gear,Steel,Turning,M4,167,1.636,1.4,65.5,3.99,2025-10-29T03:00:00,2025-10-29T04:24:00.042153717
H1762,Bracket,Aluminium,Cutting,M2,448,4.78,3.717,74.0,2.52,2025-10-10T08:00:00,2025-10-10T11:42:59.644537900
H1763,Gear,Steel,Turning,M3,354,3.132,2.646,54.9,2.29,2025-12-26T04:00:00,2025-12-26T06:38:46.783483842
H1764,Shaft,Steel,Drilling,M6,270,1.65,1.648,60.5,2.38,2025-10-24T07:00:00,2025-10-24T08:38:52.500089434
H1765,Gear,Steel,Assembly,M7,209,2.808,2.454,56.5,3.35,2025-08-06T02:00:00,2025-08-06T04:27:13.145717356
H1766,Gear,Steel,Cutting,M2,456,4.86,4.649,70.6,2.92,2025-09-12T00:00:00,2025-09-12T04:38:55.153052735
H1767,Gear,Steel,Turning,M4,599,5.092,4.282,60.3,2.12,2025-10-17T01:00:00,2025-10-17T05:16:55.103938884
H1768,Valve,Titanium,Drilling,M6,157,1.085,1.457,63.1,2.09,2025-11-12T08:00:00,2025-11-12T09:27:24.744467096
H1769,Valve,Titanium,Drilling,M6,110,0.85,1.024,63.1,3.69,2025-07-30T00:00:00,2025-07-30T01:01:26.194838168
H1770,Cover,Plastic,Drilling,M6,523,2.915,1.629,67.5,2.66,2025-08-16T03:00:00,2025-08-16T04:37:42.907744191
H1771,Gear,Steel,Turning,M3,243,2.244,2.063,62.9,1.46,2025-11-14T01:00:00,2025-11-14T03:03:47.268382897
H1772,Gear,Steel,Turning,M3,116,1.228,1.086,55.9,2.78,2025-09-12T22:00:00,2025-09-12T23:05:07.800572296
H1773,Gear,Steel,Drilling,M5,412,2.36,2.971,81.4,1.61,2025-12-08T04:00:00,2025-12-08T06:58:13.805525128
H1774,Gear,Steel,Cutting,M1,69,0.99,0.869,60.8,1.45,2025-09-27T06:00:00,2025-09-27T06:52:07.725004655
H1775,Shaft,Steel,Drilling,M5,473,2.665,3.207,60.9,3.76,2025-11-01T03:00:00,2025-11-01T06:12:24.371959038
H1776,Gear,Steel,Cutting,M2,209,2.39,2.346,70.7,1.77,2025-08-28T07:00:00,2025-08-28T09:20:46.204571562
H1777,Bracket,Aluminium,Assembly,M8,91,1.392,0.973,59.6,3.61,2025-09-10T07:00:00,2025-09-10T07:58:24.322772189
H1778,Bracket,Aluminium,Cutting,M1,153,1.83,1.26,65.1,3.38,2025-08-06T22:00:00,2025-08-06T23:15:36.314905547
H1779,Shaft,Steel,Drilling,M6,127,0.935,0.742,63.4,3.21,2025-11-11T05:00:00,2025-11-11T05:44:29.886604560
H1780,Valve,Titanium,Assembly,M8,500,6.3,8.377,73.8,2.56,2025-12-10T00:00:00,2025-12-10T08:22:38.361502984
H1781,Bracket,Aluminium,Assembly,M8,61,1.032,0.828,79.0,2.95,2025-07-28T02:00:00,2025-07-28T02:49:41.396984218
H1782,Bracket,Aluminium,Drilling,M6,266,1.63,1.171,57.9,3.27,2025-12-01T06:00:00,2025-12-01T07:10:17.382260090
H1783,Cover,Plastic,Cutting,M1,379,4.09,2.335,79.2,3.01,2025-11-25T21:00:00,2025-11-25T23:20:05.475928228
H1784,Bracket,Aluminium,Drilling,M6,147,1.035,0.756,76.1,2.82,2025-08-18T01:00:00,2025-08-18T01:45:20.805020288
H1785,Shaft,Steel,Turning,M3,395,3.46,2.889,51.0,2.24,2025-10-09T07:00:00,2025-10-09T09:53:18.954848362
H1786,Shaft,Steel,Cutting,M2,446,4.76,5.153,83.2,2.31,2025-11-01T07:00:00,2025-11-01T12:09:09.349451646
H1787,Bracket,Aluminium,Cutting,M1,314,3.44,2.472,64.5,0.95,2025-11-21T01:00:00,2025-11-21T03:28:18.091587141
H1788,Valve,Titanium,Assembly,M8,201,2.712,4.156,74.1,1.99,2025-10-30T22:00:00,2025-10-31T02:09:23.273788022
H1789,Cover,Plastic,Drilling,M5,323,1.915,1.286,65.6,0.4,2025-08-08T08:00:00,2025-08-08T09:17:11.212458874
H1790,Valve,Titanium,Turning,M3,75,0.9,1.091,71.8,2.31,2025-11-28T00:00:00,2025-11-28T01:05:26.981582822
H1791,Bracket,Aluminium,Assembly,M7,55,0.96,0.781,46.2,3.32,2025-09-29T00:00:00,2025-09-29T00:46:50.484425948
H1792,Shaft,Steel,Turning,M4,274,2.492,2.291,65.4,0.84,2025-12-14T23:00:00,2025-12-15T01:17:28.837105203
H1793,Cover,Plastic,Cutting,M2,310,3.4,1.883,63.6,1.73,2025-07-21T06:00:00,2025-07-21T07:52:58.423507222
H1794,Cover,Plastic,Drilling,M6,165,1.125,0.597,67.3,1.72,2025-11-07T06:00:00,2025-11-07T06:35:49.733623084
H1795,Valve,Titanium,Cutting,M2,295,3.25,5.56,69.3,2.92,2026-01-03T03:00:00,2026-01-03T08:33:34.947378536
H1796,Gear,Steel,Turning,M4,345,3.06,2.869,65.7,1.99,2025-08-28T08:00:00,2025-08-28T10:52:07.768079013
H1797,Bracket,Aluminium,Cutting,M2,345,3.75,2.804,61.3,2.14,2025-11-08T05:00:00,2025-11-08T07:48:16.114205960
H1798,Valve,Titanium,Turning,M3,575,4.9,7.238,58.1,2.04,2025-08-17T07:00:00,2025-08-17T14:14:15.731741630
H1799,Housing,Aluminium,Cutting,M1,256,2.86,2.299,74.1,3.44,2025-10-13T02:00:00,2025-10-13T04:17:55.480154142
H1800,Valve,Titanium,Cutting,M2,520,5.5,9.314,71.9,2.13,2025-07-25T03:00:00,2025-07-25T12:18:49.551398865
H1801,Gear,Steel,Cutting,M1,504,5.34,5.076,57.6,2.97,2025-07-12T03:00:00,2025-07-12T08:04:32.662115648
H1802,Housing,Aluminium,Assembly,M8,442,5.604,3.93,65.1,1.51,2025-11-23T02:00:00,2025-11-23T05:55:46.317124308
H1803,Bracket,Aluminium,Assembly,M8,576,7.212,4.941,72.7,2.69,2025-10-09T05:00:00,2025-10-09T09:56:28.728477038
H1804,Cover,Plastic,Assembly,M8,26,0.612,0.295,73.9,2.72,2025-07-18T02:00:00,2025-07-18T02:17:41.886800137
H1805,Bracket,Aluminium,Cutting,M2,80,1.1,0.933,75.4,3.92,2025-12-02T00:00:00,2025-12-02T00:55:58.534479917
H1806,Valve,Titanium,Cutting,M2,223,2.53,4.836,56.4,2.45,2025-09-09T07:00:00,2025-09-09T11:50:09.313600591
H1807,Shaft,Steel,Turning,M3,421,3.668,3.774,60.9,1.73,2025-07-23T01:00:00,2025-07-23T04:46:26.404452861
H1808,Cover,Plastic,Assembly,M8,259,3.408,1.895,62.5,3.73,2025-12-14T06:00:00,2025-12-14T07:53:43.162241686
H1809,Housing,Aluminium,Turning,M4,314,2.812,2.166,67.7,3.37,2025-12-27T05:00:00,2025-12-27T07:09:57.167546188
H1810,Shaft,Steel,Cutting,M1,424,4.54,3.923,67.2,3.65,2025-09-25T03:00:00,2025-09-25T06:55:24.088193643
H1811,Shaft,Steel,Drilling,M5,51,0.555,0.627,61.7,2.2,2025-12-28T03:00:00,2025-12-28T03:37:38.682261854
H1812,Valve,Titanium,Cutting,M2,320,3.5,6.16,66.8,3.43,2025-07-31T23:00:00,2025-08-01T05:09:36.296842914
H1813,Cover,Plastic,Drilling,M6,531,2.955,1.561,60.0,2.51,2025-10-09T06:00:00,2025-10-09T07:33:40.945380966
H1814,Shaft,Steel,Drilling,M5,386,2.23,2.775,71.3,3.51,2025-08-11T07:00:00,2025-08-11T09:46:28.316512023
H1815,Shaft,Steel,Drilling,M6,56,0.58,0.508,59.6,2.71,2025-12-11T01:00:00,2025-12-11T01:30:29.124913575
H1816,Gear,Steel,Turning,M3,396,3.468,2.942,57.8,2.85,2025-11-07T04:00:00,2025-11-07T06:56:32.600578524
H1817,Valve,Titanium,Turning,M3,101,1.108,1.5,58.2,2.31,2025-08-21T04:00:00,2025-08-21T05:30:01.128264978
H1818,Bracket,Aluminium,Drilling,M6,427,2.435,1.592,61.7,1.45,2025-07-25T22:00:00,2025-07-25T23:35:31.435322519
H1819,Shaft,Steel,Drilling,M5,106,0.83,0.96,82.1,2.83,2025-08-22T07:00:00,2025-08-22T07:57:36.050201165
H1820,Shaft,Steel,Cutting,M2,376,4.06,3.636,60.8,1.89,2025-11-09T02:00:00,2025-11-09T05:38:09.522754257
H1821,Gear,Steel,Cutting,M1,110,1.4,1.213,57.7,3.36,2025-12-17T21:00:00,2025-12-17T22:12:47.221397678
H1822,Shaft,Steel,Drilling,M6,465,2.625,2.132,66.1,1.54,2025-07-12T00:00:00,2025-07-12T02:07:55.316684052
H1823,Cover,Plastic,Cutting,M2,397,4.27,3.044,90.6,1.77,2025-11-12T22:00:00,2025-11-13T01:02:38.209217221
H1824,Cover,Plastic,Cutting,M1,63,0.93,0.486,67.1,2.54,2025-10-09T00:00:00,2025-10-09T00:29:09.964775801
H1825,Gear,Steel,Assembly,M7,318,4.116,3.483,71.6,1.31,2025-11-12T23:00:00,2025-11-13T02:28:59.104114347
H1826,Cover,Plastic,Assembly,M7,206,2.772,1.385,63.3,2.25,2025-10-23T05:00:00,2025-10-23T06:23:05.536075272
H1827,Bracket,Aluminium,Cutting,M1,477,5.07,3.462,64.2,2.94,2025-11-03T22:00:00,2025-11-04T01:27:42.248844542
H1828,Housing,Aluminium,Assembly,M8,233,3.096,2.413,60.2,1.58,2025-09-22T08:00:00,2025-09-22T10:24:48.013134535
H1829,Gear,Steel,Assembly,M8,23,0.576,0.514,60.2,2.18,2025-09-17T05:00:00,2025-09-17T05:30:49.355920305
H1830,Valve,Titanium,Assembly,M7,445,5.64,6.888,61.6,1.69,2025-11-09T23:00:00,2025-11-10T05:53:15.238394916
H1831,Shaft,Steel,Turning,M4,217,2.036,2.035,71.1,3.11,2025-10-28T08:00:00,2025-10-28T10:02:05.376073944
H1832,Valve,Titanium,Cutting,M2,517,5.47,7.257,62.6,1.66,2025-10-13T01:00:00,2025-10-13T08:15:26.569351364
H1833,Bracket,Aluminium,Cutting,M2,425,4.55,4.015,59.2,2.24,2025-07-10T22:00:00,2025-07-11T02:00:52.365114115
H1834,Bracket,Aluminium,Cutting,M1,447,4.77,3.352,67.5,2.86,2025-07-14T06:00:00,2025-07-14T09:21:06.094758368
H1835,Bracket,Aluminium,Assembly,M8,230,3.06,2.115,65.8,0.68,2025-10-17T04:00:00,2025-10-17T06:06:52.458399679
H1836,Valve,Titanium,Drilling,M6,321,1.905,2.429,57.0,1.04,2025-11-25T05:00:00,2025-11-25T07:25:45.221341621
H1837,Shaft,Steel,Turning,M3,22,0.476,0.348,62.6,2.13,2025-07-23T01:00:00,2025-07-23T01:20:53.930336191
H1838,Shaft,Steel,Cutting,M2,174,2.04,2.237,58.5,2.19,2025-10-22T06:00:00,2025-10-22T08:14:13.180065843
H1839,Housing,Aluminium,Turning,M3,254,2.332,1.582,68.2,1.08,2025-10-03T22:00:00,2025-10-03T23:34:53.656274389
H1840,Gear,Steel,Assembly,M8,63,1.056,1.025,67.1,2.68,2025-10-03T02:00:00,2025-10-03T03:01:30.708373787
H1841,Valve,Titanium,Cutting,M1,54,0.84,0.937,51.4,1.21,2025-10-04T03:00:00,2025-10-04T03:56:13.832483117
H1842,Bracket,Aluminium,Cutting,M2,478,5.08,3.919,72.2,1.96,2025-11-06T03:00:00,2025-11-06T06:55:07.105571186
H1843,Valve,Titanium,Assembly,M8,230,3.06,4.544,71.4,2.76,2025-10-25T05:00:00,2025-10-25T09:32:39.588638672
H1844,Shaft,Steel,Turning,M3,97,1.076,0.856,57.2,2.36,2025-07-21T00:00:00,2025-07-21T00:51:20.308398400
H1845,Housing,Aluminium,Turning,M4,138,1.404,0.936,52.0,4.02,2025-11-11T22:00:00,2025-11-11T22:56:11.374565124
H1846,Valve,Titanium,Drilling,M5,276,1.68,2.688,66.8,2.3,2025-08-27T03:00:00,2025-08-27T05:41:15.683899686
H1847,Valve,Titanium,Drilling,M5,276,1.68,2.372,75.8,2.82,2025-08-31T05:00:00,2025-08-31T07:22:19.218766740
H1848,Shaft,Steel,Drilling,M6,487,2.735,2.479,60.5,1.62,2025-12-29T01:00:00,2025-12-29T03:28:45.560614171
H1849,Housing,Aluminium,Turning,M3,307,2.756,1.897,66.4,1.43,2025-07-20T22:00:00,2025-07-20T23:53:50.667957987
H1850,Gear,Steel,Assembly,M8,470,5.94,5.025,84.0,1.06,2025-08-17T03:00:00,2025-08-17T08:01:31.291034752
H1851,Shaft,Steel,Cutting,M1,542,5.72,4.915,70.6,2.23,2025-07-20T04:00:00,2025-07-20T08:54:53.365448023
H1852,Bracket,Aluminium,Drilling,M6,434,2.47,1.676,52.1,3.21,2025-07-27T05:00:00,2025-07-27T06:40:34.781991938
H1853,Cover,Plastic,Assembly,M8,130,1.86,1.028,74.6,2.33,2025-08-15T07:00:00,2025-08-15T08:01:42.207813847
H1854,Bracket,Aluminium,Cutting,M2,65,0.95,0.78,65.8,2.8,2025-12-20T22:00:00,2025-12-20T22:46:47.083875972
H1855,Bracket,Aluminium,Cutting,M2,215,2.45,2.282,63.3,2.27,2025-07-27T23:00:00,2025-07-28T01:16:56.593666623
H1856,Housing,Aluminium,Turning,M4,307,2.756,1.948,70.2,3.07,2025-10-18T06:00:00,2025-10-18T07:56:51.194290184
H1857,Cover,Plastic,Assembly,M7,205,2.76,1.49,69.2,1.64,2025-11-28T06:00:00,2025-11-28T07:29:24.301128245
H1858,Valve,Titanium,Cutting,M1,302,3.32,4.043,64.4,2.1,2025-11-28T22:00:00,2025-11-29T02:02:33.125190704
H1859,Shaft,Steel,Drilling,M5,442,2.51,2.427,73.7,2.21,2025-12-11T01:00:00,2025-12-11T03:25:35.660506774
H1860,Shaft,Steel,Cutting,M1,358,3.88,3.707,77.0,1.81,2025-09-23T03:00:00,2025-09-23T06:42:26.549584467
H1861,Valve,Titanium,Drilling,M6,346,2.03,2.431,57.5,3.44,2025-07-30T04:00:00,2025-07-30T06:25:50.487387606
H1862,Housing,Aluminium,Turning,M4,104,1.132,0.775,53.9,2.01,2025-12-26T05:00:00,2025-12-26T05:46:28.695900135
H1863,Cover,Plastic,Drilling,M5,438,2.49,1.723,61.1,1.76,2025-11-07T03:00:00,2025-11-07T04:43:21.818965318
H1864,Housing,Aluminium,Assembly,M7,276,3.612,2.677,66.4,2.24,2025-10-11T08:00:00,2025-10-11T10:40:37.842670547
H1865,Housing,Aluminium,Cutting,M1,191,2.21,1.399,73.5,2.57,2025-07-21T04:00:00,2025-07-21T05:23:56.343835189
H1866,Cover,Plastic,Drilling,M5,523,2.915,1.714,55.8,3.3,2025-07-16T06:00:00,2025-07-16T07:42:48.955933759
H1867,Bracket,Aluminium,Cutting,M1,365,3.95,3.189,69.4,1.82,2025-12-03T06:00:00,2025-12-03T09:11:19.070997823
H1868,Housing,Aluminium,Cutting,M1,197,2.27,1.559,58.0,3.06,2025-10-22T23:00:00,2025-10-23T00:33:31.796765639
H1869,Shaft,Steel,Drilling,M6,246,1.53,1.297,61.7,3.42,2025-12-28T07:00:00,2025-12-28T08:17:50.396983040
H1870,Valve,Titanium,Turning,M3,321,2.868,3.921,71.3,3.14,2025-12-20T01:00:00,2025-12-20T04:55:14.814485021
H1871,Cover,Plastic,Cutting,M2,75,1.05,0.671,55.0,3.21,2025-08-11T05:00:00,2025-08-11T05:40:14.699029444
H1872,Bracket,Aluminium,Assembly,M7,354,4.548,3.19,81.6,1.81,2025-09-28T01:00:00,2025-09-28T04:11:25.168390395
H1873,Shaft,Steel,Cutting,M1,47,0.77,0.734,60.0,3.63,2025-10-11T00:00:00,2025-10-11T00:44:01.498790093
H1874,Gear,Steel,Cutting,M1,517,5.47,4.235,65.1,1.26,2025-11-24T22:00:00,2025-11-25T02:14:04.739940770
H1875,Cover,Plastic,Assembly,M7,497,6.264,3.073,55.1,0.86,2025-12-23T02:00:00,2025-12-23T05:04:23.351024523
H1876,Shaft,Steel,Turning,M4,596,5.068,4.843,62.9,2.37,2025-07-11T05:00:00,2025-07-11T09:50:34.357717871
H1877,Gear,Steel,Cutting,M2,199,2.29,2.59,66.0,4.71,2025-08-28T01:00:00,2025-08-28T03:35:23.086666989
H1878,Cover,Plastic,Drilling,M5,407,2.335,1.457,68.6,1.4,2025-11-16T05:00:00,2025-11-16T06:27:25.293133575
H1879,Shaft,Steel,Turning,M4,269,2.452,2.298,71.8,2.8,2025-12-05T21:00:00,2025-12-05T23:17:51.078099725
H1880,Housing,Aluminium,Cutting,M1,362,3.92,3.18,64.5,2.41,2025-08-26T04:00:00,2025-08-26T07:10:48.580260327
H1881,Shaft,Steel,Turning,M3,218,2.044,1.832,64.2,1.84,2025-07-30T08:00:00,2025-07-30T09:49:55.039802929
H1882,Valve,Titanium,Turning,M4,229,2.132,3.015,60.2,3.08,2025-07-17T02:00:00,2025-07-17T05:00:52.607375670
H1883,Gear,Steel,Drilling,M5,390,2.25,2.382,64.2,2.55,2025-12-20T23:00:00,2025-12-21T01:22:55.261749146
H1884,Gear,Steel,Cutting,M1,435,4.65,4.422,64.9,2.17,2025-12-25T00:00:00,2025-12-25T04:25:20.632825789
H1885,Cover,Plastic,Assembly,M7,303,3.936,2.069,75.1,2.8,2025-10-08T23:00:00,2025-10-09T01:04:08.820992895
H1886,Cover,Plastic,Drilling,M6,427,2.435,1.169,75.7,2.96,2025-08-31T01:00:00,2025-08-31T02:10:08.602471257
H1887,Gear,Steel,Drilling,M6,134,0.97,0.963,58.4,3.69,2025-07-29T21:00:00,2025-07-29T21:57:46.049451719
H1888,Gear,Steel,Assembly,M7,301,3.912,3.647,69.5,2.76,2025-07-25T08:00:00,2025-07-25T11:38:49.255281888
H1889,Cover,Plastic,Drilling,M5,476,2.68,1.83,76.7,2.33,2025-12-23T00:00:00,2025-12-23T01:49:46.517192713
H1890,Valve,Titanium,Turning,M4,292,2.636,3.694,74.2,2.14,2025-07-20T06:00:00,2025-07-20T09:41:37.132544835
H1891,Cover,Plastic,Drilling,M5,275,1.675,1.111,63.1,1.56,2025-07-28T21:00:00,2025-07-28T22:06:38.824224737
H1892,Gear,Steel,Drilling,M6,29,0.445,0.374,66.7,3.11,2025-09-14T02:00:00,2025-09-14T02:22:26.026299655
H1893,Bracket,Aluminium,Drilling,M6,299,1.795,1.263,62.7,2.66,2025-10-30T08:00:00,2025-10-30T09:15:45.597812793
H1894,Cover,Plastic,Cutting,M1,165,1.95,0.916,57.7,2.85,2025-10-12T05:00:00,2025-10-12T05:54:55.873270764
H1895,Valve,Titanium,Cutting,M1,336,3.66,5.478,51.1,1.87,2025-07-12T21:00:00,2025-07-13T02:28:40.940196414
H1896,Gear,Steel,Assembly,M8,487,6.144,5.83,74.6,3.33,2025-08-24T23:00:00,2025-08-25T04:49:47.330094125
H1897,Cover,Plastic,Cutting,M2,145,1.75,1.135,55.3,1.48,2025-10-24T08:00:00,2025-10-24T09:08:06.879912501
H1898,Housing,Aluminium,Turning,M4,238,2.204,1.539,56.0,1.96,2025-08-31T01:00:00,2025-08-31T02:32:21.428905580
H1899,Bracket,Aluminium,Drilling,M6,502,2.81,1.705,69.6,3.03,2025-07-30T04:00:00,2025-07-30T05:42:17.351354861
H1900,Valve,Titanium,Assembly,M8,82,1.284,1.86,68.4,2.58,2025-12-13T07:00:00,2025-12-13T08:51:36.550417441
H1901,Bracket,Aluminium,Drilling,M6,482,2.71,1.834,61.5,2.55,2025-07-28T04:00:00,2025-07-28T05:50:01.488919359
H1902,Valve,Titanium,Assembly,M8,78,1.236,1.624,73.5,1.66,2025-07-11T05:00:00,2025-07-11T06:37:27.596158193
H1903,Bracket,Aluminium,Assembly,M7,378,4.836,3.078,59.6,2.21,2025-11-06T22:00:00,2025-11-07T01:04:41.209931202
H1904,Shaft,Steel,Drilling,M5,553,3.065,3.688,64.0,1.03,2025-09-27T23:00:00,2025-09-28T02:41:17.501331712
H1905,Housing,Aluminium,Assembly,M8,590,7.38,4.802,58.4,0.2,2025-07-18T00:00:00,2025-07-18T04:48:08.990883315
H1906,Cover,Plastic,Assembly,M8,130,1.86,0.894,53.6,2.22,2025-09-30T00:00:00,2025-09-30T00:53:38.062605306
H1907,Gear,Steel,Assembly,M7,477,6.024,5.397,58.9,2.71,2025-08-07T22:00:00,2025-08-08T03:23:48.972669098
H1908,Bracket,Aluminium,Drilling,M5,539,2.995,2.638,56.7,1.92,2025-10-30T06:00:00,2025-10-30T08:38:17.170430448
H1909,Bracket,Aluminium,Cutting,M1,127,1.57,1.222,65.8,2.26,2025-09-22T02:00:00,2025-09-22T03:13:19.341151936
H1910,Housing,Aluminium,Turning,M4,515,4.42,3.391,79.5,3.63,2025-09-24T23:00:00,2025-09-25T02:23:26.789847797
H1911,Gear,Steel,Cutting,M1,464,4.94,4.518,58.2,3.25,2025-12-30T23:00:00,2025-12-31T03:31:03.927998241
H1912,Valve,Titanium,Cutting,M1,166,1.96,2.509,49.9,2.03,2025-08-01T02:00:00,2025-08-01T04:30:33.744230798
H1913,Shaft,Steel,Cutting,M2,469,4.99,5.606,76.6,3.02,2025-12-21T07:00:00,2025-12-21T12:36:23.274694433
H1914,Cover,Plastic,Cutting,M1,62,0.92,0.502,70.4,2.5,2025-09-06T02:00:00,2025-09-06T02:30:08.372376247
H1915,Shaft,Steel,Cutting,M2,281,3.11,3.248,56.2,3.05,2025-11-13T07:00:00,2025-11-13T10:14:52.728633941
H1916,Housing,Aluminium,Cutting,M2,564,5.94,4.72,69.5,2.21,2025-10-06T22:00:00,2025-10-07T02:43:10.463957526
H1917,Valve,Titanium,Turning,M3,103,1.124,1.392,69.0,2.07,2025-10-26T23:00:00,2025-10-27T00:23:29.422186958
H1918,Bracket,Aluminium,Drilling,M6,320,1.9,1.214,55.3,2.18,2025-10-10T06:00:00,2025-10-10T07:12:49.476971473
H1919,Bracket,Aluminium,Cutting,M2,156,1.86,1.335,62.5,2.43,2025-09-06T21:00:00,2025-09-06T22:20:04.844396141
H1920,Shaft,Steel,Cutting,M2,538,5.68,6.307,60.3,2.43,2025-11-08T21:00:00,2025-11-09T03:18:23.897497527
H1921,Gear,Steel,Assembly,M8,359,4.608,4.785,78.7,2.7,2025-09-19T05:00:00,2025-09-19T09:47:06.688234763
H1922,Valve,Titanium,Cutting,M2,400,4.3,5.701,50.4,2.73,2025-09-26T04:00:00,2025-09-26T09:42:02.342580587
H1923,Cover,Plastic,Drilling,M6,132,0.96,0.491,64.9,2.61,2025-11-05T05:00:00,2025-11-05T05:29:28.226183926
H1924,Valve,Titanium,Assembly,M7,313,4.056,5.355,68.5,1.54,2025-11-05T08:00:00,2025-11-05T13:21:18.709070346
H1925,Valve,Titanium,Assembly,M8,555,6.96,8.766,60.6,1.71,2025-10-19T01:00:00,2025-10-19T09:45:58.651336006
H1926,Valve,Titanium,Turning,M4,332,2.956,3.997,58.7,2.43,2025-11-28T07:00:00,2025-11-28T10:59:48.343330138
H1927,Shaft,Steel,Turning,M4,555,4.74,4.537,58.2,1.59,2025-07-16T04:00:00,2025-07-16T08:32:12.027940587
H1928,Bracket,Aluminium,Drilling,M5,87,0.735,0.72,75.7,1.18,2025-12-15T05:00:00,2025-12-15T05:43:10.730957295
H1929,Shaft,Steel,Turning,M4,117,1.236,1.205,51.2,3.67,2025-07-24T00:00:00,2025-07-24T01:12:19.399813099
H1930,Valve,Titanium,Cutting,M2,231,2.61,3.521,62.5,2.11,2025-09-20T03:00:00,2025-09-20T06:31:16.379044765
H1931,Shaft,Steel,Drilling,M5,93,0.765,0.868,62.6,2.85,2025-11-28T05:00:00,2025-11-28T05:52:04.632432957
H1932,Gear,Steel,Drilling,M6,533,2.965,2.534,67.0,2.51,2025-12-16T08:00:00,2025-12-16T10:32:01.982147330
H1933,Valve,Titanium,Drilling,M5,310,1.85,3.436,85.4,2.19,2025-11-02T03:00:00,2025-11-02T06:26:08.507248587
H1934,Shaft,Steel,Turning,M4,244,2.252,1.924,57.1,3.72,2025-08-25T07:00:00,2025-08-25T08:55:26.076496334
H1935,Cover,Plastic,Drilling,M6,261,1.605,0.805,53.6,3.57,2025-12-23T00:00:00,2025-12-23T00:48:18.354323470
H1936,Gear,Steel,Cutting,M1,196,2.26,2.107,67.7,3.17,2025-09-02T00:00:00,2025-09-02T02:06:24.246528351
H1937,Shaft,Steel,Cutting,M2,386,4.16,3.657,62.4,2.41,2025-08-29T08:00:00,2025-08-29T11:39:26.112532577
H1938,Housing,Aluminium,Turning,M4,246,2.268,1.576,66.3,3.36,2025-12-01T23:00:00,2025-12-02T00:34:32.677135733
H1939,Cover,Plastic,Cutting,M1,405,4.35,2.382,56.1,1.34,2025-12-22T06:00:00,2025-12-22T08:22:53.668376410
H1940,Bracket,Aluminium,Cutting,M1,484,5.14,3.475,57.8,2.69,2025-10-21T23:00:00,2025-10-22T02:28:31.283782723
H1941,Gear,Steel,Assembly,M8,463,5.856,4.526,66.0,2.66,2025-12-26T07:00:00,2025-12-26T11:31:32.991893471
H1942,Cover,Plastic,Drilling,M6,52,0.56,0.307,69.8,2.34,2025-11-29T02:00:00,2025-11-29T02:18:23.986644756
H1943,Housing,Aluminium,Cutting,M1,540,5.7,4.645,68.7,2.2,2025-09-12T07:00:00,2025-09-12T11:38:42.111948626
H1944,Shaft,Steel,Drilling,M5,434,2.47,2.736,52.7,1.36,2026-01-02T01:00:00,2026-01-02T03:44:07.922530019
H1945,Cover,Plastic,Cutting,M2,437,4.67,3.271,74.2,4.22,2025-08-10T21:00:00,2025-08-11T00:16:14.230976065
H1946,Housing,Aluminium,Cutting,M1,375,4.05,2.912,65.6,4.18,2025-11-20T02:00:00,2025-11-20T04:54:44.906907342
H1947,Shaft,Steel,Drilling,M6,212,1.36,1.098,58.2,2.29,2025-09-29T04:00:00,2025-09-29T05:05:52.359721596
H1948,Shaft,Steel,Cutting,M1,489,5.19,5.665,73.7,2.58,2025-07-11T04:00:00,2025-07-11T09:39:53.047589770
H1949,Gear,Steel,Cutting,M1,120,1.5,1.314,62.3,1.06,2025-11-14T07:00:00,2025-11-14T08:18:49.542970779
H1950,Housing,Aluminium,Cutting,M2,241,2.71,2.211,48.5,2.22,2025-09-05T05:00:00,2025-09-05T07:12:38.389127051
H1951,Housing,Aluminium,Turning,M4,459,3.972,2.929,58.7,2.51,2025-10-07T22:00:00,2025-10-08T00:55:43.707712318
H1952,Shaft,Steel,Turning,M3,387,3.396,3.046,63.7,4.44,2025-08-29T23:00:00,2025-08-30T02:02:45.082943624
H1953,Bracket,Aluminium,Cutting,M1,411,4.41,3.016,70.5,1.95,2025-08-20T03:00:00,2025-08-20T06:00:57.404241018
H1954,Bracket,Aluminium,Drilling,M5,591,3.255,3.024,61.3,3.2,2025-12-10T00:00:00,2025-12-10T03:01:26.425895025
H1955,Gear,Steel,Drilling,M6,58,0.59,0.518,80.1,2.42,2025-10-31T22:00:00,2025-10-31T22:31:06.098504478
H1956,Housing,Aluminium,Turning,M3,310,2.78,1.812,59.8,2.97,2025-11-08T21:00:00,2025-11-08T22:48:41.983155153
H1957,Valve,Titanium,Assembly,M7,416,5.292,7.181,69.5,1.31,2025-10-16T00:00:00,2025-10-16T07:10:49.816033119
H1958,Housing,Aluminium,Cutting,M1,317,3.47,2.751,60.2,1.4,2025-11-07T02:00:00,2025-11-07T04:45:05.089327581
H1959,Housing,Aluminium,Assembly,M7,326,4.212,3.016,70.2,3.01,2025-07-31T23:00:00,2025-08-01T02:00:58.895484509
H1960,Cover,Plastic,Cutting,M1,50,0.8,0.435,68.4,3.38,2025-08-17T05:00:00,2025-08-17T05:26:07.297881027
H1961,Valve,Titanium,Assembly,M8,262,3.444,4.92,50.7,1.08,2025-10-27T00:00:00,2025-10-27T04:55:12.613220540
H1962,Cover,Plastic,Cutting,M1,314,3.44,1.888,61.8,2.29,2025-08-26T22:00:00,2025-08-26T23:53:18.442137269
H1963,Bracket,Aluminium,Cutting,M2,181,2.11,1.798,63.8,1.6,2025-11-04T21:00:00,2025-11-04T22:47:53.067164556
H1964,Valve,Titanium,Drilling,M5,328,1.94,3.085,64.0,3.17,2025-09-06T21:00:00,2025-09-07T00:05:04.306216439
H1965,Housing,Aluminium,Cutting,M2,384,4.14,3.361,55.1,1.39,2025-12-15T21:00:00,2025-12-16T00:21:38.359979983
H1966,Valve,Titanium,Turning,M3,422,3.676,4.866,59.9,3.42,2025-12-06T01:00:00,2025-12-06T05:51:58.486490985
H1967,Bracket,Aluminium,Assembly,M7,599,7.488,5.295,67.9,1.59,2025-10-01T07:00:00,2025-10-01T12:17:42.186174186
H1968,Housing,Aluminium,Turning,M4,529,4.532,3.321,56.0,2.69,2025-07-11T05:00:00,2025-07-11T08:19:15.888018176
H1969,Gear,Steel,Assembly,M8,400,5.1,5.699,71.9,2.22,2026-01-03T03:00:00,2026-01-03T08:41:58.163369579
H1970,Housing,Aluminium,Assembly,M8,232,3.084,2.314,71.0,2.89,2025-09-15T22:00:00,2025-09-16T00:18:50.340753199
H1971,Housing,Aluminium,Turning,M3,260,2.38,1.724,75.0,0.87,2025-07-10T06:00:00,2025-07-10T07:43:24.830668539
H1972,Shaft,Steel,Turning,M4,103,1.124,1.027,67.9,1.65,2025-11-14T01:00:00,2025-11-14T02:01:35.413185536
H1973,Bracket,Aluminium,Assembly,M7,194,2.628,1.893,66.2,1.48,2025-08-29T00:00:00,2025-08-29T01:53:36.124220697
H1974,Gear,Steel,Drilling,M6,279,1.695,1.432,67.2,0.2,2025-09-22T23:00:00,2025-09-23T00:25:53.781574173
H1975,Housing,Aluminium,Turning,M4,108,1.164,0.779,62.9,2.94,2025-08-26T22:00:00,2025-08-26T22:46:45.543690552
H1976,Cover,Plastic,Drilling,M5,287,1.735,1.15,74.0,1.26,2025-10-11T21:00:00,2025-10-11T22:08:58.713871165
H1977,Gear,Steel,Cutting,M2,554,5.84,6.057,47.8,2.03,2026-01-03T06:00:00,2026-01-03T12:03:24.332096910
H1978,Valve,Titanium,Drilling,M6,593,3.265,4.687,66.5,1.79,2025-11-28T02:00:00,2025-11-28T06:41:11.530298603
H1979,Housing,Aluminium,Cutting,M1,541,5.71,4.003,55.0,2.13,2025-09-10T06:00:00,2025-09-10T10:00:11.578789868
H1980,Shaft,Steel,Cutting,M1,64,0.94,0.844,52.2,2.67,2025-12-23T23:00:00,2025-12-23T23:50:39.034373654
H1981,Gear,Steel,Turning,M3,469,4.052,3.636,76.1,1.88,2025-10-31T06:00:00,2025-10-31T09:38:08.015255156
H1982,Shaft,Steel,Turning,M4,455,3.94,3.664,64.7,1.45,2025-11-09T23:00:00,2025-11-10T02:39:49.443517499
H1983,Shaft,Steel,Cutting,M1,61,0.91,0.977,65.1,3.61,2025-08-29T01:00:00,2025-08-29T01:58:36.594791519
H1984,Housing,Aluminium,Assembly,M7,479,6.048,4.061,61.1,2.73,2025-07-31T00:00:00,2025-07-31T04:03:40.313703744
H1985,Housing,Aluminium,Turning,M4,139,1.412,1.054,67.3,2.82,2025-12-18T23:00:00,2025-12-19T00:03:15.923633100
H1986,Valve,Titanium,Assembly,M8,570,7.14,9.843,65.7,3.89,2025-07-31T08:00:00,2025-07-31T17:50:36.450047927
H1987,Cover,Plastic,Drilling,M6,123,0.915,0.443,61.5,2.67,2025-12-15T08:00:00,2025-12-15T08:26:34.988433855
H1988,Cover,Plastic,Cutting,M2,36,0.66,0.337,69.7,2.33,2025-09-19T03:00:00,2025-09-19T03:20:14.002197519
H1989,Gear,Steel,Turning,M3,514,4.412,4.191,71.2,1.38,2025-12-22T02:00:00,2025-12-22T06:11:27.491772347
H1990,Cover,Plastic,Cutting,M2,30,0.6,0.339,61.8,2.05,2025-11-07T01:00:00,2025-11-07T01:20:21.725907138
H1991,Bracket,Aluminium,Drilling,M6,151,1.055,0.683,75.2,2.3,2025-10-11T01:00:00,2025-10-11T01:40:57.925413475
H1992,Housing,Aluminium,Assembly,M8,280,3.66,2.484,66.1,2.03,2025-10-22T00:00:00,2025-10-22T02:29:04.172795985
H1993,Valve,Titanium,Drilling,M6,528,2.94,3.679,66.9,1.87,2025-12-18T23:00:00,2025-12-19T02:40:44.474884283
H1994,Valve,Titanium,Turning,M4,92,1.036,1.456,57.4,1.66,2025-11-04T05:00:00,2025-11-04T06:27:20.774654351
H1995,Shaft,Steel,Cutting,M1,163,1.93,1.546,72.4,0.95,2025-08-31T06:00:00,2025-08-31T07:32:45.403407065
H1996,Valve,Titanium,Cutting,M2,366,3.96,5.474,69.9,2.74,2025-08-21T21:00:00,2025-08-22T02:28:25.424703360
H1997,Bracket,Aluminium,Drilling,M5,518,2.89,2.802,68.4,1.84,2025-08-30T01:00:00,2025-08-30T03:48:07.069559788
H1998,Cover,Plastic,Drilling,M6,124,0.92,0.411,61.5,2.57,2025-10-08T08:00:00,2025-10-08T08:24:40.225647721
H1999,Cover,Plastic,Cutting,M2,302,3.32,2.208,50.6,2.28,2025-12-24T03:00:00,2025-12-24T05:12:29.606114166
H2000,Bracket,Aluminium,Drilling,M6,154,1.07,0.684,57.5,1.04,2025-12-08T06:00:00,2025-12-08T06:41:02.454004925
H2001,Bracket,Aluminium,Assembly,M7,354,4.548,3.236,61.2,2.14,2025-11-06T22:00:00,2025-11-07T01:14:09.881055670
H2002,Shaft,Steel,Drilling,M6,22,0.41,0.333,73.5,2.6,2025-10-10T02:00:00,2025-10-10T02:19:58.004119174
H2003,Bracket,Aluminium,Assembly,M8,317,4.104,2.736,61.8,1.75,2025-07-14T04:00:00,2025-07-14T06:44:08.970196162
H2004,Cover,Plastic,Drilling,M6,564,3.12,1.512,57.6,2.09,2025-12-22T00:00:00,2025-12-22T01:30:44.362773144
H2005,Bracket,Aluminium,Cutting,M2,400,4.3,3.837,69.3,2.02,2025-11-26T04:00:00,2025-11-26T07:50:11.702537860
H2006,Gear,Steel,Turning,M4,199,1.892,1.909,74.9,2.16,2025-11-28T22:00:00,2025-11-28T23:54:32.931707577
H2007,Shaft,Steel,Turning,M3,207,1.956,1.758,58.0,3.16,2025-11-06T03:00:00,2025-11-06T04:45:27.677831846
H2008,Bracket,Aluminium,Assembly,M7,511,6.432,4.595,67.8,4.01,2025-10-31T02:00:00,2025-10-31T06:35:42.746731584
H2009,Gear,Steel,Turning,M4,384,3.372,3.178,63.7,1.81,2025-07-23T08:00:00,2025-07-23T11:10:39.512658962
H2010,Shaft,Steel,Cutting,M2,371,4.01,4.464,65.8,2.32,2025-07-29T00:00:00,2025-07-29T04:27:49.605264756
H2011,Shaft,Steel,Drilling,M6,223,1.415,1.104,66.7,2.03,2025-10-27T21:00:00,2025-10-27T22:06:15.974940954
H2012,Cover,Plastic,Drilling,M5,413,2.365,1.852,67.7,2.55,2025-08-29T01:00:00,2025-08-29T02:51:06.934520395
H2013,Bracket,Aluminium,Drilling,M6,264,1.62,1.263,46.2,2.21,2025-07-12T07:00:00,2025-07-12T08:15:45.360486935
H2014,Shaft,Steel,Cutting,M1,370,4.0,3.113,64.9,2.6,2025-10-22T08:00:00,2025-10-22T11:06:47.640001649
H2015,Bracket,Aluminium,Drilling,M5,312,1.86,2.015,67.9,2.61,2025-11-07T23:00:00,2025-11-08T01:00:54.053883389
H2016,Valve,Titanium,Turning,M4,386,3.388,4.894,78.6,1.52,2025-09-26T01:00:00,2025-09-26T05:53:37.192708933
H2017,Cover,Plastic,Drilling,M5,447,2.535,1.662,68.0,3.48,2026-01-03T06:00:00,2026-01-03T07:39:41.704729566
H2018,Cover,Plastic,Assembly,M8,385,4.92,2.875,63.5,1.73,2025-09-30T00:00:00,2025-09-30T02:52:31.083980721
H2019,Cover,Plastic,Cutting,M2,93,1.23,0.691,70.2,2.95,2025-12-16T02:00:00,2025-12-16T02:41:29.121549173
H2020,Valve,Titanium,Turning,M3,179,1.732,2.34,72.2,3.05,2025-10-24T23:00:00,2025-10-25T01:20:22.465885207
H2021,Shaft,Steel,Turning,M3,565,4.82,4.13,54.2,2.7,2025-08-09T05:00:00,2025-08-09T09:07:48.124122367
H2022,Gear,Steel,Drilling,M6,214,1.37,1.032,53.8,3.14,2025-11-24T07:00:00,2025-11-24T08:01:54.516748085
H2023,Housing,Aluminium,Turning,M4,25,0.5,0.328,68.8,2.15,2025-09-11T02:00:00,2025-09-11T02:19:42.597070009
H2024,Housing,Aluminium,Turning,M4,207,1.956,1.457,67.5,2.13,2025-09-13T07:00:00,2025-09-13T08:27:25.219305694
H2025,Valve,Titanium,Turning,M3,131,1.348,1.792,62.2,2.65,2025-11-02T07:00:00,2025-11-02T08:47:30.384064758
H2026,Bracket,Aluminium,Drilling,M5,175,1.175,1.042,69.5,1.47,2025-10-08T21:00:00,2025-10-08T22:02:29.527976929
H2027,Bracket,Aluminium,Cutting,M1,572,6.02,4.089,57.6,2.93,2025-12-14T06:00:00,2025-12-14T10:05:19.879182837
H2028,Valve,Titanium,Turning,M3,59,0.772,0.997,70.8,3.18,2025-08-16T05:00:00,2025-08-16T05:59:48.662378189
H2029,Housing,Aluminium,Assembly,M7,101,1.512,1.133,60.8,2.15,2025-10-23T07:00:00,2025-10-23T08:07:59.143016250
H2030,Gear,Steel,Drilling,M6,155,1.075,0.957,59.4,1.03,2025-07-14T08:00:00,2025-07-14T08:57:23.441581803
H2031,Cover,Plastic,Cutting,M1,89,1.19,0.616,57.8,1.3,2025-12-12T07:00:00,2025-12-12T07:36:56.631236723
H2032,Valve,Titanium,Drilling,M5,194,1.27,2.276,70.4,1.2,2025-09-02T02:00:00,2025-09-02T04:16:35.212013497
H2033,Gear,Steel,Assembly,M7,421,5.352,4.521,64.8,2.66,2025-12-24T02:00:00,2025-12-24T06:31:16.535644819
H2034,Bracket,Aluminium,Assembly,M7,424,5.388,3.516,56.8,2.45,2025-12-23T06:00:00,2025-12-23T09:30:56.748495734
H2035,Bracket,Aluminium,Cutting,M2,220,2.5,1.687,64.7,2.64,2025-08-01T01:00:00,2025-08-01T02:41:11.885345185
H2036,Bracket,Aluminium,Drilling,M6,108,0.84,0.519,66.4,2.64,2025-11-10T04:00:00,2025-11-10T04:31:07.731449108
H2037,Housing,Aluminium,Cutting,M2,191,2.21,1.893,58.1,2.36,2025-12-16T07:00:00,2025-12-16T08:53:35.175830182
H2038,Cover,Plastic,Cutting,M1,525,5.55,3.031,69.6,1.96,2025-11-07T21:00:00,2025-11-08T00:01:52.866551488
H2039,Housing,Aluminium,Cutting,M1,161,1.91,1.567,53.7,2.89,2025-09-08T05:00:00,2025-09-08T06:34:01.053302146
H2040,Gear,Steel,Assembly,M7,219,2.928,2.662,59.0,2.63,2025-12-05T06:00:00,2025-12-05T08:39:43.090812959
H2041,Housing,Aluminium,Turning,M4,509,4.372,3.075,63.6,4.09,2025-08-18T04:00:00,2025-08-18T07:04:30.564674156
H2042,Gear,Steel,Turning,M3,548,4.684,3.957,64.7,1.78,2025-10-06T21:00:00,2025-10-07T00:57:23.500567175
H2043,Gear,Steel,Assembly,M7,155,2.16,1.829,69.4,2.43,2025-10-16T23:00:00,2025-10-17T00:49:43.163091673
H2044,Housing,Aluminium,Turning,M4,268,2.444,1.822,61.3,3.47,2025-12-16T07:00:00,2025-12-16T08:49:19.789086971
H2045,Housing,Aluminium,Cutting,M1,369,3.99,2.817,63.7,1.74,2025-11-23T00:00:00,2025-11-23T02:49:01.236285251
H2046,Shaft,Steel,Cutting,M1,292,3.22,2.959,56.3,3.12,2025-11-16T03:00:00,2025-11-16T05:57:31.879116122
H2047,Housing,Aluminium,Assembly,M8,78,1.236,0.87,54.9,1.64,2025-07-11T01:00:00,2025-07-11T01:52:12.693770815
H2048,Housing,Aluminium,Turning,M3,431,3.748,2.641,67.1,2.03,2025-11-22T01:00:00,2025-11-22T03:38:28.074493510
H2049,Valve,Titanium,Cutting,M1,307,3.37,4.564,64.8,3.22,2025-08-26T22:00:00,2025-08-27T02:33:50.408200095
H2050,Gear,Steel,Cutting,M1,343,3.73,3.203,64.5,2.0,2025-10-02T07:00:00,2025-10-02T10:12:11.844512851
H2051,Housing,Aluminium,Cutting,M2,388,4.18,3.229,78.7,2.92,2025-09-30T21:00:00,2025-10-01T00:13:45.625088874
H2052,Valve,Titanium,Turning,M4,435,3.78,5.127,63.2,2.93,2025-08-01T06:00:00,2025-08-01T11:07:37.212786356
H2053,Housing,Aluminium,Turning,M4,572,4.876,3.516,56.1,3.13,2025-11-04T06:00:00,2025-11-04T09:30:56.924901082
H2054,Valve,Titanium,Turning,M4,57,0.756,1.132,67.0,2.87,2025-10-17T22:00:00,2025-10-17T23:07:56.245219992
H2055,Cover,Plastic,Cutting,M1,450,4.8,2.69,65.7,3.36,2025-12-10T08:00:00,2025-12-10T10:41:24.174573332
H2056,Shaft,Steel,Cutting,M2,177,2.07,2.218,64.7,2.83,2025-08-24T02:00:00,2025-08-24T04:13:06.171547866
H2057,Shaft,Steel,Drilling,M6,348,2.04,1.567,62.6,1.84,2025-10-05T06:00:00,2025-10-05T07:34:00.662496570
H2058,Bracket,Aluminium,Drilling,M6,267,1.635,1.293,59.5,2.92,2025-09-02T00:00:00,2025-09-02T01:17:34.846182371
H2059,Shaft,Steel,Drilling,M6,104,0.82,0.654,65.8,2.84,2025-08-05T23:00:00,2025-08-05T23:39:13.173795181
H2060,Shaft,Steel,Turning,M3,347,3.076,2.612,65.5,1.54,2025-12-13T01:00:00,2025-12-13T03:36:44.183054356
H2061,Housing,Aluminium,Assembly,M7,173,2.376,1.755,62.8,2.69,2025-09-30T22:00:00,2025-09-30T23:45:16.922285910
H2062,Shaft,Steel,Cutting,M2,34,0.64,0.641,68.3,3.76,2025-08-06T23:00:00,2025-08-06T23:38:26.021488137
H2063,Shaft,Steel,Cutting,M2,397,4.27,4.914,74.2,3.46,2025-11-11T05:00:00,2025-11-11T09:54:52.145640910
H2064,Bracket,Aluminium,Assembly,M8,553,6.936,5.747,82.0,3.11,2025-07-10T22:00:00,2025-07-11T03:44:50.211098457
H2065,Housing,Aluminium,Turning,M4,430,3.74,2.313,56.3,2.37,2025-11-30T01:00:00,2025-11-30T03:18:46.123604566
H2066,Cover,Plastic,Drilling,M5,176,1.18,1.017,58.5,2.33,2025-12-31T06:00:00,2025-12-31T07:00:59.576756009
H2067,Gear,Steel,Drilling,M5,475,2.675,3.101,71.4,2.23,2025-11-16T23:00:00,2025-11-17T02:06:02.183239018
H2068,Housing,Aluminium,Assembly,M7,201,2.712,1.83,66.4,2.58,2025-07-12T05:00:00,2025-07-12T06:49:49.404377716
H2069,Cover,Plastic,Assembly,M8,108,1.596,0.973,72.1,2.44,2025-07-28T05:00:00,2025-07-28T05:58:22.691454457
H2070,Housing,Aluminium,Turning,M4,342,3.036,2.6,69.7,1.87,2025-08-27T21:00:00,2025-08-27T23:35:59.063927659
H2071,Bracket,Aluminium,Cutting,M2,388,4.18,3.642,69.4,3.57,2025-10-05T02:00:00,2025-10-05T05:38:32.942198809
H2072,Bracket,Aluminium,Drilling,M5,294,1.77,1.719,57.9,4.19,2025-11-03T05:00:00,2025-11-03T06:43:08.385990991
H2073,Bracket,Aluminium,Cutting,M1,462,4.92,3.441,49.4,2.17,2025-11-26T01:00:00,2025-11-26T04:26:28.095359792
H2074,Gear,Steel,Assembly,M7,318,4.116,3.781,59.9,2.24,2025-11-27T05:00:00,2025-11-27T08:46:51.235290520
H2075,Bracket,Aluminium,Assembly,M8,245,3.24,2.241,64.6,1.59,2025-11-25T22:00:00,2025-11-26T00:14:29.290948217
H2076,Valve,Titanium,Turning,M3,173,1.684,2.039,70.4,1.72,2025-12-13T07:00:00,2025-12-13T09:02:21.515249116
H2077,Cover,Plastic,Drilling,M5,479,2.695,1.835,62.8,3.74,2025-11-13T06:00:00,2025-11-13T07:50:07.492603603
H2078,Bracket,Aluminium,Cutting,M2,234,2.64,1.98,63.7,2.3,2025-09-19T22:00:00,2025-09-19T23:58:47.436361640
H2079,Valve,Titanium,Cutting,M2,60,0.9,1.465,61.3,2.04,2025-12-13T08:00:00,2025-12-13T09:27:55.550881228
H2080,Shaft,Steel,Drilling,M6,372,2.16,1.792,63.0,3.58,2025-08-18T08:00:00,2025-08-18T09:47:32.079363286
H2081,Shaft,Steel,Turning,M4,146,1.468,1.329,52.3,3.09,2025-12-07T06:00:00,2025-12-07T07:19:44.611077636
H2082,Shaft,Steel,Drilling,M5,240,1.5,1.539,64.2,1.7,2025-09-06T02:00:00,2025-09-06T03:32:18.918604956
H2083,Shaft,Steel,Turning,M3,428,3.724,3.144,62.4,0.99,2025-08-07T02:00:00,2025-08-07T05:08:37.138621415
H2084,Bracket,Aluminium,Drilling,M5,266,1.63,1.387,65.5,2.69,2025-07-18T01:00:00,2025-07-18T02:23:12.530267228
H2085,Cover,Plastic,Assembly,M7,171,2.352,1.212,85.7,1.96,2025-10-03T03:00:00,2025-10-03T04:12:42.137023676
H2086,Housing,Aluminium,Turning,M3,138,1.404,0.909,62.8,1.81,2025-09-19T07:00:00,2025-09-19T07:54:32.247143066
H2087,Housing,Aluminium,Cutting,M2,59,0.89,0.817,50.0,1.6,2025-07-29T04:00:00,2025-07-29T04:49:01.606865369
H2088,Bracket,Aluminium,Cutting,M1,223,2.53,1.882,80.7,2.47,2025-08-11T00:00:00,2025-08-11T01:52:53.761110065
H2089,Cover,Plastic,Assembly,M8,380,4.86,2.814,53.1,1.12,2025-10-06T03:00:00,2025-10-06T05:48:51.769553303
H2090,Shaft,Steel,Cutting,M2,438,4.68,4.276,78.9,2.21,2025-12-29T01:00:00,2025-12-29T05:16:33.007451751
H2091,Valve,Titanium,Assembly,M7,62,1.044,1.385,62.3,1.78,2025-12-30T04:00:00,2025-12-30T05:23:05.270287812
H2092,Housing,Aluminium,Cutting,M1,161,1.91,1.344,60.4,3.06,2025-12-23T02:00:00,2025-12-23T03:20:39.132961369
H2093,Shaft,Steel,Cutting,M2,566,5.96,6.472,76.3,1.59,2025-12-31T08:00:00,2025-12-31T14:28:19.852192649
H2094,Gear,Steel,Assembly,M8,499,6.288,5.338,62.2,2.5,2025-07-29T07:00:00,2025-07-29T12:20:15.282206612
H2095,Valve,Titanium,Drilling,M6,161,1.105,1.529,67.2,0.97,2025-08-27T23:00:00,2025-08-28T00:31:43.215225470
H2096,Cover,Plastic,Assembly,M8,596,7.452,3.782,61.0,3.08,2025-08-23T01:00:00,2025-08-23T04:46:55.101709891
H2097,Gear,Steel,Turning,M3,442,3.836,4.104,72.2,2.56,2025-11-12T23:00:00,2025-11-13T03:06:14.243948798
H2098,Housing,Aluminium,Turning,M3,420,3.66,2.649,76.8,2.44,2025-10-14T02:00:00,2025-10-14T04:38:55.501569633
H2099,Gear,Steel,Cutting,M2,121,1.51,1.563,68.8,2.42,2025-08-22T06:00:00,2025-08-22T07:33:48.505345391
H2100,Cover,Plastic,Drilling,M5,436,2.48,2.013,52.6,4.92,2025-10-10T04:00:00,2025-10-10T06:00:46.319593795
H2101,Bracket,Aluminium,Assembly,M8,93,1.416,0.956,58.5,1.45,2025-07-10T08:00:00,2025-07-10T08:57:22.874645092
H2102,Housing,Aluminium,Cutting,M1,504,5.34,3.655,62.5,3.1,2025-07-28T01:00:00,2025-07-28T04:39:17.396579576
H2103,Valve,Titanium,Cutting,M1,333,3.63,4.652,67.0,1.98,2025-07-10T06:00:00,2025-07-10T10:39:07.097330265
H2104,Cover,Plastic,Drilling,M6,390,2.25,1.167,71.5,1.4,2025-10-12T23:00:00,2025-10-13T00:09:59.748510197
H2105,Gear,Steel,Turning,M4,318,2.844,2.32,78.2,2.94,2025-10-29T06:00:00,2025-10-29T08:19:11.884656447
H2106,Gear,Steel,Turning,M4,498,4.284,3.765,59.5,2.46,2025-09-03T23:00:00,2025-09-04T02:45:53.433096932
H2107,Cover,Plastic,Drilling,M6,35,0.475,0.243,55.6,2.89,2025-10-15T06:00:00,2025-10-15T06:14:34.360301774
H2108,Shaft,Steel,Drilling,M5,470,2.65,3.102,66.3,3.11,2025-10-22T23:00:00,2025-10-23T02:06:06.632824020
H2109,Bracket,Aluminium,Drilling,M5,276,1.68,1.577,66.0,2.91,2025-09-03T06:00:00,2025-09-03T07:34:38.617430022
H2110,Bracket,Aluminium,Assembly,M7,108,1.596,1.073,59.9,2.46,2025-10-03T05:00:00,2025-10-03T06:04:21.879540598
H2111,Gear,Steel,Turning,M4,152,1.516,1.69,80.9,1.97,2025-12-10T03:00:00,2025-12-10T04:41:24.352643807
H2112,Housing,Aluminium,Cutting,M1,88,1.18,0.984,65.0,4.01,2025-07-12T21:00:00,2025-07-12T21:59:01.484917439
H2113,Housing,Aluminium,Turning,M3,558,4.764,3.835,58.2,3.52,2025-12-31T05:00:00,2025-12-31T08:50:07.442541950
H2114,Housing,Aluminium,Cutting,M2,74,1.04,0.863,57.2,2.54,2025-11-22T21:00:00,2025-11-22T21:51:48.214007959
H2115,Valve,Titanium,Cutting,M1,225,2.55,3.641,76.3,4.03,2025-11-10T04:00:00,2025-11-10T07:38:26.396606456
H2116,Cover,Plastic,Assembly,M7,20,0.54,0.299,60.6,2.42,2025-11-06T03:00:00,2025-11-06T03:17:56.432166471
H2117,Cover,Plastic,Drilling,M6,537,2.985,1.6,62.5,2.15,2025-08-14T04:00:00,2025-08-14T05:35:58.807313577
H2118,Valve,Titanium,Turning,M4,246,2.268,2.956,69.9,3.08,2025-09-17T02:00:00,2025-09-17T04:57:22.696660275
H2119,Bracket,Aluminium,Drilling,M6,319,1.895,1.341,70.6,2.03,2025-11-24T06:00:00,2025-11-24T07:20:26.212951517
H2120,Valve,Titanium,Drilling,M5,225,1.425,2.305,63.6,1.84,2025-12-19T00:00:00,2025-12-19T02:18:16.690339731
H2121,Valve,Titanium,Turning,M4,339,3.012,3.44,60.3,2.13,2025-07-25T06:00:00,2025-07-25T09:26:22.455507573
H2122,Valve,Titanium,Cutting,M1,408,4.38,5.852,54.6,2.0,2025-11-06T05:00:00,2025-11-06T10:51:08.630018265
H2123,Cover,Plastic,Assembly,M7,111,1.632,0.938,69.6,2.97,2025-12-26T06:00:00,2025-12-26T06:56:15.706999684
H2124,Housing,Aluminium,Assembly,M8,100,1.5,1.007,64.3,2.33,2026-01-04T06:00:00,2026-01-04T07:00:26.260366120
H2125,Cover,Plastic,Assembly,M7,29,0.648,0.335,53.1,2.88,2025-09-05T22:00:00,2025-09-05T22:20:05.784713116
H2126,Shaft,Steel,Turning,M4,115,1.22,1.225,58.6,1.62,2025-12-18T02:00:00,2025-12-18T03:13:31.199256833
H2127,Cover,Plastic,Drilling,M6,271,1.655,0.855,59.7,2.13,2025-09-19T01:00:00,2025-09-19T01:51:18.409738503
H2128,Housing,Aluminium,Assembly,M8,148,2.076,1.53,71.8,2.94,2025-08-10T21:00:00,2025-08-10T22:31:49.795758231
H2129,Gear,Steel,Turning,M3,347,3.076,2.223,55.6,2.47,2025-11-13T06:00:00,2025-11-13T08:13:21.104387416
H2130,Shaft,Steel,Drilling,M6,398,2.29,1.764,62.2,1.77,2025-08-01T21:00:00,2025-08-01T22:45:52.141769030
H2131,Housing,Aluminium,Assembly,M8,323,4.176,2.978,62.3,3.74,2025-07-21T05:00:00,2025-07-21T07:58:39.064216983
H2132,Valve,Titanium,Turning,M3,152,1.516,1.902,66.4,2.2,2025-10-12T22:00:00,2025-10-12T23:54:07.352051597
H2133,Cover,Plastic,Assembly,M7,536,6.732,3.999,74.2,3.0,2025-07-29T06:00:00,2025-07-29T09:59:54.951311369
H2134,Housing,Aluminium,Cutting,M2,204,2.34,1.898,69.4,3.13,2025-09-19T23:00:00,2025-09-20T00:53:54.310425175
H2135,Bracket,Aluminium,Cutting,M1,191,2.21,1.618,73.1,3.04,2025-09-17T08:00:00,2025-09-17T09:37:03.256453319
H2136,Gear,Steel,Cutting,M2,32,0.62,0.644,67.4,1.44,2025-12-11T01:00:00,2025-12-11T01:38:38.371002028
H2137,Gear,Steel,Assembly,M7,167,2.304,2.068,59.2,2.57,2025-07-31T03:00:00,2025-07-31T05:04:05.251616124
H2138,Bracket,Aluminium,Drilling,M5,204,1.32,1.151,83.3,2.41,2025-11-28T08:00:00,2025-11-28T09:09:02.914113627
H2139,Cover,Plastic,Cutting,M1,75,1.05,0.547,54.1,3.18,2025-07-24T22:00:00,2025-07-24T22:32:49.535809380
H2140,Housing,Aluminium,Assembly,M7,474,5.988,4.233,84.2,1.12,2025-07-29T22:00:00,2025-07-30T02:13:59.711375943
H2141,Valve,Titanium,Drilling,M6,447,2.535,3.091,75.3,1.86,2025-11-15T07:00:00,2025-11-15T10:05:27.881732465
H2142,Bracket,Aluminium,Drilling,M5,73,0.665,0.643,63.0,2.41,2025-10-22T21:00:00,2025-10-22T21:38:35.455365339
H2143,Housing,Aluminium,Turning,M4,159,1.572,1.096,62.6,2.03,2025-09-23T01:00:00,2025-09-23T02:05:46.869891462
H2144,Housing,Aluminium,Cutting,M2,316,3.46,2.923,68.0,1.81,2025-09-09T22:00:00,2025-09-10T00:55:23.235875498
H2145,Valve,Titanium,Cutting,M2,450,4.8,7.378,63.1,4.0,2025-11-03T03:00:00,2025-11-03T10:22:40.016807103
H2146,Housing,Aluminium,Cutting,M2,34,0.64,0.567,67.3,2.02,2025-07-15T22:00:00,2025-07-15T22:34:02.072159568
H2147,Cover,Plastic,Drilling,M5,596,3.28,2.309,62.7,3.62,2025-08-10T07:00:00,2025-08-10T09:18:31.731825663
H2148,Gear,Steel,Cutting,M2,550,5.8,6.755,62.8,2.71,2025-07-26T06:00:00,2025-07-26T12:45:17.681142142
H2149,Gear,Steel,Cutting,M1,290,3.2,3.049,51.9,1.86,2025-12-28T03:00:00,2025-12-28T06:02:57.259174567
H2150,Housing,Aluminium,Cutting,M1,371,4.01,3.11,81.1,3.34,2025-11-10T06:00:00,2025-11-10T09:06:35.288504165
H2151,Gear,Steel,Drilling,M6,178,1.19,0.997,55.8,2.04,2025-07-19T04:00:00,2025-07-19T04:59:48.477204521
H2152,Cover,Plastic,Cutting,M1,331,3.61,2.203,65.2,2.94,2025-12-07T02:00:00,2025-12-07T04:12:09.828267302
H2153,Bracket,Aluminium,Drilling,M5,218,1.39,1.357,70.5,1.8,2025-10-26T21:00:00,2025-10-26T22:21:25.427309222
H2154,Bracket,Aluminium,Assembly,M8,272,3.564,2.199,75.3,3.32,2025-12-06T03:00:00,2025-12-06T05:11:57.703908803
H2155,Housing,Aluminium,Cutting,M2,194,2.24,1.749,68.3,0.34,2025-11-28T07:00:00,2025-11-28T08:44:57.795366376
H2156,Shaft,Steel,Turning,M3,504,4.332,3.461,68.1,2.21,2025-07-21T07:00:00,2025-07-21T10:27:39.532055798
H2157,Shaft,Steel,Drilling,M5,56,0.58,0.721,70.6,2.57,2025-11-19T02:00:00,2025-11-19T02:43:15.860588034
H2158,Shaft,Steel,Cutting,M2,350,3.8,3.434,66.0,2.9,2025-12-29T03:00:00,2025-12-29T06:26:03.873641331
H2159,Shaft,Steel,Cutting,M1,309,3.39,2.84,72.8,2.27,2025-11-30T08:00:00,2025-11-30T10:50:25.766338743
H2160,Cover,Plastic,Cutting,M1,447,4.77,2.584,60.1,3.88,2025-08-09T00:00:00,2025-08-09T02:35:02.845927677
H2161,Valve,Titanium,Cutting,M2,93,1.23,2.028,71.4,3.03,2025-11-03T01:00:00,2025-11-03T03:01:41.603194470
H2162,Housing,Aluminium,Assembly,M7,570,7.14,5.011,59.4,2.96,2025-07-22T07:00:00,2025-07-22T12:00:40.902949413
H2163,Cover,Plastic,Drilling,M6,526,2.93,1.465,62.9,2.62,2025-12-30T21:00:00,2025-12-30T22:27:54.792898822
H2164,Cover,Plastic,Cutting,M1,471,5.01,3.143,58.9,1.84,2025-09-13T03:00:00,2025-09-13T06:08:34.898790298
H2165,Shaft,Steel,Cutting,M2,267,2.97,2.789,62.5,1.7,2025-09-16T05:00:00,2025-09-16T07:47:21.274687952
H2166,Housing,Aluminium,Turning,M4,154,1.532,1.134,64.9,2.08,2025-10-24T23:00:00,2025-10-25T00:08:02.637855582
H2167,Bracket,Aluminium,Cutting,M1,494,5.24,3.789,54.8,3.44,2025-11-07T02:00:00,2025-11-07T05:47:21.177807737
H2168,Housing,Aluminium,Cutting,M1,513,5.43,4.065,51.7,1.89,2025-07-15T02:00:00,2025-07-15T06:03:54.980686072
H2169,Housing,Aluminium,Turning,M4,504,4.332,3.147,61.9,2.22,2025-08-08T07:00:00,2025-08-08T10:08:48.599917705
H2170,Housing,Aluminium,Assembly,M8,81,1.272,0.952,52.0,1.82,2025-10-14T08:00:00,2025-10-14T08:57:08.222615277
H2171,Bracket,Aluminium,Cutting,M2,547,5.77,5.229,77.6,3.33,2025-12-22T22:00:00,2025-12-23T03:13:43.431814677
H2172,Shaft,Steel,Cutting,M2,542,5.72,6.195,53.0,3.68,2025-12-08T05:00:00,2025-12-08T11:11:41.464573269
H2173,Valve,Titanium,Cutting,M2,486,5.16,7.052,50.3,3.31,2025-11-19T05:00:00,2025-11-19T12:03:05.692726139
H2174,Cover,Plastic,Cutting,M1,476,5.06,2.853,71.8,2.96,2025-08-03T07:00:00,2025-08-03T09:51:10.347130759
H2175,Bracket,Aluminium,Drilling,M5,595,3.275,2.983,77.5,1.38,2025-09-12T08:00:00,2025-09-12T10:58:57.839380606
H2176,Shaft,Steel,Drilling,M5,238,1.49,1.746,60.8,3.42,2025-12-17T07:00:00,2025-12-17T08:44:44.462503985
H2177,Shaft,Steel,Turning,M4,525,4.5,3.945,72.3,1.59,2025-12-02T00:00:00,2025-12-02T03:56:42.588929482
H2178,Bracket,Aluminium,Drilling,M6,500,2.8,2.098,71.0,1.79,2025-10-11T05:00:00,2025-10-11T07:05:51.352824064
H2179,Shaft,Steel,Turning,M3,179,1.732,1.482,60.6,2.63,2025-07-18T21:00:00,2025-07-18T22:28:54.155411694
H2180,Bracket,Aluminium,Drilling,M5,474,2.67,2.48,67.3,2.58,2025-09-21T01:00:00,2025-09-21T03:28:49.502540508
H2181,Housing,Aluminium,Turning,M4,92,1.036,0.874,62.9,4.53,2025-10-17T23:00:00,2025-10-17T23:52:25.100812093
H2182,Bracket,Aluminium,Drilling,M6,380,2.2,1.442,73.5,3.13,2025-11-29T06:00:00,2025-11-29T07:26:29.842809848
H2183,Gear,Steel,Cutting,M2,399,4.29,4.327,64.3,3.05,2025-09-19T05:00:00,2025-09-19T09:19:36.026386516
H2184,Cover,Plastic,Assembly,M7,302,3.924,2.042,48.3,1.51,2025-08-12T08:00:00,2025-08-12T10:02:30.313346560
H2185,Bracket,Aluminium,Assembly,M7,25,0.6,0.459,60.1,0.94,2025-07-15T23:00:00,2025-07-15T23:27:33.213692760
H2186,Shaft,Steel,Drilling,M6,47,0.535,0.435,81.8,3.1,2025-12-17T22:00:00,2025-12-17T22:26:05.702951312
H2187,Housing,Aluminium,Turning,M4,115,1.22,0.95,71.7,3.15,2025-10-14T23:00:00,2025-10-14T23:56:59.534677986
H2188,Bracket,Aluminium,Cutting,M1,23,0.53,0.384,66.4,1.0,2025-12-21T07:00:00,2025-12-21T07:23:01.434098914
H2189,Shaft,Steel,Drilling,M5,255,1.575,1.879,62.5,4.04,2025-07-24T01:00:00,2025-07-24T02:52:43.048108111
H2190,Valve,Titanium,Assembly,M8,76,1.212,1.569,70.4,1.97,2026-01-01T06:00:00,2026-01-01T07:34:06.969281549
H2191,Gear,Steel,Turning,M4,213,2.004,2.181,72.5,3.77,2025-07-16T01:00:00,2025-07-16T03:10:50.083130984
H2192,Bracket,Aluminium,Cutting,M2,373,4.03,3.101,70.1,1.95,2025-07-11T23:00:00,2025-07-12T02:06:03.438201792
H2193,Housing,Aluminium,Cutting,M2,355,3.85,3.39,54.9,2.5,2025-09-28T22:00:00,2025-09-29T01:23:23.992073327
H2194,Shaft,Steel,Drilling,M6,140,1.0,0.775,72.6,1.91,2025-09-05T03:00:00,2025-09-05T03:46:28.814544219
H2195,Housing,Aluminium,Cutting,M1,331,3.61,2.617,63.1,1.53,2025-12-12T08:00:00,2025-12-12T10:37:01.798785083
H2196,Bracket,Aluminium,Assembly,M7,208,2.796,1.839,66.3,2.64,2025-11-07T04:00:00,2025-11-07T05:50:20.737978817
H2197,Gear,Steel,Turning,M4,22,0.476,0.418,76.1,0.76,2025-07-13T06:00:00,2025-07-13T06:25:05.390374323
H2198,Gear,Steel,Turning,M3,112,1.196,1.13,74.9,0.97,2025-12-25T22:00:00,2025-12-25T23:07:47.706490442
H2199,Shaft,Steel,Cutting,M2,75,1.05,1.083,66.6,0.75,2025-10-30T08:00:00,2025-10-30T09:04:57.073042582
H2200,Housing,Aluminium,Turning,M4,567,4.836,3.907,60.2,3.7,2025-11-01T21:00:00,2025-11-02T00:54:25.103608887
H2201,Housing,Aluminium,Turning,M3,396,3.468,2.42,62.1,2.23,2025-11-27T01:00:00,2025-11-27T03:25:10.632561352
H2202,Gear,Steel,Cutting,M2,324,3.54,3.072,49.1,1.71,2025-08-01T03:00:00,2025-08-01T06:04:19.988805047
H2203,Valve,Titanium,Drilling,M6,30,0.45,0.538,62.9,1.45,2025-10-26T03:00:00,2025-10-26T03:32:17.638615406
H2204,Housing,Aluminium,Assembly,M7,503,6.336,3.945,72.7,2.3,2025-10-31T21:00:00,2025-11-01T00:56:41.583490485
H2205,Gear,Steel,Drilling,M6,335,1.975,2.016,56.6,2.56,2025-08-05T02:00:00,2025-08-05T04:00:57.048365267
H2206,Valve,Titanium,Assembly,M7,518,6.516,9.548,74.9,3.2,2025-07-30T01:00:00,2025-07-30T10:32:52.113747117
H2207,Housing,Aluminium,Turning,M4,536,4.588,2.918,78.7,3.01,2025-08-03T21:00:00,2025-08-03T23:55:04.727449380
H2208,Bracket,Aluminium,Drilling,M6,131,0.955,0.656,68.3,1.11,2025-07-20T05:00:00,2025-07-20T05:39:21.505789953
H2209,Bracket,Aluminium,Cutting,M1,400,4.3,3.163,77.0,2.83,2025-08-01T04:00:00,2025-08-01T07:09:46.154438045
H2210,Valve,Titanium,Turning,M4,571,4.868,6.838,66.6,2.85,2025-08-24T22:00:00,2025-08-25T04:50:15.785723245
H2211,Valve,Titanium,Turning,M3,271,2.468,2.908,74.2,2.4,2025-11-24T04:00:00,2025-11-24T06:54:29.082663256
H2212,Shaft,Steel,Drilling,M6,438,2.49,2.354,65.7,1.68,2025-08-21T02:00:00,2025-08-21T04:21:13.501995027
H2213,Housing,Aluminium,Cutting,M1,106,1.36,0.929,64.7,3.06,2025-09-05T05:00:00,2025-09-05T05:55:45.552939692
H2214,Shaft,Steel,Turning,M3,164,1.612,1.375,66.0,2.15,2025-09-13T06:00:00,2025-09-13T07:22:29.286248936
H2215,Shaft,Steel,Turning,M3,203,1.924,1.566,62.3,1.89,2025-09-02T01:00:00,2025-09-02T02:33:55.939211953
H2216,Bracket,Aluminium,Cutting,M1,40,0.7,0.555,67.6,1.65,2025-10-22T07:00:00,2025-10-22T07:33:16.347958926
H2217,Valve,Titanium,Drilling,M6,421,2.405,3.12,67.6,2.37,2025-08-22T02:00:00,2025-08-22T05:07:10.597281327
H2218,Bracket,Aluminium,Assembly,M8,172,2.364,1.746,62.3,0.88,2025-09-05T05:00:00,2025-09-05T06:44:44.601054537
H2219,Gear,Steel,Assembly,M7,75,1.2,1.1,62.2,3.32,2025-11-01T04:00:00,2025-11-01T05:05:58.322946694
H2220,Gear,Steel,Cutting,M2,154,1.84,1.667,59.3,2.24,2025-11-02T00:00:00,2025-11-02T01:39:59.718824079
H2221,Bracket,Aluminium,Assembly,M8,488,6.156,3.943,60.9,2.55,2025-07-27T01:00:00,2025-07-27T04:56:35.700124638
H2222,Gear,Steel,Drilling,M5,374,2.17,2.506,71.8,3.75,2025-07-18T06:00:00,2025-07-18T08:30:21.945362593
H2223,Bracket,Aluminium,Assembly,M7,162,2.244,1.593,61.4,0.61,2025-08-26T04:00:00,2025-08-26T05:35:33.514290632
H2224,Housing,Aluminium,Cutting,M1,350,3.8,2.718,67.6,3.28,2025-11-28T22:00:00,2025-11-29T00:43:05.346811380
H2225,Gear,Steel,Turning,M3,502,4.316,3.644,71.1,1.94,2025-09-18T07:00:00,2025-09-18T10:38:37.118694432
H2226,Bracket,Aluminium,Drilling,M5,499,2.795,2.229,66.2,2.77,2025-10-26T03:00:00,2025-10-26T05:13:45.134138613
H2227,Bracket,Aluminium,Assembly,M8,539,6.768,4.57,67.9,2.17,2025-07-17T05:00:00,2025-07-17T09:34:11.655055332
H2228,Gear,Steel,Assembly,M7,208,2.796,2.965,72.3,1.73,2025-09-03T04:00:00,2025-09-03T06:57:54.275086112
H2229,Housing,Aluminium,Turning,M3,350,3.1,2.06,49.2,2.31,2025-07-27T07:00:00,2025-07-27T09:03:35.435863518
H2230,Housing,Aluminium,Assembly,M8,537,6.744,4.943,64.0,3.35,2025-11-13T23:00:00,2025-11-14T03:56:33.843188639
H2231,Bracket,Aluminium,Drilling,M5,219,1.395,1.089,66.4,2.09,2025-12-22T00:00:00,2025-12-22T01:05:18.849648978
H2232,Housing,Aluminium,Turning,M4,315,2.82,1.978,60.6,2.78,2025-09-30T03:00:00,2025-09-30T04:58:39.723136153
H2233,Cover,Plastic,Drilling,M6,231,1.455,0.63,56.1,2.69,2025-10-31T07:00:00,2025-10-31T07:37:47.687166123
H2234,Cover,Plastic,Assembly,M7,384,4.908,2.501,60.3,3.41,2026-01-03T21:00:00,2026-01-03T23:30:02.597565908
H2235,Housing,Aluminium,Assembly,M7,314,4.068,2.938,58.7,4.09,2026-01-02T02:00:00,2026-01-02T04:56:15.405164122
H2236,Cover,Plastic,Drilling,M6,208,1.34,0.664,74.9,3.83,2025-07-21T02:00:00,2025-07-21T02:39:50.088566019
H2237,Gear,Steel,Drilling,M6,296,1.78,1.612,64.3,2.35,2025-10-09T05:00:00,2025-10-09T06:36:43.441329657
H2238,Housing,Aluminium,Assembly,M8,537,6.744,4.197,64.1,0.53,2025-10-04T06:00:00,2025-10-04T10:11:49.520458500
H2239,Gear,Steel,Cutting,M1,479,5.09,4.38,54.5,2.1,2025-08-05T03:00:00,2025-08-05T07:22:47.027166738
H2240,Shaft,Steel,Drilling,M5,477,2.685,3.288,66.6,3.22,2025-11-01T01:00:00,2025-11-01T04:17:15.717513803
H2241,Valve,Titanium,Cutting,M1,245,2.75,3.472,64.8,2.73,2025-09-20T06:00:00,2025-09-20T09:28:19.226574125
H2242,Housing,Aluminium,Assembly,M7,300,3.9,3.03,61.3,4.04,2025-10-09T00:00:00,2025-10-09T03:01:46.882520536
H2243,Gear,Steel,Cutting,M1,484,5.14,4.526,59.5,2.65,2025-11-19T03:00:00,2025-11-19T07:31:33.041146629
H2244,Cover,Plastic,Cutting,M2,494,5.24,2.818,63.6,3.39,2025-11-09T22:00:00,2025-11-10T00:49:05.473357596
H2245,Cover,Plastic,Drilling,M5,175,1.175,0.746,60.8,3.24,2025-08-19T04:00:00,2025-08-19T04:44:44.858111661
H2246,Bracket,Aluminium,Cutting,M1,599,6.29,4.489,63.8,1.49,2025-12-31T02:00:00,2025-12-31T06:29:19.191784177
H2247,Cover,Plastic,Drilling,M6,241,1.505,0.745,73.2,2.82,2025-12-28T06:00:00,2025-12-28T06:44:42.729443293
H2248,Bracket,Aluminium,Drilling,M5,354,2.07,1.783,76.1,2.93,2025-11-24T08:00:00,2025-11-24T09:46:57.640894358
H2249,Cover,Plastic,Assembly,M7,525,6.6,3.564,60.9,1.93,2025-12-05T22:00:00,2025-12-06T01:33:51.021947365
H2250,Shaft,Steel,Turning,M4,476,4.108,3.715,51.5,2.87,2025-07-25T04:00:00,2025-07-25T07:42:54.704036404
H2251,Housing,Aluminium,Cutting,M1,232,2.62,1.884,72.8,1.9,2025-11-06T02:00:00,2025-11-06T03:53:01.328960555
H2252,Cover,Plastic,Drilling,M5,322,1.91,1.351,79.8,1.13,2025-12-18T04:00:00,2025-12-18T05:21:01.803884124
H2253,Bracket,Aluminium,Assembly,M7,158,2.196,1.745,53.6,1.4,2025-09-06T22:00:00,2025-09-06T23:44:41.280325290
H2254,Valve,Titanium,Turning,M3,510,4.38,6.221,59.1,2.77,2025-08-23T00:00:00,2025-08-23T06:13:13.946341251
H2255,Housing,Aluminium,Assembly,M8,492,6.204,4.262,67.4,4.04,2025-08-17T03:00:00,2025-08-17T07:15:43.051860636
H2256,Gear,Steel,Cutting,M2,196,2.26,2.17,70.4,1.82,2025-12-13T04:00:00,2025-12-13T06:10:10.753004483
H2257,Shaft,Steel,Cutting,M2,320,3.5,4.063,64.8,1.68,2025-10-28T07:00:00,2025-10-28T11:03:45.330051815
H2258,Cover,Plastic,Cutting,M1,457,4.87,2.197,65.7,1.3,2025-10-30T21:00:00,2025-10-30T23:11:47.506703273
H2259,Bracket,Aluminium,Assembly,M7,394,5.028,3.91,55.0,1.78,2025-08-23T03:00:00,2025-08-23T06:54:35.955522729
H2260,Gear,Steel,Drilling,M6,287,1.735,1.691,66.5,2.4,2025-08-30T03:00:00,2025-08-30T04:41:26.935014560
H2261,Bracket,Aluminium,Drilling,M6,309,1.845,1.239,57.6,2.81,2025-08-05T00:00:00,2025-08-05T01:14:19.181008228
H2262,Bracket,Aluminium,Cutting,M2,24,0.54,0.494,76.0,3.5,2025-11-09T03:00:00,2025-11-09T03:29:39.157073378
H2263,Shaft,Steel,Turning,M3,561,4.788,4.152,68.5,2.67,2025-11-13T23:00:00,2025-11-14T03:09:06.776090417
H2264,Gear,Steel,Turning,M4,556,4.748,4.733,62.9,3.7,2025-10-10T22:00:00,2025-10-11T02:43:59.512857280
H2265,Housing,Aluminium,Assembly,M8,520,6.54,5.075,73.2,2.41,2025-12-05T04:00:00,2025-12-05T09:04:31.615187231
H2266,Gear,Steel,Drilling,M6,581,3.205,2.37,60.0,4.36,2025-12-15T04:00:00,2025-12-15T06:22:10.523789821
H2267,Gear,Steel,Cutting,M2,517,5.47,5.355,67.0,1.86,2025-07-27T03:00:00,2025-07-27T08:21:16.618502363
H2268,Gear,Steel,Turning,M3,252,2.316,2.078,59.0,2.72,2025-08-09T05:00:00,2025-08-09T07:04:40.587980159
H2269,Gear,Steel,Drilling,M5,542,3.01,3.584,69.3,3.08,2025-11-23T22:00:00,2025-11-24T01:35:01.237868745
H2270,Housing,Aluminium,Turning,M3,438,3.804,2.396,89.8,1.09,2025-12-28T05:00:00,2025-12-28T07:23:44.005242834
H2271,Cover,Plastic,Assembly,M7,313,4.056,2.061,70.6,2.28,2025-10-24T02:00:00,2025-10-24T04:03:38.464978961
H2272,Cover,Plastic,Assembly,M7,232,3.084,1.729,61.1,2.27,2025-09-26T05:00:00,2025-09-26T06:43:45.316843524
H2273,Bracket,Aluminium,Drilling,M5,547,3.035,2.85,55.9,2.74,2025-09-19T00:00:00,2025-09-19T02:50:59.233887807
H2274,Valve,Titanium,Assembly,M7,448,5.676,6.413,60.0,3.69,2025-10-01T00:00:00,2025-10-01T06:24:46.093733682
H2275,Cover,Plastic,Cutting,M2,232,2.62,1.473,57.3,2.45,2025-08-18T23:00:00,2025-08-19T00:28:24.063854509
H2276,Shaft,Steel,Drilling,M5,173,1.165,1.563,81.9,2.19,2025-11-12T03:00:00,2025-11-12T04:33:45.243072655
H2277,Cover,Plastic,Drilling,M6,494,2.77,1.216,77.3,2.65,2025-08-22T22:00:00,2025-08-22T23:12:58.664526050
H2278,Bracket,Aluminium,Drilling,M6,204,1.32,0.854,71.4,2.26,2025-11-29T03:00:00,2025-11-29T03:51:15.082262292
H2279,Valve,Titanium,Drilling,M6,504,2.82,3.662,56.0,2.87,2025-10-14T22:00:00,2025-10-15T01:39:43.736295996
H2280,Housing,Aluminium,Assembly,M7,470,5.94,4.457,69.0,1.43,2025-11-27T01:00:00,2025-11-27T05:27:23.935066050
H2281,Housing,Aluminium,Turning,M4,551,4.708,3.496,64.1,3.21,2025-12-10T21:00:00,2025-12-11T00:29:44.516348489
H2282,Gear,Steel,Cutting,M2,149,1.79,1.727,67.3,2.19,2025-07-23T05:00:00,2025-07-23T06:43:37.074169570
H2283,Housing,Aluminium,Cutting,M1,206,2.36,1.876,65.5,2.01,2025-07-13T08:00:00,2025-07-13T09:52:34.288209586
H2284,Bracket,Aluminium,Drilling,M6,204,1.32,0.888,76.2,2.96,2025-09-16T21:00:00,2025-09-16T21:53:15.549670940
H2285,Valve,Titanium,Cutting,M2,208,2.38,3.827,67.8,0.2,2025-09-18T06:00:00,2025-09-18T09:49:38.431209493
H2286,Bracket,Aluminium,Assembly,M8,136,1.932,1.514,70.0,1.95,2025-09-10T01:00:00,2025-09-10T02:30:51.699392834
H2287,Bracket,Aluminium,Drilling,M6,25,0.425,0.317,58.4,2.74,2025-07-20T06:00:00,2025-07-20T06:19:02.250442589
H2288,Valve,Titanium,Turning,M3,373,3.284,4.272,54.3,2.63,2025-12-28T03:00:00,2025-12-28T07:16:18.345745747
H2289,Gear,Steel,Drilling,M5,156,1.08,1.334,80.2,2.58,2025-08-13T21:00:00,2025-08-13T22:20:03.162605148
H2290,Valve,Titanium,Cutting,M2,285,3.15,4.382,57.5,2.02,2025-11-16T01:00:00,2025-11-16T05:22:54.194557232
H2291,Bracket,Aluminium,Cutting,M2,64,0.94,0.788,58.1,3.61,2025-11-22T22:00:00,2025-11-22T22:47:17.498838507
H2292,Bracket,Aluminium,Drilling,M5,332,1.96,1.761,67.4,2.0,2025-12-16T21:00:00,2025-12-16T22:45:41.000770289
H2293,Shaft,Steel,Turning,M4,435,3.78,3.476,72.9,3.03,2025-09-07T03:00:00,2025-09-07T06:28:33.722444728
H2294,Cover,Plastic,Drilling,M5,124,0.92,0.664,76.6,2.4,2025-10-24T02:00:00,2025-10-24T02:39:50.943337201
H2295,Bracket,Aluminium,Cutting,M1,216,2.46,1.711,54.6,2.41,2025-10-27T01:00:00,2025-10-27T02:42:39.265873405
H2296,Shaft,Steel,Drilling,M5,266,1.63,2.036,66.2,2.42,2025-08-18T07:00:00,2025-08-18T09:02:09.640322046
H2297,Gear,Steel,Drilling,M5,575,3.175,3.542,70.2,2.51,2025-10-29T21:00:00,2025-10-30T00:32:30.363328654
H2298,Housing,Aluminium,Turning,M4,174,1.692,1.445,71.4,2.91,2025-09-06T08:00:00,2025-09-06T09:26:43.256475610
H2299,Valve,Titanium,Cutting,M1,489,5.19,6.572,56.7,2.04,2025-11-14T01:00:00,2025-11-14T07:34:20.733799539
H2300,Bracket,Aluminium,Assembly,M8,380,4.86,3.552,67.9,2.2,2025-08-22T22:00:00,2025-08-23T01:33:07.773065009
H2301,Bracket,Aluminium,Drilling,M6,286,1.73,1.125,64.0,1.08,2025-08-17T21:00:00,2025-08-17T22:07:30.511432404
H2302,Cover,Plastic,Cutting,M1,154,1.84,1.021,83.9,1.5,2025-08-07T08:00:00,2025-08-07T09:01:14.348887911
H2303,Bracket,Aluminium,Cutting,M1,268,2.98,2.098,70.1,3.53,2025-12-14T01:00:00,2025-12-14T03:05:51.068844413
H2304,Valve,Titanium,Turning,M4,270,2.46,3.355,66.9,2.72,2025-09-14T08:00:00,2025-09-14T11:21:17.899459284
H2305,Shaft,Steel,Drilling,M6,586,3.23,2.852,82.8,2.64,2025-09-21T02:00:00,2025-09-21T04:51:07.407635382
H2306,Cover,Plastic,Cutting,M1,561,5.91,3.403,68.5,2.16,2025-12-14T07:00:00,2025-12-14T10:24:10.793535862
H2307,Bracket,Aluminium,Drilling,M6,112,0.86,0.623,66.9,3.27,2025-10-19T05:00:00,2025-10-19T05:37:22.420045450
H2308,Housing,Aluminium,Assembly,M7,527,6.624,4.847,67.9,2.89,2025-08-04T01:00:00,2025-08-04T05:50:48.854513612
H2309,Cover,Plastic,Drilling,M6,556,3.08,1.508,84.8,3.11,2025-08-09T05:00:00,2025-08-09T06:30:28.461693084
H2310,Gear,Steel,Drilling,M5,545,3.025,3.59,53.0,1.67,2025-08-22T00:00:00,2025-08-22T03:35:23.479122119
H2311,Housing,Aluminium,Cutting,M2,48,0.78,0.6,63.2,1.94,2025-07-14T04:00:00,2025-07-14T04:35:59.227163645
H2312,Cover,Plastic,Cutting,M2,414,4.44,2.61,60.7,2.78,2025-09-06T00:00:00,2025-09-06T02:36:35.514507196
H2313,Cover,Plastic,Cutting,M2,401,4.31,2.38,65.6,2.09,2025-11-18T07:00:00,2025-11-18T09:22:48.170198403
H2314,Valve,Titanium,Turning,M4,540,4.62,6.52,78.1,3.06,2025-08-17T05:00:00,2025-08-17T11:31:11.567263894
H2315,Valve,Titanium,Drilling,M6,239,1.495,1.929,75.4,1.78,2026-01-03T07:00:00,2026-01-03T08:55:42.713873263
H2316,Cover,Plastic,Assembly,M8,68,1.116,0.7,51.4,0.68,2025-09-11T04:00:00,2025-09-11T04:41:58.682501928
H2317,Bracket,Aluminium,Cutting,M1,555,5.85,3.876,57.4,2.24,2025-07-11T06:00:00,2025-07-11T09:52:32.072152655
H2318,Valve,Titanium,Turning,M4,83,0.964,1.402,73.2,1.71,2025-10-08T23:00:00,2025-10-09T00:24:07.787947831
H2319,Gear,Steel,Assembly,M7,45,0.84,0.826,66.1,2.17,2025-07-27T04:00:00,2025-07-27T04:49:32.979099761
H2320,Cover,Plastic,Assembly,M7,144,2.028,1.127,61.5,2.5,2025-11-26T01:00:00,2025-11-26T02:07:38.746811921
H2321,Cover,Plastic,Drilling,M6,428,2.44,1.126,60.5,1.31,2025-08-15T23:00:00,2025-08-16T00:07:34.639127921
H2322,Gear,Steel,Assembly,M7,66,1.092,1.093,57.2,1.1,2025-09-15T05:00:00,2025-09-15T06:05:33.644896084
H2323,Gear,Steel,Turning,M4,351,3.108,3.209,76.7,2.97,2025-07-11T01:00:00,2025-07-11T04:12:33.663796182
H2324,Bracket,Aluminium,Cutting,M1,465,4.95,3.374,60.6,2.42,2025-09-15T05:00:00,2025-09-15T08:22:27.949112709
H2325,Cover,Plastic,Assembly,M7,209,2.808,1.559,67.5,2.34,2025-12-10T04:00:00,2025-12-10T05:33:33.718836953
H2326,Gear,Steel,Assembly,M8,281,3.672,3.099,69.7,2.09,2025-08-16T23:00:00,2025-08-17T02:05:56.346202283
H2327,Valve,Titanium,Drilling,M5,514,2.87,4.54,67.5,2.51,2025-10-24T06:00:00,2025-10-24T10:32:25.070557927
H2328,Bracket,Aluminium,Assembly,M8,200,2.7,1.572,71.2,2.81,2025-10-07T22:00:00,2025-10-07T23:34:19.079086463
H2329,Shaft,Steel,Drilling,M6,181,1.205,0.807,66.3,1.05,2025-10-07T03:00:00,2025-10-07T03:48:26.583851335
H2330,Gear,Steel,Assembly,M7,79,1.248,1.093,58.3,0.96,2025-12-05T01:00:00,2025-12-05T02:05:34.317786928
H2331,Cover,Plastic,Assembly,M8,468,5.916,3.109,71.7,2.52,2025-11-04T21:00:00,2025-11-05T00:06:31.827125273
H2332,Gear,Steel,Assembly,M7,394,5.028,4.831,63.9,2.22,2025-11-13T01:00:00,2025-11-13T05:49:51.839843422
H2333,Bracket,Aluminium,Cutting,M2,71,1.01,0.855,56.6,3.65,2025-09-24T06:00:00,2025-09-24T06:51:19.381175050
H2334,Housing,Aluminium,Assembly,M7,579,7.248,5.122,65.3,2.11,2025-11-14T06:00:00,2025-11-14T11:07:20.589837219
H2335,Housing,Aluminium,Cutting,M1,142,1.72,1.263,56.5,2.72,2025-07-21T22:00:00,2025-07-21T23:15:45.968834492
H2336,Gear,Steel,Drilling,M5,228,1.44,1.607,60.0,1.92,2025-08-15T23:00:00,2025-08-16T00:36:24.519360615
H2337,Shaft,Steel,Drilling,M6,368,2.14,1.923,65.3,3.04,2025-08-28T02:00:00,2025-08-28T03:55:23.305392834
H2338,Housing,Aluminium,Cutting,M1,70,1.0,0.677,68.9,1.88,2025-12-30T03:00:00,2025-12-30T03:40:35.725912816
H2339,Valve,Titanium,Assembly,M8,376,4.812,5.748,70.4,2.78,2025-10-18T07:00:00,2025-10-18T12:44:52.554050259
H2340,Housing,Aluminium,Cutting,M2,319,3.49,2.911,56.3,1.42,2025-10-22T00:00:00,2025-10-22T02:54:37.917947720
H2341,Gear,Steel,Drilling,M5,406,2.33,3.009,64.0,2.7,2025-12-20T21:00:00,2025-12-21T00:00:32.177839118
H2342,Housing,Aluminium,Cutting,M2,159,1.89,1.883,76.1,0.87,2025-10-30T01:00:00,2025-10-30T02:52:57.306647496
H2343,Cover,Plastic,Cutting,M2,80,1.1,0.617,61.5,2.21,2025-11-09T03:00:00,2025-11-09T03:37:02.084422566
H2344,Bracket,Aluminium,Drilling,M5,477,2.685,2.378,69.3,1.78,2025-11-10T01:00:00,2025-11-10T03:22:39.020964259
H2345,Gear,Steel,Turning,M4,557,4.756,4.363,77.3,2.34,2025-11-19T07:00:00,2025-11-19T11:21:46.843624738
H2346,Gear,Steel,Drilling,M6,135,0.975,0.71,68.4,2.7,2025-07-22T00:00:00,2025-07-22T00:42:36.324027054
H2347,Cover,Plastic,Assembly,M7,344,4.428,2.116,56.0,2.68,2025-08-15T06:00:00,2025-08-15T08:06:59.101795991
H2348,Shaft,Steel,Turning,M3,447,3.876,3.73,58.4,2.41,2025-09-13T04:00:00,2025-09-13T07:43:48.141350905
H2349,Cover,Plastic,Cutting,M1,494,5.24,2.498,60.6,1.49,2025-09-28T04:00:00,2025-09-28T06:29:52.619514983
H2350,Housing,Aluminium,Cutting,M1,374,4.04,2.391,62.8,1.36,2025-07-27T21:00:00,2025-07-27T23:23:26.227906205
H2351,Gear,Steel,Cutting,M2,461,4.91,4.607,67.2,1.35,2025-09-12T06:00:00,2025-09-12T10:36:26.979630638
H2352,Valve,Titanium,Cutting,M2,506,5.36,7.84,55.2,2.09,2025-07-20T00:00:00,2025-07-20T07:50:22.752443532
H2353,Housing,Aluminium,Turning,M3,203,1.924,1.208,64.5,2.71,2025-10-14T01:00:00,2025-10-14T02:12:29.195901610
H2354,Bracket,Aluminium,Assembly,M7,104,1.548,0.968,58.6,2.08,2025-10-31T22:00:00,2025-10-31T22:58:05.872968213
H2355,Cover,Plastic,Drilling,M5,367,2.135,1.319,80.5,3.13,2025-08-03T08:00:00,2025-08-03T09:19:09.506817777
H2356,Gear,Steel,Cutting,M2,596,6.26,6.469,72.1,3.8,2025-09-29T01:00:00,2025-09-29T07:28:06.949132409
H2357,Bracket,Aluminium,Drilling,M6,478,2.69,2.058,63.4,2.31,2025-11-19T08:00:00,2025-11-19T10:03:29.939302081
H2358,Cover,Plastic,Assembly,M8,85,1.32,0.791,86.5,2.2,2025-10-25T02:00:00,2025-10-25T02:47:26.325179231
H2359,Shaft,Steel,Turning,M4,572,4.876,4.263,72.0,1.93,2025-07-13T07:00:00,2025-07-13T11:15:45.443985601
H2360,Cover,Plastic,Drilling,M6,521,2.905,1.578,59.4,3.61,2025-10-07T04:00:00,2025-10-07T05:34:40.669043043
H2361,Bracket,Aluminium,Assembly,M8,150,2.1,1.625,60.1,2.73,2025-10-14T22:00:00,2025-10-14T23:37:31.741131659
H2362,Bracket,Aluminium,Cutting,M2,441,4.71,3.893,61.1,2.39,2025-11-22T06:00:00,2025-11-22T09:53:35.332894659
H2363,Housing,Aluminium,Assembly,M8,287,3.744,2.592,67.5,3.09,2025-10-05T01:00:00,2025-10-05T03:35:30.593990757
H2364,Gear,Steel,Cutting,M2,135,1.65,1.809,61.0,1.64,2025-10-22T02:00:00,2025-10-22T03:48:32.711714751
H2365,Housing,Aluminium,Assembly,M8,124,1.788,1.268,82.4,3.39,2025-12-04T01:00:00,2025-12-04T02:16:05.106517825
H2366,Valve,Titanium,Cutting,M2,328,3.58,5.609,53.7,2.27,2025-09-26T22:00:00,2025-09-27T03:36:33.575253634
H2367,Cover,Plastic,Cutting,M1,439,4.69,2.464,81.9,2.76,2025-07-28T02:00:00,2025-07-28T04:27:50.830655391
H2368,Bracket,Aluminium,Cutting,M2,570,6.0,4.341,42.7,4.62,2025-07-18T07:00:00,2025-07-18T11:20:28.847981336
H2369,Valve,Titanium,Drilling,M5,410,2.35,3.977,67.3,0.84,2025-08-19T04:00:00,2025-08-19T07:58:36.718874417
H2370,Housing,Aluminium,Assembly,M7,377,4.824,3.285,63.9,2.23,2025-09-15T21:00:00,2025-09-16T00:17:07.730947389
H2371,Valve,Titanium,Assembly,M8,227,3.024,4.058,56.5,1.76,2025-09-18T06:00:00,2025-09-18T10:03:29.633482374
H2372,Gear,Steel,Turning,M4,231,2.148,2.033,64.5,1.53,2025-12-25T05:00:00,2025-12-25T07:02:00.375362242
H2373,Cover,Plastic,Assembly,M8,39,0.768,0.407,70.5,2.53,2025-10-31T06:00:00,2025-10-31T06:24:24.013424195
H2374,Valve,Titanium,Cutting,M2,486,5.16,8.471,66.0,1.7,2025-08-31T05:00:00,2025-08-31T13:28:13.893301336
H2375,Cover,Plastic,Assembly,M7,284,3.708,2.12,57.3,3.35,2025-11-20T23:00:00,2025-11-21T01:07:11.142619586
H2376,Bracket,Aluminium,Cutting,M1,552,5.82,3.506,64.7,1.96,2025-09-03T02:00:00,2025-09-03T05:30:20.923842680
H2377,Valve,Titanium,Assembly,M8,85,1.32,1.742,67.3,3.15,2025-12-26T03:00:00,2025-12-26T04:44:31.426137403
H2378,Bracket,Aluminium,Drilling,M5,463,2.615,2.424,64.6,3.37,2025-09-08T01:00:00,2025-09-08T03:25:27.760500846
H2379,Valve,Titanium,Turning,M3,88,1.004,1.48,73.8,0.84,2025-12-28T00:00:00,2025-12-28T01:28:48.269352091
H2380,Housing,Aluminium,Cutting,M1,60,0.9,0.675,80.2,3.63,2025-11-19T08:00:00,2025-11-19T08:40:28.769498630
H2381,Valve,Titanium,Drilling,M5,23,0.415,0.818,59.6,2.44,2025-09-21T08:00:00,2025-09-21T08:49:03.448687070
H2382,Shaft,Steel,Cutting,M1,281,3.11,2.832,66.0,1.89,2025-11-28T04:00:00,2025-11-28T06:49:55.598807436
H2383,Valve,Titanium,Cutting,M1,358,3.88,5.962,65.4,2.23,2025-10-30T23:00:00,2025-10-31T04:57:43.987674460
H2384,Valve,Titanium,Assembly,M7,77,1.224,1.728,76.4,2.33,2025-08-20T02:00:00,2025-08-20T03:43:42.210121881
H2385,Housing,Aluminium,Assembly,M7,154,2.148,1.68,62.4,2.37,2025-11-17T05:00:00,2025-11-17T06:40:49.718497465
H2386,Cover,Plastic,Drilling,M5,48,0.54,0.343,57.8,3.16,2025-11-16T01:00:00,2025-11-16T01:20:36.516606702
H2387,Housing,Aluminium,Cutting,M1,117,1.47,1.235,77.5,1.33,2025-10-21T07:00:00,2025-10-21T08:14:06.368297573
H2388,Cover,Plastic,Drilling,M5,451,2.555,1.631,72.8,2.16,2025-09-18T01:00:00,2025-09-18T02:37:50.064960304
H2389,Valve,Titanium,Drilling,M5,143,1.015,1.518,54.9,2.71,2025-11-10T00:00:00,2025-11-10T01:31:03.499181591
H2390,Shaft,Steel,Cutting,M2,108,1.38,1.332,61.9,2.51,2025-09-03T08:00:00,2025-09-03T09:19:55.220545725
H2391,Housing,Aluminium,Turning,M3,193,1.844,1.395,60.1,1.92,2025-07-14T02:00:00,2025-07-14T03:23:40.243088927
H2392,Shaft,Steel,Turning,M3,425,3.7,3.072,63.7,4.22,2025-09-05T23:00:00,2025-09-06T02:04:20.241678588
H2393,Shaft,Steel,Cutting,M1,463,4.93,4.623,61.3,3.42,2025-10-23T00:00:00,2025-10-23T04:37:22.214568969
H2394,Gear,Steel,Drilling,M5,495,2.775,3.979,77.7,3.56,2025-10-15T04:00:00,2025-10-15T07:58:44.166321698
H2395,Housing,Aluminium,Cutting,M1,510,5.4,3.691,70.7,4.04,2025-07-31T08:00:00,2025-07-31T11:41:26.513941043
H2396,Shaft,Steel,Turning,M4,502,4.316,3.537,63.3,2.88,2025-07-28T04:00:00,2025-07-28T07:32:13.777922702
H2397,Valve,Titanium,Drilling,M6,398,2.29,3.092,80.6,2.19,2025-09-06T05:00:00,2025-09-06T08:05:32.975312482
H2398,Bracket,Aluminium,Drilling,M5,375,2.175,2.297,65.5,2.05,2025-09-04T23:00:00,2025-09-05T01:17:47.437067701
H2399,Gear,Steel,Cutting,M1,494,5.24,4.545,55.0,1.06,2025-12-05T04:00:00,2025-12-05T08:32:40.754654535
H2400,Gear,Steel,Cutting,M1,80,1.1,1.054,69.7,1.79,2025-10-01T03:00:00,2025-10-01T04:03:15.097115554
H2401,Housing,Aluminium,Turning,M3,193,1.844,1.494,54.9,3.34,2025-09-16T22:00:00,2025-09-16T23:29:39.985240499
H2402,Housing,Aluminium,Cutting,M1,322,3.52,2.648,61.6,2.21,2026-01-04T02:00:00,2026-01-04T04:38:53.016969088
H2403,Shaft,Steel,Drilling,M5,396,2.28,2.477,58.1,2.1,2025-11-21T08:00:00,2025-11-21T10:28:36.605939392
H2404,Bracket,Aluminium,Drilling,M5,491,2.755,2.261,71.7,2.6,2025-12-16T03:00:00,2025-12-16T05:15:40.546759621
H2405,Gear,Steel,Turning,M4,441,3.828,3.275,52.2,2.81,2025-10-10T22:00:00,2025-10-11T01:16:28.912517570
H2406,Valve,Titanium,Turning,M3,156,1.548,1.921,64.5,3.11,2025-11-06T02:00:00,2025-11-06T03:55:16.203856599
H2407,Gear,Steel,Drilling,M6,468,2.64,2.406,60.8,2.28,2025-11-29T00:00:00,2025-11-29T02:24:22.574289785
H2408,Bracket,Aluminium,Assembly,M8,270,3.54,2.792,61.5,1.34,2025-08-25T02:00:00,2025-08-25T04:47:31.932272378
H2409,Shaft,Steel,Drilling,M5,370,2.15,2.587,62.6,1.79,2025-08-23T01:00:00,2025-08-23T03:35:12.684523626
H2410,Valve,Titanium,Assembly,M8,498,6.276,7.693,82.1,0.98,2026-01-01T22:00:00,2026-01-02T05:41:34.445192852
H2411,Housing,Aluminium,Assembly,M7,105,1.56,1.141,68.5,2.96,2025-12-28T22:00:00,2025-12-28T23:08:28.791094857
H2412,Gear,Steel,Drilling,M6,85,0.725,0.688,71.5,3.03,2025-08-03T07:00:00,2025-08-03T07:41:16.100981615
H2413,Gear,Steel,Turning,M4,487,4.196,4.1,79.2,1.69,2025-11-15T21:00:00,2025-11-16T01:06:00.985219028
H2414,Housing,Aluminium,Turning,M3,276,2.508,1.634,67.0,2.91,2025-11-27T23:00:00,2025-11-28T00:38:04.131029849
H2415,Cover,Plastic,Drilling,M6,538,2.99,1.52,64.0,3.98,2025-08-29T04:00:00,2025-08-29T05:31:11.323397651
H2416,Cover,Plastic,Assembly,M7,542,6.804,3.379,64.0,2.15,2025-10-19T00:00:00,2025-10-19T03:22:44.673765869
H2417,Bracket,Aluminium,Cutting,M2,290,3.2,2.628,67.6,3.46,2025-08-05T03:00:00,2025-08-05T05:37:42.225588142
H2418,Valve,Titanium,Cutting,M2,144,1.74,2.347,77.2,2.44,2025-08-29T08:00:00,2025-08-29T10:20:50.919334177
H2419,Housing,Aluminium,Turning,M4,484,4.172,3.34,56.8,1.65,2025-12-24T02:00:00,2025-12-24T05:20:24.411081518
H2420,Gear,Steel,Drilling,M5,536,2.98,3.331,67.6,2.13,2025-07-16T21:00:00,2025-07-17T00:19:51.813026157
H2421,Bracket,Aluminium,Assembly,M7,510,6.42,5.358,63.3,3.17,2025-08-24T22:00:00,2025-08-25T03:21:29.786799204
H2422,Gear,Steel,Assembly,M7,494,6.228,5.982,65.5,3.34,2025-10-04T21:00:00,2025-10-05T02:58:56.267688171
H2423,Valve,Titanium,Drilling,M6,122,0.91,1.012,64.8,2.3,2025-08-06T23:00:00,2025-08-07T00:00:41.522465785
H2424,Bracket,Aluminium,Cutting,M2,283,3.13,2.395,62.4,2.62,2025-08-07T01:00:00,2025-08-07T03:23:40.408174422
H2425,Gear,Steel,Drilling,M5,382,2.21,2.558,51.0,3.58,2025-09-01T07:00:00,2025-09-01T09:33:29.809690567
H2426,Valve,Titanium,Turning,M4,337,2.996,4.418,69.5,2.67,2025-11-03T23:00:00,2025-11-04T03:25:04.326244819
H2427,Cover,Plastic,Cutting,M1,466,4.96,2.971,61.7,2.84,2025-12-11T01:00:00,2025-12-11T03:58:16.833756992
H2428,Valve,Titanium,Cutting,M2,481,5.11,9.122,68.0,4.42,2025-07-27T01:00:00,2025-07-27T10:07:20.017525963
H2429,Housing,Aluminium,Assembly,M7,147,2.064,1.24,64.3,2.32,2025-10-04T08:00:00,2025-10-04T09:14:25.439239450
H2430,Valve,Titanium,Turning,M3,397,3.476,4.872,55.7,3.94,2025-07-21T22:00:00,2025-07-22T02:52:18.547012255
H2431,Valve,Titanium,Cutting,M2,232,2.62,3.736,50.6,2.67,2025-08-01T02:00:00,2025-08-01T05:44:10.865073984
H2432,Gear,Steel,Cutting,M2,555,5.85,5.905,54.9,2.15,2025-12-13T02:00:00,2025-12-13T07:54:16.394728249
H2433,Shaft,Steel,Cutting,M1,483,5.13,4.848,53.2,2.15,2025-08-27T06:00:00,2025-08-27T10:50:54.390347846
H2434,Valve,Titanium,Cutting,M1,264,2.94,4.094,60.7,1.88,2025-08-26T02:00:00,2025-08-26T06:05:38.095474676
H2435,Housing,Aluminium,Turning,M3,347,3.076,2.337,56.4,2.18,2025-09-14T21:00:00,2025-09-14T23:20:11.999162287
H2436,Housing,Aluminium,Cutting,M1,280,3.1,2.056,60.1,1.18,2025-10-25T21:00:00,2025-10-25T23:03:21.741949991
H2437,Bracket,Aluminium,Cutting,M1,569,5.99,4.223,72.8,4.27,2025-07-22T06:00:00,2025-07-22T10:13:22.043595205
H2438,Housing,Aluminium,Turning,M4,483,4.164,3.087,68.8,3.49,2025-12-01T07:00:00,2025-12-01T10:05:12.207202814
H2439,Valve,Titanium,Cutting,M2,164,1.94,2.926,60.0,0.61,2025-10-12T06:00:00,2025-10-12T08:55:35.227650202
H2440,Shaft,Steel,Cutting,M1,397,4.27,3.98,53.4,3.14,2025-08-24T00:00:00,2025-08-24T03:58:48.397880062
H2441,Valve,Titanium,Turning,M3,510,4.38,5.857,71.0,2.65,2025-10-07T08:00:00,2025-10-07T13:51:26.574224854
H2442,Gear,Steel,Drilling,M5,150,1.05,1.157,72.7,3.05,2025-07-23T01:00:00,2025-07-23T02:09:25.426730721
H2443,Bracket,Aluminium,Assembly,M8,288,3.756,2.393,60.5,1.31,2025-07-22T06:00:00,2025-07-22T08:23:35.388903851
H2444,Shaft,Steel,Cutting,M1,210,2.4,2.054,60.2,2.01,2025-08-08T23:00:00,2025-08-09T01:03:13.013508730
H2445,Cover,Plastic,Assembly,M7,74,1.188,0.605,63.8,4.48,2025-07-16T04:00:00,2025-07-16T04:36:18.643950214
H2446,Cover,Plastic,Drilling,M6,472,2.66,1.331,76.1,2.17,2025-10-25T22:00:00,2025-10-25T23:19:52.745297168
H2447,Housing,Aluminium,Cutting,M2,455,4.85,4.661,65.2,1.22,2025-12-29T00:00:00,2025-12-29T04:39:41.035759414
H2448,Shaft,Steel,Cutting,M1,282,3.12,2.785,62.9,2.21,2025-09-13T02:00:00,2025-09-13T04:47:06.220665355
H2449,Housing,Aluminium,Cutting,M1,395,4.25,3.1,70.6,2.49,2025-11-07T05:00:00,2025-11-07T08:06:00.878136716
H2450,Valve,Titanium,Turning,M4,452,3.916,5.309,65.4,2.37,2025-08-25T22:00:00,2025-08-26T03:18:30.906083549
H2451,Shaft,Steel,Cutting,M1,313,3.43,3.283,60.5,3.11,2025-11-21T01:00:00,2025-11-21T04:16:59.651053779
H2452,Bracket,Aluminium,Assembly,M7,184,2.508,1.602,49.7,3.16,2025-11-01T21:00:00,2025-11-01T22:36:07.886628316
H2453,Bracket,Aluminium,Assembly,M7,578,7.236,5.479,58.9,2.11,2025-08-28T07:00:00,2025-08-28T12:28:45.264099703
H2454,Shaft,Steel,Drilling,M6,109,0.845,0.62,71.6,3.18,2025-11-30T06:00:00,2025-11-30T06:37:12.806599130
H2455,Shaft,Steel,Cutting,M2,118,1.48,1.815,57.5,2.8,2025-09-25T05:00:00,2025-09-25T06:48:54.421694110
H2456,Bracket,Aluminium,Cutting,M1,30,0.6,0.448,53.2,3.66,2025-12-09T07:00:00,2025-12-09T07:26:53.246752755
H2457,Cover,Plastic,Cutting,M1,455,4.85,2.868,72.5,1.58,2025-07-31T22:00:00,2025-08-01T00:52:05.400226485
H2458,Shaft,Steel,Cutting,M1,480,5.1,4.449,79.0,1.39,2025-08-14T07:00:00,2025-08-14T11:26:56.456715381
H2459,Valve,Titanium,Assembly,M7,492,6.204,8.704,72.7,3.31,2025-12-07T07:00:00,2025-12-07T15:42:15.246752996
H2460,Cover,Plastic,Assembly,M7,255,3.36,2.097,54.5,3.56,2025-12-29T02:00:00,2025-12-29T04:05:49.364662264
H2461,Gear,Steel,Assembly,M8,129,1.848,1.516,80.6,3.75,2025-12-06T21:00:00,2025-12-06T22:30:57.008839154
H2462,Bracket,Aluminium,Cutting,M2,136,1.66,1.555,61.0,3.93,2025-09-13T00:00:00,2025-09-13T01:33:17.753046427
H2463,Housing,Aluminium,Turning,M3,504,4.332,3.253,63.4,2.32,2025-08-16T22:00:00,2025-08-17T01:15:09.474659983
H2464,Housing,Aluminium,Turning,M3,447,3.876,2.737,56.8,1.98,2025-08-16T03:00:00,2025-08-16T05:44:13.295796525
H2465,Shaft,Steel,Cutting,M2,440,4.7,4.481,56.1,2.06,2025-07-13T21:00:00,2025-07-14T01:28:50.523755560
H2466,Cover,Plastic,Cutting,M2,179,2.09,1.244,60.6,3.15,2025-10-18T22:00:00,2025-10-18T23:14:38.702908857
H2467,Bracket,Aluminium,Assembly,M7,22,0.564,0.401,60.4,1.52,2025-11-21T01:00:00,2025-11-21T01:24:02.474004477
H2468,Housing,Aluminium,Cutting,M1,541,5.71,3.83,54.5,1.33,2025-08-20T02:00:00,2025-08-20T05:49:46.646050504
H2469,Valve,Titanium,Cutting,M2,320,3.5,5.465,51.8,2.0,2025-11-18T03:00:00,2025-11-18T08:27:54.091146849
H2470,Valve,Titanium,Turning,M3,113,1.204,1.39,58.7,2.77,2025-12-19T07:00:00,2025-12-19T08:23:25.795072177
H2471,Valve,Titanium,Turning,M4,23,0.484,0.644,74.0,2.24,2025-07-27T22:00:00,2025-07-27T22:38:38.661347483
H2472,Valve,Titanium,Turning,M4,408,3.564,4.923,64.1,3.34,2025-08-26T23:00:00,2025-08-27T03:55:23.363009844
H2473,Valve,Titanium,Drilling,M6,192,1.26,1.441,68.4,2.5,2025-08-09T21:00:00,2025-08-09T22:26:27.271725878
H2474,Housing,Aluminium,Cutting,M2,448,4.78,4.016,72.7,3.1,2025-11-24T04:00:00,2025-11-24T08:00:55.966563413
H2475,Housing,Aluminium,Assembly,M8,178,2.436,1.791,67.2,2.83,2025-09-09T07:00:00,2025-09-09T08:47:29.218869464
H2476,Valve,Titanium,Drilling,M5,149,1.045,1.558,73.9,3.82,2025-09-09T03:00:00,2025-09-09T04:33:27.293937225
H2477,Shaft,Steel,Cutting,M1,515,5.45,5.045,69.1,3.65,2025-12-19T23:00:00,2025-12-20T04:02:42.892234842
H2478,Shaft,Steel,Cutting,M2,577,6.07,6.043,63.3,3.03,2025-12-24T07:00:00,2025-12-24T13:02:34.527839160
H2479,Housing,Aluminium,Assembly,M7,343,4.416,2.963,66.6,0.93,2025-12-11T04:00:00,2025-12-11T06:57:48.439516131
H2480,Shaft,Steel,Cutting,M1,568,5.98,6.719,55.5,3.06,2025-10-09T06:00:00,2025-10-09T12:43:06.770618406
H2481,Shaft,Steel,Cutting,M2,269,2.99,2.997,54.0,1.24,2025-07-12T01:00:00,2025-07-12T03:59:48.740905511
H2482,Bracket,Aluminium,Cutting,M2,334,3.64,2.882,66.5,2.63,2025-12-17T22:00:00,2025-12-18T00:52:53.582677117
H2483,Bracket,Aluminium,Assembly,M7,40,0.78,0.588,66.6,2.15,2025-07-11T21:00:00,2025-07-11T21:35:15.438650641
H2484,Valve,Titanium,Assembly,M8,146,2.052,2.745,65.8,1.77,2025-10-06T21:00:00,2025-10-06T23:44:42.056401032
H2485,Cover,Plastic,Drilling,M6,201,1.305,0.661,74.2,3.34,2025-10-22T22:00:00,2025-10-22T22:39:40.915998535
H2486,Cover,Plastic,Drilling,M5,319,1.895,1.319,54.2,3.31,2025-11-07T05:00:00,2025-11-07T06:19:08.362463027
H2487,Housing,Aluminium,Turning,M3,534,4.572,2.873,57.7,3.72,2025-09-02T23:00:00,2025-09-03T01:52:22.877785396
H2488,Bracket,Aluminium,Drilling,M6,227,1.435,1.045,72.0,2.05,2025-08-22T23:00:00,2025-08-23T00:02:43.470572836
H2489,Shaft,Steel,Cutting,M1,495,5.25,5.045,58.9,2.57,2025-12-10T07:00:00,2025-12-10T12:02:42.639171177
H2490,Shaft,Steel,Cutting,M2,149,1.79,1.78,66.6,2.06,2025-11-30T02:00:00,2025-11-30T03:46:47.122218962
H2491,Bracket,Aluminium,Drilling,M5,205,1.325,1.321,69.4,4.07,2025-11-07T07:00:00,2025-11-07T08:19:15.651603906
H2492,Shaft,Steel,Cutting,M1,360,3.9,3.704,64.9,3.19,2025-11-10T07:00:00,2025-11-10T10:42:13.127446038
H2493,Gear,Steel,Drilling,M5,224,1.42,1.71,67.7,1.26,2025-11-20T22:00:00,2025-11-20T23:42:35.256279143
H2494,Cover,Plastic,Drilling,M5,192,1.26,0.849,68.4,1.32,2025-10-10T04:00:00,2025-10-10T04:50:57.541655686
H2495,Valve,Titanium,Cutting,M2,364,3.94,5.507,55.1,1.96,2025-08-06T06:00:00,2025-08-06T11:30:25.919181053
H2496,Cover,Plastic,Assembly,M7,558,6.996,4.14,70.2,3.35,2025-07-13T07:00:00,2025-07-13T11:08:24.212012718
H2497,Valve,Titanium,Drilling,M6,598,3.29,4.021,77.4,2.37,2025-12-13T02:00:00,2025-12-13T06:01:15.238203681
H2498,Bracket,Aluminium,Cutting,M2,455,4.85,3.82,71.8,3.55,2025-12-19T07:00:00,2025-12-19T10:49:11.411565644
H2499,Shaft,Steel,Turning,M4,410,3.58,3.334,70.9,2.79,2025-10-16T05:00:00,2025-10-16T08:20:01.150539442
H2500,Shaft,Steel,Drilling,M5,567,3.135,3.66,58.3,3.22,2025-10-08T07:00:00,2025-10-08T10:39:34.938874557
H2501,Housing,Aluminium,Turning,M4,40,0.62,0.513,73.7,1.66,2025-10-12T02:00:00,2025-10-12T02:30:47.968306430
H2502,Housing,Aluminium,Cutting,M1,333,3.63,2.737,57.0,1.11,2025-07-15T04:00:00,2025-07-15T06:44:14.086552245
H2503,Cover,Plastic,Assembly,M8,427,5.424,3.091,71.0,2.46,2025-08-07T01:00:00,2025-08-07T04:05:28.619897821
H2504,Cover,Plastic,Assembly,M7,353,4.536,2.622,45.9,1.59,2025-09-05T21:00:00,2025-09-05T23:37:17.465441607
H2505,Housing,Aluminium,Cutting,M1,543,5.73,4.55,47.0,1.99,2025-08-27T23:00:00,2025-08-28T03:33:01.449944234
H2506,Housing,Aluminium,Assembly,M8,324,4.188,2.968,54.5,2.47,2025-08-11T21:00:00,2025-08-11T23:58:06.492019929
H2507,Cover,Plastic,Cutting,M2,456,4.86,3.066,65.6,2.82,2025-11-26T08:00:00,2025-11-26T11:03:57.094937400
H2508,Gear,Steel,Drilling,M5,287,1.735,1.733,51.9,3.81,2025-12-03T07:00:00,2025-12-03T08:43:59.721719547
H2509,Gear,Steel,Assembly,M7,382,4.884,4.384,54.5,2.84,2025-09-06T23:00:00,2025-09-07T03:23:02.947163825
H2510,Gear,Steel,Drilling,M6,21,0.405,0.348,60.3,4.45,2025-08-18T08:00:00,2025-08-18T08:20:54.106230987
H2511,Valve,Titanium,Cutting,M2,222,2.52,3.708,51.9,2.79,2025-09-15T06:00:00,2025-09-15T09:42:29.976937857
H2512,Valve,Titanium,Drilling,M6,35,0.475,0.688,58.1,2.71,2025-08-05T02:00:00,2025-08-05T02:41:15.240170241
H2513,Cover,Plastic,Cutting,M1,347,3.77,2.044,62.7,2.22,2025-09-02T08:00:00,2025-09-02T10:02:39.674052818
H2514,Cover,Plastic,Drilling,M5,455,2.575,1.967,55.8,3.42,2025-08-01T05:00:00,2025-08-01T06:58:01.208465962
H2515,Shaft,Steel,Drilling,M5,255,1.575,1.872,63.3,0.86,2025-09-12T02:00:00,2025-09-12T03:52:20.273022461
H2516,Housing,Aluminium,Turning,M4,382,3.356,2.508,60.6,1.92,2025-09-24T02:00:00,2025-09-24T04:30:29.126338762
H2517,Bracket,Aluminium,Cutting,M1,531,5.61,4.252,65.3,2.67,2025-12-23T06:00:00,2025-12-23T10:15:06.335246510
H2518,Gear,Steel,Turning,M3,244,2.252,1.721,61.6,2.05,2025-10-23T08:00:00,2025-10-23T09:43:14.786803107
H2519,Bracket,Aluminium,Assembly,M7,103,1.536,1.228,64.9,2.83,2025-09-27T06:00:00,2025-09-27T07:13:41.737945647
H2520,Valve,Titanium,Drilling,M5,459,2.595,4.847,80.1,1.57,2025-11-06T01:00:00,2025-11-06T05:50:49.548934631
H2521,Housing,Aluminium,Cutting,M1,472,5.02,3.405,69.8,2.29,2025-12-13T01:00:00,2025-12-13T04:24:17.971470687
H2522,Bracket,Aluminium,Assembly,M7,392,5.004,3.932,61.1,2.22,2025-09-23T21:00:00,2025-09-24T00:55:53.508549093
H2523,Shaft,Steel,Cutting,M2,213,2.43,2.408,63.5,2.19,2025-11-16T02:00:00,2025-11-16T04:24:30.511043271
H2524,Shaft,Steel,Cutting,M1,115,1.45,1.084,57.3,2.26,2025-08-08T00:00:00,2025-08-08T01:05:03.966221230
H2525,Bracket,Aluminium,Drilling,M5,257,1.585,1.44,68.8,2.94,2025-09-21T05:00:00,2025-09-21T06:26:24.047027652
H2526,Cover,Plastic,Assembly,M8,195,2.64,1.571,64.2,1.96,2025-07-30T07:00:00,2025-07-30T08:34:15.941807953
H2527,Valve,Titanium,Turning,M3,476,4.108,5.476,66.1,2.45,2025-09-26T08:00:00,2025-09-26T13:28:33.683448
H2528,Bracket,Aluminium,Drilling,M5,87,0.735,0.649,62.0,2.95,2025-11-23T23:00:00,2025-11-23T23:38:56.722632244
H2529,Valve,Titanium,Drilling,M6,78,0.69,0.811,74.2,3.34,2025-11-23T08:00:00,2025-11-23T08:48:40.726371742
H2530,Housing,Aluminium,Assembly,M7,260,3.42,2.848,69.4,1.39,2025-08-30T05:00:00,2025-08-30T07:50:53.358950238
H2531,Gear,Steel,Cutting,M1,499,5.29,5.796,45.4,1.63,2025-10-18T08:00:00,2025-10-18T13:47:45.651804197
H2532,Gear,Steel,Assembly,M8,456,5.772,4.784,57.8,3.19,2025-10-03T01:00:00,2025-10-03T05:47:03.991606318
H2533,Gear,Steel,Assembly,M7,595,7.44,6.489,69.0,2.38,2025-10-04T00:00:00,2025-10-04T06:29:20.331503867
H2534,Cover,Plastic,Assembly,M8,483,6.096,2.822,78.4,2.06,2025-12-28T03:00:00,2025-12-28T05:49:18.601692084
H2535,Housing,Aluminium,Turning,M4,331,2.948,2.06,63.9,3.44,2025-09-12T06:00:00,2025-09-12T08:03:35.386104095
H2536,Bracket,Aluminium,Drilling,M5,422,2.41,2.339,61.9,2.31,2025-12-14T03:00:00,2025-12-14T05:20:22.116022451
H2537,Gear,Steel,Drilling,M6,291,1.755,1.676,63.7,2.12,2025-11-17T00:00:00,2025-11-17T01:40:33.825386278
H2538,Valve,Titanium,Turning,M3,193,1.844,2.404,73.2,2.59,2025-09-28T04:00:00,2025-09-28T06:24:15.590656104
H2539,Cover,Plastic,Cutting,M1,23,0.53,0.306,74.6,3.51,2025-09-11T21:00:00,2025-09-11T21:18:22.563189902
H2540,Housing,Aluminium,Cutting,M2,411,4.41,3.878,73.0,3.32,2025-12-02T08:00:00,2025-12-02T11:52:41.652611151
H2541,Shaft,Steel,Drilling,M5,356,2.08,2.295,63.8,2.33,2026-01-02T03:00:00,2026-01-02T05:17:42.190442364
H2542,Housing,Aluminium,Cutting,M1,304,3.34,2.507,66.4,1.36,2025-10-25T23:00:00,2025-10-26T01:30:25.822847373
H2543,Gear,Steel,Drilling,M5,535,2.975,3.427,59.4,2.04,2025-08-12T00:00:00,2025-08-12T03:25:38.869790540
H2544,Bracket,Aluminium,Cutting,M1,435,4.65,3.734,65.2,2.93,2025-09-10T02:00:00,2025-09-10T05:44:01.531020043
H2545,Shaft,Steel,Turning,M4,593,5.044,4.55,80.8,1.71,2025-12-22T08:00:00,2025-12-22T12:33:00.393058942
H2546,Bracket,Aluminium,Cutting,M1,135,1.65,1.085,67.0,3.74,2025-07-29T21:00:00,2025-07-29T22:05:05.640778483
H2547,Cover,Plastic,Cutting,M1,470,5.0,2.696,77.7,2.76,2025-08-14T00:00:00,2025-08-14T02:41:47.098079101
H2548,Gear,Steel,Assembly,M8,204,2.748,2.188,63.4,3.19,2025-10-14T01:00:00,2025-10-14T03:11:15.075094001
H2549,Housing,Aluminium,Turning,M4,529,4.532,3.044,52.8,1.95,2025-12-25T04:00:00,2025-12-25T07:02:39.155796725
H2550,Valve,Titanium,Assembly,M8,369,4.728,6.377,67.0,3.85,2025-12-08T22:00:00,2025-12-09T04:22:35.616766560
H2551,Valve,Titanium,Assembly,M7,423,5.376,7.467,68.4,2.03,2025-11-19T07:00:00,2025-11-19T14:28:02.929766017
H2552,Housing,Aluminium,Assembly,M7,210,2.82,1.764,75.4,2.85,2025-10-08T21:00:00,2025-10-08T22:45:48.906780668
H2553,Valve,Titanium,Turning,M4,170,1.66,2.631,55.0,2.3,2025-11-14T22:00:00,2025-11-15T00:37:52.780530720
H2554,Cover,Plastic,Assembly,M7,72,1.164,0.545,51.9,1.52,2025-11-17T22:00:00,2025-11-17T22:32:42.640487020
H2555,Gear,Steel,Turning,M4,583,4.964,5.434,66.2,3.68,2025-10-04T08:00:00,2025-10-04T13:26:02.945372474
H2556,Valve,Titanium,Turning,M3,550,4.7,7.063,75.8,0.89,2025-09-04T01:00:00,2025-09-04T08:03:45.601992160
H2557,Cover,Plastic,Assembly,M8,399,5.088,2.641,67.6,1.61,2025-07-16T23:00:00,2025-07-17T01:38:26.638007497
H2558,Shaft,Steel,Cutting,M2,267,2.97,3.237,62.4,3.05,2025-11-08T01:00:00,2025-11-08T04:14:14.085074550
H2559,Bracket,Aluminium,Assembly,M7,71,1.152,0.959,72.0,4.64,2025-08-08T01:00:00,2025-08-08T01:57:31.971191801
H2560,Cover,Plastic,Drilling,M6,415,2.375,1.132,62.3,2.91,2025-10-08T06:00:00,2025-10-08T07:07:56.064144857
H2561,Gear,Steel,Cutting,M1,304,3.34,2.697,63.9,1.83,2025-12-29T21:00:00,2025-12-29T23:41:47.679359380
H2562,Valve,Titanium,Assembly,M7,20,0.54,0.723,60.0,2.07,2025-10-17T03:00:00,2025-10-17T03:43:22.558166198
H2563,Cover,Plastic,Assembly,M8,387,4.944,2.728,66.8,2.35,2025-11-23T08:00:00,2025-11-23T10:43:41.414931836
H2564,Shaft,Steel,Drilling,M5,145,1.025,1.162,63.1,2.77,2025-10-19T00:00:00,2025-10-19T01:09:44.374008560
H2565,Valve,Titanium,Cutting,M1,378,4.08,5.852,58.9,1.1,2025-07-20T00:00:00,2025-07-20T05:51:06.689271114
H2566,Bracket,Aluminium,Drilling,M5,116,0.88,0.713,64.1,3.47,2025-08-01T21:00:00,2025-08-01T21:42:46.874318748
H2567,Shaft,Steel,Cutting,M2,21,0.51,0.557,61.0,3.01,2025-11-17T07:00:00,2025-11-17T07:33:23.956575677
H2568,Valve,Titanium,Turning,M4,394,3.452,4.375,65.1,1.47,2025-11-21T06:00:00,2025-11-21T10:22:31.501498127
H2569,Valve,Titanium,Cutting,M2,183,2.13,2.979,53.4,2.56,2025-12-25T06:00:00,2025-12-25T08:58:44.208119009
H2570,Valve,Titanium,Drilling,M6,150,1.05,1.413,69.9,2.37,2025-12-07T01:00:00,2025-12-07T02:24:45.803013754
H2571,Shaft,Steel,Cutting,M1,92,1.22,0.985,64.8,4.0,2025-09-13T21:00:00,2025-09-13T21:59:07.106840322
H2572,Housing,Aluminium,Turning,M3,484,4.172,2.883,62.4,3.64,2025-12-23T01:00:00,2025-12-23T03:52:58.597725311
H2573,Housing,Aluminium,Cutting,M1,423,4.53,3.077,57.4,3.39,2025-12-18T01:00:00,2025-12-18T04:04:37.108065513
H2574,Bracket,Aluminium,Drilling,M5,528,2.94,2.649,55.8,1.56,2025-07-11T06:00:00,2025-07-11T08:38:58.060989263
H2575,Shaft,Steel,Drilling,M5,69,0.645,0.781,64.0,2.23,2025-11-23T02:00:00,2025-11-23T02:46:51.037144632
H2576,Cover,Plastic,Cutting,M2,286,3.16,1.815,58.3,1.94,2025-10-26T01:00:00,2025-10-26T02:48:54.034601560
H2577,Housing,Aluminium,Turning,M4,355,3.14,2.263,56.6,3.56,2025-07-25T04:00:00,2025-07-25T06:15:48.427068662
H2578,Valve,Titanium,Cutting,M2,68,0.98,1.455,81.5,1.77,2025-10-11T06:00:00,2025-10-11T07:27:18.640240124
H2579,Cover,Plastic,Drilling,M6,434,2.47,1.153,54.5,3.02,2025-11-30T06:00:00,2025-11-30T07:09:11.099449013
H2580,Gear,Steel,Drilling,M6,141,1.005,0.908,65.4,3.07,2025-10-31T21:00:00,2025-10-31T21:54:27.654089071
H2581,Valve,Titanium,Cutting,M2,448,4.78,6.527,80.1,2.21,2025-09-23T21:00:00,2025-09-24T03:31:35.427369437
H2582,Shaft,Steel,Drilling,M5,599,3.295,3.545,65.1,2.01,2025-07-26T07:00:00,2025-07-26T10:32:40.330824402
H2583,Valve,Titanium,Turning,M3,171,1.668,2.435,81.8,3.0,2025-08-26T02:00:00,2025-08-26T04:26:05.692281002
H2584,Gear,Steel,Cutting,M1,577,6.07,5.291,54.0,3.23,2025-11-27T23:00:00,2025-11-28T04:17:28.658372421
H2585,Valve,Titanium,Drilling,M6,289,1.745,2.161,55.6,2.74,2025-11-15T00:00:00,2025-11-15T02:09:41.192163120
H2586,Shaft,Steel,Turning,M4,589,5.012,5.055,78.1,2.72,2025-11-09T22:00:00,2025-11-10T03:03:19.688391377
H2587,Bracket,Aluminium,Assembly,M8,464,5.868,3.914,70.6,2.47,2025-08-27T01:00:00,2025-08-27T04:54:50.928899019
H2588,Bracket,Aluminium,Drilling,M6,221,1.405,1.02,71.0,2.83,2025-11-06T05:00:00,2025-11-06T06:01:13.545680747
H2589,Bracket,Aluminium,Cutting,M2,43,0.73,0.682,62.7,1.52,2025-12-12T00:00:00,2025-12-12T00:40:55.085512696
H2590,Cover,Plastic,Drilling,M5,62,0.61,0.466,75.0,0.77,2025-07-27T06:00:00,2025-07-27T06:27:57.204240166
H2591,Gear,Steel,Drilling,M5,423,2.415,2.707,80.9,2.6,2025-11-06T05:00:00,2025-11-06T07:42:23.797020761
H2592,Valve,Titanium,Cutting,M1,395,4.25,5.098,68.5,2.5,2025-12-29T06:00:00,2025-12-29T11:05:53.425959619
H2593,Cover,Plastic,Cutting,M1,570,6.0,3.164,70.4,2.53,2025-11-06T21:00:00,2025-11-07T00:09:48.996002486
H2594,Cover,Plastic,Assembly,M8,294,3.828,2.558,74.9,3.96,2025-11-02T05:00:00,2025-11-02T07:33:30.447606396
H2595,Valve,Titanium,Cutting,M1,423,4.53,6.669,75.2,2.75,2025-12-05T02:00:00,2025-12-05T08:40:10.064938376
H2596,Cover,Plastic,Assembly,M7,557,6.984,3.402,62.4,2.08,2025-12-22T21:00:00,2025-12-23T00:24:07.106666947
H2597,Cover,Plastic,Assembly,M7,485,6.12,3.328,65.8,2.94,2025-08-07T06:00:00,2025-08-07T09:19:41.830920076
H2598,Shaft,Steel,Turning,M4,479,4.132,3.735,64.2,2.15,2025-08-29T03:00:00,2025-08-29T06:44:04.920246708
H2599,Bracket,Aluminium,Cutting,M2,521,5.51,4.557,62.7,3.02,2025-07-23T00:00:00,2025-07-23T04:33:26.239659009
H2600,Gear,Steel,Assembly,M8,144,2.028,1.726,69.5,2.93,2025-11-01T04:00:00,2025-11-01T05:43:33.802555057
H2601,Cover,Plastic,Cutting,M2,597,6.27,4.009,77.2,1.5,2026-01-02T06:00:00,2026-01-02T10:00:31.696828691
H2602,Housing,Aluminium,Cutting,M2,84,1.14,0.926,69.2,3.5,2025-09-18T03:00:00,2025-09-18T03:55:34.117990623
H2603,Housing,Aluminium,Turning,M3,500,4.3,2.932,65.6,2.38,2025-08-19T21:00:00,2025-08-19T23:55:55.103106988
H2604,Housing,Aluminium,Cutting,M1,162,1.92,1.291,44.8,2.22,2025-10-10T08:00:00,2025-10-10T09:17:27.434294089
H2605,Bracket,Aluminium,Drilling,M6,486,2.73,1.893,63.6,1.99,2025-08-18T08:00:00,2025-08-18T09:53:35.000171554
H2606,Housing,Aluminium,Turning,M3,59,0.772,0.565,73.9,1.68,2025-12-13T00:00:00,2025-12-13T00:33:53.503313028
H2607,Gear,Steel,Turning,M3,561,4.788,3.816,69.2,1.31,2025-08-01T08:00:00,2025-08-01T11:48:59.079963898
H2608,Cover,Plastic,Cutting,M1,100,1.3,0.653,73.3,1.76,2025-10-16T06:00:00,2025-10-16T06:39:09.159478933
H2609,Gear,Steel,Turning,M4,51,0.708,0.735,50.1,2.73,2025-08-26T02:00:00,2025-08-26T02:44:05.204033561
H2610,Shaft,Steel,Turning,M3,167,1.636,1.318,50.9,1.78,2025-09-25T02:00:00,2025-09-25T03:19:04.133274816
H2611,Housing,Aluminium,Cutting,M2,442,4.72,3.515,53.6,2.11,2025-10-29T05:00:00,2025-10-29T08:30:53.332579686
H2612,Valve,Titanium,Drilling,M5,20,0.4,0.619,50.5,2.51,2025-10-14T08:00:00,2025-10-14T08:37:08.903841608
H2613,Housing,Aluminium,Assembly,M8,404,5.148,3.664,66.4,2.08,2025-09-24T02:00:00,2025-09-24T05:39:50.941753398
H2614,Valve,Titanium,Cutting,M1,320,3.5,4.42,66.7,1.45,2025-07-31T03:00:00,2025-07-31T07:25:12.202930605
H2615,Gear,Steel,Assembly,M7,538,6.756,6.082,76.8,2.91,2025-07-11T22:00:00,2025-07-12T04:04:56.923491650
H2616,Housing,Aluminium,Cutting,M2,266,2.96,2.296,79.4,4.23,2025-10-17T03:00:00,2025-10-17T05:17:44.147586073
H2617,Gear,Steel,Cutting,M2,572,6.02,5.463,70.3,2.58,2025-12-14T08:00:00,2025-12-14T13:27:46.907190058
H2618,Bracket,Aluminium,Cutting,M2,215,2.45,1.942,67.2,3.03,2025-12-28T23:00:00,2025-12-29T00:56:32.783207372
H2619,Cover,Plastic,Cutting,M2,426,4.56,2.95,76.1,3.48,2025-10-02T07:00:00,2025-10-02T09:57:00.660656208
H2620,Valve,Titanium,Drilling,M5,70,0.65,1.233,74.9,2.12,2025-09-09T22:00:00,2025-09-09T23:13:59.718107128
H2621,Cover,Plastic,Assembly,M7,45,0.84,0.434,73.2,2.33,2025-07-25T06:00:00,2025-07-25T06:26:00.993903965
H2622,Cover,Plastic,Assembly,M7,508,6.396,3.665,47.9,4.74,2025-10-16T01:00:00,2025-10-16T04:39:52.531205235
H2623,Shaft,Steel,Cutting,M1,92,1.22,1.021,66.5,1.66,2025-12-11T08:00:00,2025-12-11T09:01:16.648133527
H2624,Bracket,Aluminium,Assembly,M7,488,6.156,5.149,62.0,1.73,2025-08-27T00:00:00,2025-08-27T05:08:54.676314487
H2625,Valve,Titanium,Turning,M3,317,2.836,3.745,58.9,2.51,2025-09-11T05:00:00,2025-09-11T08:44:43.457498694
H2626,Cover,Plastic,Drilling,M6,268,1.64,0.795,70.1,2.41,2025-11-22T06:00:00,2025-11-22T06:47:42.772312837
H2627,Cover,Plastic,Drilling,M6,130,0.95,0.524,74.8,3.53,2025-09-10T22:00:00,2025-09-10T22:31:26.480881824
H2628,Cover,Plastic,Assembly,M7,321,4.152,2.273,47.7,3.08,2025-08-06T00:00:00,2025-08-06T02:16:23.956884600
H2629,Bracket,Aluminium,Assembly,M8,541,6.792,3.944,54.0,1.56,2025-09-09T00:00:00,2025-09-09T03:56:39.704896504
H2630,Housing,Aluminium,Turning,M3,259,2.372,1.595,57.8,2.77,2025-11-25T06:00:00,2025-11-25T07:35:41.504347110
H2631,Cover,Plastic,Drilling,M5,101,0.805,0.541,56.3,1.96,2025-11-28T07:00:00,2025-11-28T07:32:28.728588678
H2632,Gear,Steel,Cutting,M1,170,2.0,1.92,79.8,2.15,2025-07-28T00:00:00,2025-07-28T01:55:13.519015
H2633,Cover,Plastic,Cutting,M2,84,1.14,0.561,62.8,2.5,2025-11-23T02:00:00,2025-11-23T02:33:39.364138176
H2634,Housing,Aluminium,Assembly,M7,205,2.76,1.961,64.3,3.86,2025-11-26T03:00:00,2025-11-26T04:57:39.855103267
H2635,Bracket,Aluminium,Assembly,M8,599,7.488,5.566,70.0,2.73,2025-09-08T05:00:00,2025-09-08T10:33:58.847334196
H2636,Gear,Steel,Assembly,M8,432,5.484,4.444,68.0,2.58,2025-11-10T02:00:00,2025-11-10T06:26:38.720679606
H2637,Cover,Plastic,Assembly,M8,136,1.932,0.94,56.5,2.77,2025-07-24T05:00:00,2025-07-24T05:56:24.427814736
H2638,Housing,Aluminium,Cutting,M2,262,2.92,2.246,65.0,2.77,2025-10-28T04:00:00,2025-10-28T06:14:43.934885184
H2639,Shaft,Steel,Turning,M4,536,4.588,4.432,67.9,2.68,2025-10-01T07:00:00,2025-10-01T11:25:54.462688066
H2640,Bracket,Aluminium,Cutting,M1,49,0.79,0.494,56.4,1.36,2025-07-24T22:00:00,2025-07-24T22:29:37.277081374
H2641,Gear,Steel,Cutting,M1,286,3.16,2.397,58.4,3.45,2025-12-13T01:00:00,2025-12-13T03:23:50.984643427
H2642,Housing,Aluminium,Turning,M4,509,4.372,2.887,62.3,0.95,2025-12-31T08:00:00,2025-12-31T10:53:11.977211207
H2643,Shaft,Steel,Cutting,M1,261,2.91,2.341,50.1,2.73,2025-09-14T22:00:00,2025-09-15T00:20:27.760920832
H2644,Cover,Plastic,Cutting,M2,493,5.23,3.033,60.4,1.24,2025-09-21T05:00:00,2025-09-21T08:01:57.092684957
H2645,Gear,Steel,Turning,M4,462,3.996,3.715,72.2,2.34,2025-07-24T01:00:00,2025-07-24T04:42:53.222139785
H2646,Bracket,Aluminium,Assembly,M7,327,4.224,3.296,60.5,1.31,2025-09-06T03:00:00,2025-09-06T06:17:45.571519359
H2647,Valve,Titanium,Cutting,M1,592,6.22,8.213,71.4,3.79,2025-08-10T00:00:00,2025-08-10T08:12:47.760410599
H2648,Housing,Aluminium,Cutting,M2,209,2.39,2.0,81.2,2.28,2025-08-03T06:00:00,2025-08-03T08:00:01.736145949
H2649,Bracket,Aluminium,Assembly,M8,544,6.828,5.115,73.2,1.18,2025-11-01T21:00:00,2025-11-02T02:06:54.565250260
H2650,Cover,Plastic,Drilling,M6,239,1.495,0.704,60.7,2.19,2025-10-28T23:00:00,2025-10-28T23:42:15.143029666
H2651,Housing,Aluminium,Cutting,M1,393,4.23,3.091,67.8,3.79,2025-10-23T05:00:00,2025-10-23T08:05:26.910509737
H2652,Shaft,Steel,Drilling,M5,442,2.51,2.694,55.4,2.2,2025-08-05T00:00:00,2025-08-05T02:41:38.899622131
H2653,Shaft,Steel,Drilling,M6,538,2.99,2.529,66.1,1.94,2025-10-10T22:00:00,2025-10-11T00:31:43.012137867
H2654,Cover,Plastic,Cutting,M1,54,0.84,0.493,58.6,2.58,2025-08-20T21:00:00,2025-08-20T21:29:35.045420969
H2655,Valve,Titanium,Turning,M4,179,1.732,2.063,65.3,2.14,2025-12-01T21:00:00,2025-12-01T23:03:45.346029837
H2656,Valve,Titanium,Drilling,M6,474,2.67,3.319,76.3,3.55,2025-11-05T04:00:00,2025-11-05T07:19:07.280539017
H2657,Valve,Titanium,Assembly,M7,497,6.264,8.231,71.4,3.49,2025-10-29T21:00:00,2025-10-30T05:13:52.483839088
H2658,Bracket,Aluminium,Drilling,M6,590,3.25,1.856,64.8,2.5,2025-08-21T08:00:00,2025-08-21T09:51:22.532703432
H2659,Housing,Aluminium,Turning,M4,406,3.548,2.843,70.7,2.53,2025-10-10T23:00:00,2025-10-11T01:50:35.243427709
H2660,Gear,Steel,Assembly,M7,166,2.292,2.091,77.8,2.9,2025-11-16T00:00:00,2025-11-16T02:05:26.839172482
H2661,Housing,Aluminium,Turning,M4,480,4.14,3.238,67.5,3.08,2025-09-19T07:00:00,2025-09-19T10:14:16.341156561
H2662,Cover,Plastic,Cutting,M2,116,1.46,0.773,61.0,2.34,2025-11-15T01:00:00,2025-11-15T01:46:24.523496887
H2663,Housing,Aluminium,Turning,M3,332,2.956,2.206,45.7,2.04,2025-10-14T07:00:00,2025-10-14T09:12:23.146596402
H2664,Shaft,Steel,Drilling,M6,55,0.575,0.466,54.1,2.39,2025-08-08T07:00:00,2025-08-08T07:27:58.244230744
H2665,Valve,Titanium,Cutting,M1,41,0.71,1.034,59.9,2.73,2025-10-08T22:00:00,2025-10-08T23:02:01.463620117
H2666,Gear,Steel,Turning,M3,115,1.22,1.024,69.8,2.38,2025-11-03T07:00:00,2025-11-03T08:01:26.601279589
H2667,Valve,Titanium,Assembly,M8,309,4.008,5.209,55.1,2.81,2025-12-07T03:00:00,2025-12-07T08:12:31.525268213
H2668,Bracket,Aluminium,Cutting,M2,299,3.29,3.069,72.1,3.47,2025-11-09T01:00:00,2025-11-09T04:04:07.926055881
H2669,Shaft,Steel,Drilling,M5,582,3.21,4.044,54.1,1.35,2025-12-11T02:00:00,2025-12-11T06:02:38.087987062
H2670,Valve,Titanium,Turning,M4,28,0.524,0.751,64.5,1.6,2025-07-13T02:00:00,2025-07-13T02:45:04.755407518
H2671,Bracket,Aluminium,Assembly,M8,413,5.256,3.684,61.6,2.68,2025-09-24T08:00:00,2025-09-24T11:41:02.554452779
H2672,Housing,Aluminium,Turning,M4,438,3.804,2.909,67.6,2.78,2025-10-18T05:00:00,2025-10-18T07:54:30.611001280
H2673,Shaft,Steel,Cutting,M2,68,0.98,0.959,51.2,2.4,2025-11-20T22:00:00,2025-11-20T22:57:31.325455840
H2674,Bracket,Aluminium,Cutting,M1,489,5.19,3.464,50.9,2.22,2025-12-23T21:00:00,2025-12-24T00:27:52.004800080
H2675,Gear,Steel,Assembly,M8,313,4.056,3.441,66.0,1.23,2025-08-02T06:00:00,2025-08-02T09:26:29.268398818
H2676,Bracket,Aluminium,Drilling,M5,236,1.48,1.424,60.5,3.32,2025-10-11T00:00:00,2025-10-11T01:25:25.245718254
H2677,Housing,Aluminium,Cutting,M2,157,1.87,1.531,64.6,3.77,2025-12-28T07:00:00,2025-12-28T08:31:52.074714445
H2678,Shaft,Steel,Drilling,M6,181,1.205,1.153,62.0,1.34,2026-01-01T04:00:00,2026-01-01T05:09:10.530117335
H2679,Bracket,Aluminium,Cutting,M2,403,4.33,3.501,57.6,3.56,2025-08-24T22:00:00,2025-08-25T01:30:04.102527279
H2680,Shaft,Steel,Turning,M3,471,4.068,3.388,68.4,1.46,2025-10-10T01:00:00,2025-10-10T04:23:17.077400924
H2681,Bracket,Aluminium,Cutting,M2,425,4.55,4.534,62.6,1.95,2025-11-07T08:00:00,2025-11-07T12:32:03.849169044
H2682,Valve,Titanium,Cutting,M1,111,1.41,2.033,62.8,2.56,2025-12-21T04:00:00,2025-12-21T06:01:57.902117016
H2683,Gear,Steel,Assembly,M8,489,6.168,5.965,66.7,2.8,2025-07-22T04:00:00,2025-07-22T09:57:52.859376260
H2684,Shaft,Steel,Turning,M3,408,3.564,2.819,62.2,1.53,2025-07-22T05:00:00,2025-07-22T07:49:10.097872570
H2685,Valve,Titanium,Assembly,M8,579,7.248,10.423,67.8,2.68,2025-09-01T03:00:00,2025-09-01T13:25:21.963489557
H2686,Cover,Plastic,Cutting,M2,475,5.05,3.025,69.2,3.0,2025-11-16T03:00:00,2025-11-16T06:01:31.281426307
H2687,Gear,Steel,Cutting,M2,590,6.2,6.458,75.0,2.33,2025-11-28T07:00:00,2025-11-28T13:27:27.816895458
H2688,Bracket,Aluminium,Assembly,M8,396,5.052,3.413,81.1,2.74,2025-12-22T22:00:00,2025-12-23T01:24:48.043303245
H2689,Valve,Titanium,Cutting,M1,233,2.63,3.089,66.4,2.2,2025-08-09T04:00:00,2025-08-09T07:05:19.432622207
H2690,Gear,Steel,Assembly,M8,239,3.168,2.496,62.2,1.68,2025-09-10T01:00:00,2025-09-10T03:29:43.885387943
H2691,Gear,Steel,Turning,M4,481,4.148,3.813,71.9,2.69,2025-08-17T00:00:00,2025-08-17T03:48:46.340964947
H2692,Valve,Titanium,Cutting,M2,481,5.11,6.22,69.0,2.12,2025-08-10T03:00:00,2025-08-10T09:13:11.606653385
H2693,Housing,Aluminium,Cutting,M2,133,1.63,1.306,61.7,3.15,2025-10-16T08:00:00,2025-10-16T09:18:21.930932009
H2694,Cover,Plastic,Cutting,M2,399,4.29,2.367,49.5,2.16,2025-07-18T03:00:00,2025-07-18T05:22:02.778120833
H2695,Bracket,Aluminium,Drilling,M6,333,1.965,1.214,61.6,1.68,2025-09-19T02:00:00,2025-09-19T03:12:51.928398017
H2696,Cover,Plastic,Cutting,M2,109,1.39,0.832,62.0,2.35,2025-12-09T04:00:00,2025-12-09T04:49:54.891315611
H2697,Shaft,Steel,Cutting,M1,400,4.3,3.994,65.9,2.74,2025-09-28T03:00:00,2025-09-28T06:59:38.905495075
H2698,Housing,Aluminium,Assembly,M8,132,1.884,1.533,65.2,3.26,2025-09-17T02:00:00,2025-09-17T03:32:00.133148109
H2699,Shaft,Steel,Turning,M3,307,2.756,2.343,66.7,1.63,2025-11-05T21:00:00,2025-11-05T23:20:35.544257816
H2700,Cover,Plastic,Assembly,M8,493,6.216,3.322,73.9,2.28,2025-09-13T01:00:00,2025-09-13T04:19:19.019153435
H2701,Valve,Titanium,Cutting,M2,357,3.87,5.927,53.9,2.97,2025-10-24T02:00:00,2025-10-24T07:55:35.749116543
H2702,Housing,Aluminium,Cutting,M2,319,3.49,2.689,73.9,1.83,2025-11-22T03:00:00,2025-11-22T05:41:22.144828906
H2703,Housing,Aluminium,Cutting,M1,324,3.54,2.665,67.7,4.19,2025-10-22T23:00:00,2025-10-23T01:39:54.118297597
H2704,Gear,Steel,Turning,M4,42,0.636,0.606,60.4,4.34,2025-08-21T00:00:00,2025-08-21T00:36:20.838198525
H2705,Cover,Plastic,Drilling,M6,106,0.83,0.458,77.2,2.03,2025-09-30T07:00:00,2025-09-30T07:27:30.208031869
H2706,Bracket,Aluminium,Drilling,M5,539,2.995,2.809,62.2,3.09,2025-08-21T08:00:00,2025-08-21T10:48:32.515602679
H2707,Bracket,Aluminium,Drilling,M5,518,2.89,2.705,64.4,2.13,2025-10-10T02:00:00,2025-10-10T04:42:17.755401762
H2708,Bracket,Aluminium,Drilling,M5,36,0.48,0.444,70.2,0.62,2025-09-20T02:00:00,2025-09-20T02:26:37.166345807
H2709,Gear,Steel,Turning,M4,362,3.196,2.539,62.4,1.67,2025-11-18T03:00:00,2025-11-18T05:32:20.148481582
H2710,Shaft,Steel,Turning,M3,304,2.732,2.116,59.2,3.14,2025-08-08T00:00:00,2025-08-08T02:06:56.174870044
H2711,Cover,Plastic,Cutting,M2,547,5.77,3.339,78.4,2.31,2025-09-21T21:00:00,2025-09-22T00:20:21.448089622
H2712,Gear,Steel,Assembly,M8,510,6.42,5.663,71.1,3.39,2025-12-30T22:00:00,2025-12-31T03:39:45.233630364
H2713,Bracket,Aluminium,Cutting,M2,544,5.74,4.431,62.7,1.96,2025-07-22T08:00:00,2025-07-22T12:25:49.860585932
H2714,Bracket,Aluminium,Drilling,M6,433,2.465,1.551,67.3,2.36,2025-10-18T05:00:00,2025-10-18T06:33:03.590376213
H2715,Shaft,Steel,Drilling,M6,95,0.775,0.787,73.8,1.5,2025-07-19T02:00:00,2025-07-19T02:47:12.030108924
H2716,Gear,Steel,Turning,M4,220,2.06,1.862,74.1,2.4,2025-08-20T05:00:00,2025-08-20T06:51:41.611136091
H2717,Bracket,Aluminium,Drilling,M6,492,2.76,1.753,66.4,2.47,2025-08-19T07:00:00,2025-08-19T08:45:10.115327437
H2718,Bracket,Aluminium,Drilling,M5,470,2.65,2.422,70.3,3.14,2025-08-23T23:00:00,2025-08-24T01:25:17.855008751
H2719,Valve,Titanium,Turning,M3,162,1.596,1.916,63.3,2.2,2025-11-24T23:00:00,2025-11-25T00:54:56.499016110
H2720,Housing,Aluminium,Assembly,M8,71,1.152,0.733,59.3,3.74,2025-11-13T04:00:00,2025-11-13T04:43:59.959630776
H2721,Shaft,Steel,Turning,M3,53,0.724,0.659,63.4,1.71,2025-11-28T03:00:00,2025-11-28T03:39:32.922850909
H2722,Bracket,Aluminium,Assembly,M7,419,5.328,3.951,54.0,2.31,2025-07-21T05:00:00,2025-07-21T08:57:02.585474986
H2723,Gear,Steel,Drilling,M5,145,1.025,1.241,72.2,4.61,2025-10-11T02:00:00,2025-10-11T03:14:26.025699111
H2724,Cover,Plastic,Cutting,M2,418,4.48,2.577,65.5,1.12,2025-08-13T07:00:00,2025-08-13T09:34:35.437203234
H2725,Cover,Plastic,Cutting,M1,227,2.57,1.442,57.3,4.16,2025-10-27T23:00:00,2025-10-28T00:26:30.278999860
H2726,Valve,Titanium,Assembly,M7,562,7.044,9.645,73.4,2.64,2025-12-18T02:00:00,2025-12-18T11:38:42.032388850
H2727,Housing,Aluminium,Assembly,M8,175,2.4,1.743,76.3,3.37,2025-07-25T03:00:00,2025-07-25T04:44:34.758536468
H2728,Housing,Aluminium,Assembly,M7,288,3.756,2.725,79.9,2.96,2025-07-26T23:00:00,2025-07-27T01:43:31.701990343
H2729,Cover,Plastic,Drilling,M5,175,1.175,0.73,66.6,2.52,2025-12-15T07:00:00,2025-12-15T07:43:48.541799548
H2730,Housing,Aluminium,Assembly,M7,494,6.228,5.496,75.1,4.24,2025-09-20T21:00:00,2025-09-21T02:29:45.260502332
H2731,Valve,Titanium,Turning,M4,104,1.132,1.731,68.2,2.16,2025-11-17T04:00:00,2025-11-17T05:43:52.091818923
H2732,Gear,Steel,Drilling,M5,375,2.175,2.592,58.2,2.31,2025-08-13T22:00:00,2025-08-14T00:35:30.488344539
H2733,Housing,Aluminium,Cutting,M1,518,5.48,3.481,57.4,1.27,2025-09-19T21:00:00,2025-09-20T00:28:51.637332650
H2734,Bracket,Aluminium,Assembly,M8,548,6.876,5.121,65.3,1.74,2025-11-09T22:00:00,2025-11-10T03:07:15.768446973
H2735,Bracket,Aluminium,Assembly,M8,588,7.356,5.377,67.9,2.51,2025-12-25T07:00:00,2025-12-25T12:22:37.866508172
H2736,Valve,Titanium,Turning,M3,465,4.02,5.608,69.3,2.16,2025-08-30T05:00:00,2025-08-30T10:36:27.126206871
H2737,Bracket,Aluminium,Assembly,M8,367,4.704,3.403,45.0,2.69,2025-09-24T08:00:00,2025-09-24T11:24:12.324887157
H2738,Shaft,Steel,Turning,M4,461,3.988,3.519,63.0,2.68,2026-01-03T21:00:00,2026-01-04T00:31:07.468160118
H2739,Housing,Aluminium,Cutting,M2,43,0.73,0.624,59.6,3.25,2025-11-22T07:00:00,2025-11-22T07:37:25.942360694
H2740,Housing,Aluminium,Cutting,M1,357,3.87,3.009,78.5,1.89,2025-09-20T02:00:00,2025-09-20T05:00:30.670783214
H2741,Bracket,Aluminium,Assembly,M7,260,3.42,2.337,57.3,1.93,2025-08-14T05:00:00,2025-08-14T07:20:13.166777716
H2742,Cover,Plastic,Cutting,M1,568,5.98,3.373,64.8,1.59,2025-12-19T01:00:00,2025-12-19T04:22:22.172136453
H2743,Gear,Steel,Cutting,M1,131,1.61,1.381,79.0,2.37,2025-07-18T23:00:00,2025-07-19T00:22:51.548964496
H2744,Valve,Titanium,Turning,M3,390,3.42,4.373,60.2,1.94,2025-08-11T21:00:00,2025-08-12T01:22:21.028038607
H2745,Gear,Steel,Drilling,M5,502,2.81,2.644,67.7,2.29,2025-07-21T01:00:00,2025-07-21T03:38:39.341732679
H2746,Housing,Aluminium,Turning,M3,380,3.34,2.241,63.7,2.71,2025-09-03T07:00:00,2025-09-03T09:14:28.054429840
H2747,Valve,Titanium,Cutting,M1,549,5.79,8.949,63.0,3.61,2025-07-12T00:00:00,2025-07-12T08:56:57.769540413
H2748,Bracket,Aluminium,Cutting,M2,345,3.75,2.99,60.6,1.34,2025-12-05T21:00:00,2025-12-05T23:59:23.413925643
H2749,Gear,Steel,Cutting,M2,104,1.34,1.287,49.1,1.49,2025-09-13T07:00:00,2025-09-13T08:17:12.309774280
H2750,Housing,Aluminium,Cutting,M1,424,4.54,3.107,59.4,1.34,2025-12-17T04:00:00,2025-12-17T07:06:25.391076499
H2751,Cover,Plastic,Cutting,M1,315,3.45,1.759,68.4,3.05,2025-09-15T03:00:00,2025-09-15T04:45:33.355586386
H2752,Shaft,Steel,Cutting,M2,500,5.3,5.773,57.4,2.72,2025-08-21T21:00:00,2025-08-22T02:46:21.854885019
H2753,Valve,Titanium,Cutting,M1,488,5.18,6.754,55.3,2.47,2025-10-31T05:00:00,2025-10-31T11:45:14.534827822
H2754,Shaft,Steel,Cutting,M2,29,0.59,0.673,57.5,1.49,2025-10-05T08:00:00,2025-10-05T08:40:22.895974521
H2755,Bracket,Aluminium,Cutting,M2,256,2.86,2.36,67.1,1.71,2025-08-29T23:00:00,2025-08-30T01:21:35.934775917
H2756,Gear,Steel,Cutting,M1,483,5.13,4.263,38.9,2.22,2025-11-05T22:00:00,2025-11-06T02:15:45.181337678
H2757,Housing,Aluminium,Turning,M4,303,2.724,2.08,67.4,2.77,2025-12-01T07:00:00,2025-12-01T09:04:48.459431620
H2758,Bracket,Aluminium,Assembly,M7,436,5.532,4.683,70.7,0.56,2025-08-15T05:00:00,2025-08-15T09:40:59.111443941
H2759,Shaft,Steel,Turning,M4,518,4.444,4.335,74.7,1.94,2025-12-29T22:00:00,2025-12-30T02:20:04.763923133
H2760,Valve,Titanium,Assembly,M8,61,1.032,1.365,65.6,0.8,2025-08-03T03:00:00,2025-08-03T04:21:55.444523512
H2761,Bracket,Aluminium,Drilling,M6,325,1.925,1.286,74.1,1.68,2025-07-30T05:00:00,2025-07-30T06:17:09.775472528
H2762,Housing,Aluminium,Assembly,M8,263,3.456,2.588,70.8,2.71,2025-09-05T04:00:00,2025-09-05T06:35:15.652721334
H2763,Housing,Aluminium,Cutting,M1,361,3.91,2.948,51.6,2.89,2025-08-18T05:00:00,2025-08-18T07:56:53.654845416
H2764,Cover,Plastic,Assembly,M7,241,3.192,1.658,68.4,1.91,2025-08-03T21:00:00,2025-08-03T22:39:27.868152142
H2765,Valve,Titanium,Cutting,M2,174,2.04,3.357,57.7,2.72,2025-07-31T01:00:00,2025-07-31T04:21:26.590056386
H2766,Cover,Plastic,Cutting,M2,527,5.57,3.152,73.1,2.82,2025-08-12T00:00:00,2025-08-12T03:09:07.462893086
H2767,Cover,Plastic,Assembly,M7,502,6.324,4.094,79.0,3.49,2025-08-12T22:00:00,2025-08-13T02:05:37.063690848
H2768,Housing,Aluminium,Cutting,M2,384,4.14,3.477,54.7,4.49,2025-11-09T02:00:00,2025-11-09T05:28:37.553371541
H2769,Gear,Steel,Assembly,M7,582,7.284,6.453,45.4,2.17,2025-12-09T03:00:00,2025-12-09T09:27:09.254063381
H2770,Gear,Steel,Cutting,M2,436,4.66,5.709,70.3,3.48,2025-12-16T00:00:00,2025-12-16T05:42:34.120045409
H2771,Housing,Aluminium,Cutting,M2,420,4.5,3.742,79.6,3.09,2025-08-13T04:00:00,2025-08-13T07:44:30.646705736
H2772,Valve,Titanium,Turning,M4,372,3.276,4.742,67.8,0.94,2025-12-25T22:00:00,2025-12-26T02:44:32.234456178
H2773,Cover,Plastic,Cutting,M2,339,3.69,2.297,61.3,3.29,2025-10-15T07:00:00,2025-10-15T09:17:50.873685356
H2774,Shaft,Steel,Cutting,M1,393,4.23,4.326,62.7,2.71,2025-09-17T07:00:00,2025-09-17T11:19:34.628679650
H2775,Shaft,Steel,Drilling,M6,350,2.05,1.775,48.5,2.67,2025-12-26T22:00:00,2025-12-26T23:46:28.201448844
H2776,Shaft,Steel,Cutting,M1,399,4.29,3.437,67.1,1.79,2025-11-19T22:00:00,2025-11-20T01:26:14.186480905
H2777,Bracket,Aluminium,Cutting,M1,526,5.56,3.701,52.9,2.83,2025-09-27T02:00:00,2025-09-27T05:42:04.344255904
H2778,Cover,Plastic,Assembly,M8,136,1.932,0.942,65.5,3.57,2025-07-19T08:00:00,2025-07-19T08:56:32.128876130
H2779,Shaft,Steel,Turning,M4,468,4.044,3.691,62.3,3.33,2025-12-25T00:00:00,2025-12-25T03:41:27.804152218
H2780,Valve,Titanium,Turning,M3,253,2.324,2.978,70.9,1.8,2025-10-27T06:00:00,2025-10-27T08:58:39.008701221
H2781,Bracket,Aluminium,Assembly,M7,509,6.408,5.093,74.9,2.33,2025-09-01T00:00:00,2025-09-01T05:05:33.336067560
H2782,Gear,Steel,Drilling,M6,199,1.295,0.899,64.3,1.55,2025-10-21T07:00:00,2025-10-21T07:53:56.676296759
H2783,Gear,Steel,Drilling,M6,495,2.775,2.295,72.4,2.98,2025-12-03T04:00:00,2025-12-03T06:17:41.406057442
H2784,Gear,Steel,Assembly,M8,387,4.944,4.005,80.2,1.3,2025-11-30T00:00:00,2025-11-30T04:00:16.598126078
H2785,Valve,Titanium,Turning,M3,306,2.748,4.024,75.7,3.77,2025-09-16T01:00:00,2025-09-16T05:01:25.379585071
H2786,Housing,Aluminium,Cutting,M1,88,1.18,0.91,53.0,3.77,2025-12-17T08:00:00,2025-12-17T08:54:35.010690361
H2787,Shaft,Steel,Cutting,M1,471,5.01,5.096,63.4,3.64,2025-07-17T01:00:00,2025-07-17T06:05:45.555401874
H2788,Valve,Titanium,Cutting,M1,380,4.1,4.747,60.2,3.54,2025-09-24T08:00:00,2025-09-24T12:44:49.482245165
H2789,Gear,Steel,Cutting,M1,560,5.9,5.099,72.8,2.48,2025-09-22T06:00:00,2025-09-22T11:05:56.813455136
H2790,Cover,Plastic,Drilling,M6,413,2.365,1.197,49.1,2.73,2025-09-03T06:00:00,2025-09-03T07:11:47.856518932
H2791,Housing,Aluminium,Assembly,M7,138,1.956,1.476,64.4,3.34,2025-11-06T04:00:00,2025-11-06T05:28:34.479845159
H2792,Shaft,Steel,Cutting,M2,34,0.64,0.631,62.6,2.7,2025-09-14T03:00:00,2025-09-14T03:37:52.266937069
H2793,Gear,Steel,Assembly,M8,548,6.876,5.853,53.8,3.25,2025-09-10T21:00:00,2025-09-11T02:51:10.372799657
H2794,Gear,Steel,Drilling,M6,134,0.97,0.818,72.8,2.86,2025-10-27T22:00:00,2025-10-27T22:49:05.484529189
H2795,Shaft,Steel,Drilling,M5,143,1.015,1.175,64.5,4.16,2025-11-24T00:00:00,2025-11-24T01:10:29.236698009
H2796,Cover,Plastic,Assembly,M8,80,1.26,0.707,61.7,2.31,2025-07-11T02:00:00,2025-07-11T02:42:23.676005273
H2797,Valve,Titanium,Cutting,M1,93,1.23,1.846,65.1,2.04,2025-11-02T22:00:00,2025-11-02T23:50:45.178236667
H2798,Housing,Aluminium,Cutting,M1,501,5.31,3.815,71.3,2.48,2025-08-15T07:00:00,2025-08-15T10:48:52.270153896
H2799,Bracket,Aluminium,Drilling,M5,237,1.485,1.411,80.8,2.72,2025-08-02T05:00:00,2025-08-02T06:24:37.952101275
H2800,Gear,Steel,Drilling,M5,283,1.715,2.0,66.2,2.51,2025-09-12T02:00:00,2025-09-12T04:00:00.857481121
H2801,Bracket,Aluminium,Drilling,M5,96,0.78,0.9,77.6,2.84,2025-07-24T22:00:00,2025-07-24T22:53:59.439036089
H2802,Housing,Aluminium,Assembly,M7,43,0.816,0.62,76.2,1.94,2025-12-16T08:00:00,2025-12-16T08:37:10.248563092
H2803,Housing,Aluminium,Assembly,M7,31,0.672,0.543,58.7,2.28,2025-11-27T03:00:00,2025-11-27T03:32:34.806243444
H2804,Cover,Plastic,Assembly,M8,308,3.996,2.224,57.9,3.09,2025-12-16T23:00:00,2025-12-17T01:13:26.664501267
H2805,Valve,Titanium,Drilling,M5,302,1.81,2.975,69.9,3.51,2025-11-05T23:00:00,2025-11-06T01:58:30.313404619
H2806,Cover,Plastic,Cutting,M1,47,0.77,0.369,53.7,2.94,2025-08-23T21:00:00,2025-08-23T21:22:06.765244696
H2807,Shaft,Steel,Turning,M3,221,2.068,1.689,70.4,2.26,2025-09-23T22:00:00,2025-09-23T23:41:21.551161330
H2808,Valve,Titanium,Cutting,M1,510,5.4,8.277,57.6,4.12,2025-11-04T23:00:00,2025-11-05T07:16:36.891378171
H2809,Gear,Steel,Turning,M4,162,1.596,1.697,66.6,1.48,2025-09-21T05:00:00,2025-09-21T06:41:50.338598509
H2810,Housing,Aluminium,Assembly,M8,443,5.616,4.136,75.6,3.26,2025-09-15T06:00:00,2025-09-15T10:08:10.732996468
H2811,Housing,Aluminium,Turning,M3,274,2.492,1.684,78.2,2.3,2025-08-24T02:00:00,2025-08-24T03:41:02.554115092
H2812,Gear,Steel,Drilling,M5,388,2.24,2.603,73.0,2.34,2025-12-21T21:00:00,2025-12-21T23:36:09.710954159
H2813,Gear,Steel,Turning,M3,31,0.548,0.48,77.9,2.8,2025-08-27T06:00:00,2025-08-27T06:28:47.222575594
H2814,Cover,Plastic,Cutting,M2,211,2.41,1.188,70.8,1.3,2025-11-02T03:00:00,2025-11-02T04:11:17.339933864
H2815,Bracket,Aluminium,Cutting,M1,528,5.58,4.612,70.6,4.04,2025-07-31T00:00:00,2025-07-31T04:36:44.243480974
H2816,Valve,Titanium,Assembly,M8,257,3.384,4.91,45.9,3.01,2025-11-17T04:00:00,2025-11-17T08:54:34.700041998
H2817,Valve,Titanium,Turning,M3,29,0.532,0.685,60.5,1.84,2025-11-07T21:00:00,2025-11-07T21:41:05.639568359
H2818,Valve,Titanium,Drilling,M6,355,2.075,2.678,63.4,0.95,2025-10-31T05:00:00,2025-10-31T07:40:42.025387900
H2819,Cover,Plastic,Assembly,M7,154,2.148,1.138,65.0,2.06,2025-09-19T04:00:00,2025-09-19T05:08:17.460050596
H2820,Shaft,Steel,Drilling,M5,143,1.015,1.151,61.3,1.87,2025-09-17T01:00:00,2025-09-17T02:09:04.653591137
H2821,Valve,Titanium,Turning,M4,400,3.5,4.522,58.4,0.3,2025-10-02T01:00:00,2025-10-02T05:31:17.726798284
H2822,Housing,Aluminium,Turning,M4,61,0.788,0.529,62.2,0.61,2025-11-13T08:00:00,2025-11-13T08:31:45.336604995
H2823,Shaft,Steel,Turning,M3,166,1.628,1.37,60.8,3.25,2025-11-23T08:00:00,2025-11-23T09:22:12.969951067
H2824,Bracket,Aluminium,Drilling,M5,171,1.155,1.22,57.9,2.16,2025-12-24T06:00:00,2025-12-24T07:13:11.249243165
H2825,Cover,Plastic,Drilling,M6,578,3.19,1.749,53.5,3.38,2025-08-10T01:00:00,2025-08-10T02:44:55.339060736
H2826,Shaft,Steel,Turning,M3,159,1.572,1.322,71.9,3.45,2025-10-19T06:00:00,2025-10-19T07:19:19.750098173
H2827,Bracket,Aluminium,Drilling,M6,221,1.405,0.95,79.2,2.41,2025-10-07T08:00:00,2025-10-07T08:56:58.540505058
H2828,Shaft,Steel,Turning,M4,499,4.292,4.278,61.9,3.4,2025-09-01T22:00:00,2025-09-02T02:16:39.439426074
H2829,Valve,Titanium,Turning,M4,566,4.828,7.471,64.9,2.16,2025-08-26T00:00:00,2025-08-26T07:28:16.099648596
H2830,Gear,Steel,Assembly,M7,127,1.824,1.659,77.3,2.61,2025-11-14T00:00:00,2025-11-14T01:39:32.163690603
H2831,Valve,Titanium,Cutting,M2,331,3.61,5.554,63.2,1.45,2025-08-10T05:00:00,2025-08-10T10:33:12.666976561
H2832,Housing,Aluminium,Turning,M3,382,3.356,2.227,63.8,1.94,2025-10-02T02:00:00,2025-10-02T04:13:38.990363480
H2833,Gear,Steel,Cutting,M1,245,2.75,2.526,65.4,4.38,2025-10-12T07:00:00,2025-10-12T09:31:32.177558692
H2834,Valve,Titanium,Cutting,M2,531,5.61,8.552,67.2,2.52,2025-09-01T07:00:00,2025-09-01T15:33:08.903366721
H2835,Valve,Titanium,Assembly,M7,530,6.66,10.825,49.2,3.7,2025-08-18T06:00:00,2025-08-18T16:49:28.304661983
H2836,Gear,Steel,Turning,M4,97,1.076,0.899,70.3,3.36,2025-10-07T01:00:00,2025-10-07T01:53:55.550623422
H2837,Valve,Titanium,Assembly,M8,361,4.632,6.103,63.5,3.23,2025-10-19T01:00:00,2025-10-19T07:06:09.835718063
H2838,Shaft,Steel,Turning,M3,132,1.356,1.201,70.0,2.82,2025-10-19T06:00:00,2025-10-19T07:12:03.586972692
H2839,Housing,Aluminium,Assembly,M8,516,6.492,4.789,61.1,3.44,2025-09-25T00:00:00,2025-09-25T04:47:20.561862035
H2840,Shaft,Steel,Turning,M3,84,0.972,0.928,69.9,2.23,2025-08-04T08:00:00,2025-08-04T08:55:40.008405314
H2841,Valve,Titanium,Assembly,M7,102,1.524,1.767,57.7,2.15,2025-11-07T06:00:00,2025-11-07T07:46:02.474312912
H2842,Gear,Steel,Cutting,M2,60,0.9,0.898,65.9,2.93,2025-12-12T00:00:00,2025-12-12T00:53:51.769601296
H2843,Housing,Aluminium,Turning,M3,40,0.62,0.382,58.4,2.45,2025-11-13T04:00:00,2025-11-13T04:22:54.747405158
H2844,Shaft,Steel,Turning,M3,552,4.716,4.408,72.1,2.76,2025-12-10T08:00:00,2025-12-10T12:24:29.818902901
H2845,Valve,Titanium,Cutting,M1,492,5.22,8.248,69.1,3.98,2025-09-12T04:00:00,2025-09-12T12:14:51.428096584
H2846,Cover,Plastic,Assembly,M7,575,7.2,3.678,61.2,2.17,2025-10-03T06:00:00,2025-10-03T09:40:42.093098445
H2847,Bracket,Aluminium,Assembly,M7,599,7.488,5.251,60.9,3.25,2025-10-30T21:00:00,2025-10-31T02:15:03.378706303
H2848,Gear,Steel,Assembly,M8,454,5.748,5.045,67.8,2.47,2025-08-31T07:00:00,2025-08-31T12:02:41.761418908
H2849,Housing,Aluminium,Cutting,M1,317,3.47,2.54,59.2,1.88,2025-12-25T08:00:00,2025-12-25T10:32:23.913999343
H2850,Valve,Titanium,Drilling,M6,71,0.655,0.725,75.0,3.33,2025-08-09T01:00:00,2025-08-09T01:43:31.312372632
H2851,Bracket,Aluminium,Drilling,M5,175,1.175,1.205,74.1,3.82,2025-09-21T07:00:00,2025-09-21T08:12:17.870589667
H2852,Valve,Titanium,Drilling,M5,143,1.015,1.662,72.0,3.57,2025-11-18T02:00:00,2025-11-18T03:39:43.131981157
H2853,Bracket,Aluminium,Drilling,M5,361,2.105,1.906,73.6,2.67,2025-08-13T00:00:00,2025-08-13T01:54:21.327582071
H2854,Housing,Aluminium,Cutting,M1,512,5.42,3.918,56.6,2.37,2025-12-02T21:00:00,2025-12-03T00:55:03.859665247
H2855,Bracket,Aluminium,Drilling,M6,267,1.635,1.156,62.8,1.64,2025-10-14T05:00:00,2025-10-14T06:09:22.286553448
H2856,Housing,Aluminium,Cutting,M1,484,5.14,3.615,68.5,2.44,2025-12-12T21:00:00,2025-12-13T00:36:54.764600737
H2857,Cover,Plastic,Drilling,M6,303,1.815,0.961,70.1,3.63,2025-08-10T00:00:00,2025-08-10T00:57:40.254836777
H2858,Housing,Aluminium,Turning,M3,469,4.052,2.819,74.6,3.17,2025-12-24T23:00:00,2025-12-25T01:49:07.391823191
H2859,Cover,Plastic,Drilling,M6,335,1.975,0.973,78.8,3.11,2025-11-30T21:00:00,2025-11-30T21:58:21.371442928
H2860,Cover,Plastic,Drilling,M5,586,3.23,2.062,63.7,3.39,2025-08-08T03:00:00,2025-08-08T05:03:44.482683129
H2861,Gear,Steel,Drilling,M6,149,1.045,0.909,78.5,3.56,2025-07-19T00:00:00,2025-07-19T00:54:33.632697971
H2862,Housing,Aluminium,Cutting,M1,177,2.07,1.382,54.6,0.51,2025-09-13T21:00:00,2025-09-13T22:22:55.033585948
H2863,Gear,Steel,Turning,M3,252,2.316,2.086,57.3,2.72,2025-11-02T21:00:00,2025-11-02T23:05:09.222700097
H2864,Bracket,Aluminium,Assembly,M7,90,1.38,0.982,54.1,3.41,2025-11-11T06:00:00,2025-11-11T06:58:55.383682758
H2865,Gear,Steel,Drilling,M6,116,0.88,0.733,65.7,2.87,2025-10-03T21:00:00,2025-10-03T21:43:58.286355128
H2866,Housing,Aluminium,Assembly,M8,333,4.296,2.726,67.3,3.61,2025-10-13T21:00:00,2025-10-13T23:43:33.405338284
H2867,Gear,Steel,Turning,M3,257,2.356,2.057,61.8,3.53,2025-07-12T06:00:00,2025-07-12T08:03:23.849902572
H2868,Gear,Steel,Cutting,M1,384,4.14,3.839,65.3,2.94,2025-09-21T07:00:00,2025-09-21T10:50:21.868806393
H2869,Bracket,Aluminium,Cutting,M1,248,2.78,2.099,60.0,2.27,2025-07-31T22:00:00,2025-08-01T00:05:54.972980643
H2870,Valve,Titanium,Turning,M4,397,3.476,4.969,77.1,3.04,2025-11-23T02:00:00,2025-11-23T06:58:06.988852255
H2871,Shaft,Steel,Cutting,M1,59,0.89,0.802,60.1,3.1,2025-08-13T05:00:00,2025-08-13T05:48:07.593001750
H2872,Gear,Steel,Assembly,M8,305,3.96,3.473,76.4,2.33,2025-10-08T22:00:00,2025-10-09T01:28:21.769443895
H2873,Shaft,Steel,Cutting,M2,526,5.56,5.567,57.3,3.43,2025-08-13T00:00:00,2025-08-13T05:34:01.241581542
H2874,Housing,Aluminium,Turning,M3,564,4.812,3.301,54.4,3.12,2025-10-31T02:00:00,2025-10-31T05:18:02.958823176
H2875,Housing,Aluminium,Assembly,M8,267,3.504,2.596,48.6,1.81,2025-12-15T06:00:00,2025-12-15T08:35:46.734350159
H2876,Valve,Titanium,Assembly,M8,519,6.528,9.437,65.1,3.79,2025-09-17T22:00:00,2025-09-18T07:26:14.648862732
H2877,Cover,Plastic,Drilling,M5,380,2.2,1.438,87.4,2.88,2025-09-18T01:00:00,2025-09-18T02:26:18.113642602
H2878,Cover,Plastic,Cutting,M2,255,2.85,1.785,73.3,1.83,2025-11-27T06:00:00,2025-11-27T07:47:06.989591376
H2879,Gear,Steel,Turning,M3,310,2.78,2.323,62.1,1.46,2025-11-09T02:00:00,2025-11-09T04:19:21.604503546
H2880,Cover,Plastic,Cutting,M1,384,4.14,2.481,70.9,2.23,2025-10-16T03:00:00,2025-10-16T05:28:51.878324263
H2881,Housing,Aluminium,Assembly,M7,63,1.056,0.767,62.2,2.27,2025-07-14T00:00:00,2025-07-14T00:46:00.712066199
H2882,Valve,Titanium,Turning,M3,553,4.724,6.477,73.8,1.43,2025-08-17T03:00:00,2025-08-17T09:28:37.452132748
H2883,Gear,Steel,Drilling,M6,152,1.06,0.907,53.7,1.22,2025-12-06T00:00:00,2025-12-06T00:54:23.868193608
H2884,Shaft,Steel,Turning,M3,68,0.844,0.668,51.5,2.58,2025-12-04T08:00:00,2025-12-04T08:40:04.230094206
H2885,Gear,Steel,Drilling,M6,549,3.045,2.927,79.5,2.97,2025-12-26T00:00:00,2025-12-26T02:55:35.747394314
H2886,Housing,Aluminium,Assembly,M7,549,6.888,4.677,62.6,3.04,2025-12-03T07:00:00,2025-12-03T11:40:36.660982074
H2887,Housing,Aluminium,Cutting,M1,61,0.91,0.773,63.2,2.14,2025-09-20T03:00:00,2025-09-20T03:46:24.139022774
H2888,Housing,Aluminium,Cutting,M2,331,3.61,2.641,65.3,2.42,2025-10-09T23:00:00,2025-10-10T01:38:26.329273052
H2889,Housing,Aluminium,Assembly,M8,512,6.444,4.432,65.2,2.55,2025-08-12T21:00:00,2025-08-13T01:25:56.121057896
H2890,Gear,Steel,Cutting,M2,121,1.51,1.469,59.4,3.22,2025-12-03T23:00:00,2025-12-04T00:28:09.718773860
H2891,Shaft,Steel,Turning,M4,305,2.74,2.5,57.6,2.72,2025-12-16T01:00:00,2025-12-16T03:30:00.109815062
H2892,Valve,Titanium,Drilling,M5,457,2.585,5.093,71.3,2.48,2025-08-27T05:00:00,2025-08-27T10:05:36.071538136
H2893,Gear,Steel,Assembly,M7,291,3.792,3.316,68.1,2.53,2025-12-19T01:00:00,2025-12-19T04:18:58.076994996
H2894,Gear,Steel,Turning,M3,159,1.572,1.212,60.3,3.27,2025-12-03T21:00:00,2025-12-03T22:12:44.133209234
H2895,Cover,Plastic,Drilling,M5,244,1.52,1.019,69.3,2.49,2025-11-04T04:00:00,2025-11-04T05:01:09.436730808
H2896,Gear,Steel,Cutting,M1,580,6.1,5.136,77.5,1.67,2025-10-27T01:00:00,2025-10-27T06:08:10.846084376
H2897,Housing,Aluminium,Turning,M4,465,4.02,2.924,69.0,2.46,2025-09-27T06:00:00,2025-09-27T08:55:24.690881640
H2898,Shaft,Steel,Drilling,M5,500,2.8,2.799,76.6,2.9,2025-08-25T22:00:00,2025-08-26T00:47:57.002192342
H2899,Housing,Aluminium,Assembly,M8,456,5.772,4.435,56.5,3.11,2025-12-18T06:00:00,2025-12-18T10:26:07.179653212
H2900,Shaft,Steel,Drilling,M6,564,3.12,2.708,67.8,3.9,2025-11-12T21:00:00,2025-11-12T23:42:28.842722673
H2901,Bracket,Aluminium,Drilling,M5,542,3.01,2.829,70.3,2.42,2025-11-06T02:00:00,2025-11-06T04:49:44.936763243
H2902,Shaft,Steel,Cutting,M1,49,0.79,0.703,58.2,1.77,2025-10-13T22:00:00,2025-10-13T22:42:10.642183764
H2903,Cover,Plastic,Assembly,M8,534,6.708,4.078,72.3,3.45,2025-09-08T21:00:00,2025-09-09T01:04:39.982643795
H2904,Bracket,Aluminium,Drilling,M6,553,3.065,1.971,65.6,2.31,2025-11-11T08:00:00,2025-11-11T09:58:17.008874485
H2905,Cover,Plastic,Cutting,M2,417,4.47,3.078,83.7,2.52,2025-09-11T00:00:00,2025-09-11T03:04:39.463655150
H2906,Gear,Steel,Turning,M4,102,1.116,1.168,71.9,2.34,2025-11-14T22:00:00,2025-11-14T23:10:03.941720573
H2907,Bracket,Aluminium,Cutting,M2,99,1.29,1.235,56.9,4.06,2025-08-19T22:00:00,2025-08-19T23:14:04.561580854
H2908,Housing,Aluminium,Assembly,M8,548,6.876,5.52,68.5,3.71,2025-11-24T23:00:00,2025-11-25T04:31:13.116381199
H2909,Shaft,Steel,Drilling,M5,285,1.725,2.165,62.2,2.06,2025-10-09T21:00:00,2025-10-09T23:09:54.836970709
H2910,Bracket,Aluminium,Drilling,M5,397,2.285,1.87,67.8,2.35,2025-10-19T06:00:00,2025-10-19T07:52:10.382777137
H2911,Cover,Plastic,Assembly,M7,511,6.432,3.68,67.4,3.51,2025-08-29T02:00:00,2025-08-29T05:40:47.772109569
H2912,Gear,Steel,Drilling,M6,178,1.19,1.037,73.7,4.49,2025-10-15T03:00:00,2025-10-15T04:02:13.274594500
H2913,Cover,Plastic,Cutting,M1,335,3.65,1.924,65.3,0.77,2025-07-20T07:00:00,2025-07-20T08:55:27.449906108
H2914,Valve,Titanium,Assembly,M8,347,4.464,6.371,66.5,2.35,2025-10-10T07:00:00,2025-10-10T13:22:15.634131667
H2915,Cover,Plastic,Drilling,M5,382,2.21,1.546,62.4,3.31,2025-11-22T21:00:00,2025-11-22T22:32:45.127220158
H2916,Housing,Aluminium,Cutting,M2,88,1.18,1.026,70.3,3.22,2025-09-27T22:00:00,2025-09-27T23:01:31.958460638
H2917,Cover,Plastic,Assembly,M7,451,5.712,2.974,64.1,1.37,2025-11-30T00:00:00,2025-11-30T02:58:24.694594562
H2918,Housing,Aluminium,Assembly,M7,122,1.764,1.279,63.5,1.71,2025-07-28T00:00:00,2025-07-28T01:16:44.378879985
H2919,Housing,Aluminium,Assembly,M7,229,3.048,2.322,65.8,0.97,2025-10-09T03:00:00,2025-10-09T05:19:18.524809345
H2920,Cover,Plastic,Drilling,M6,148,1.04,0.625,69.5,2.69,2025-08-20T21:00:00,2025-08-20T21:37:29.509659821
H2921,Housing,Aluminium,Assembly,M7,576,7.212,5.35,62.7,3.51,2025-10-13T03:00:00,2025-10-13T08:20:58.853795790
H2922,Valve,Titanium,Turning,M4,457,3.956,5.348,64.5,1.68,2025-12-15T04:00:00,2025-12-15T09:20:54.302691100
H2923,Housing,Aluminium,Cutting,M2,153,1.83,1.487,62.8,2.13,2025-12-26T04:00:00,2025-12-26T05:29:12.626327780
H2924,Cover,Plastic,Drilling,M6,111,0.855,0.444,65.5,3.27,2025-11-10T07:00:00,2025-11-10T07:26:39.787915329
H2925,Housing,Aluminium,Turning,M4,365,3.22,2.255,75.9,3.75,2025-10-23T00:00:00,2025-10-23T02:15:17.394539127
H2926,Cover,Plastic,Drilling,M5,154,1.07,0.735,58.8,3.03,2025-11-17T04:00:00,2025-11-17T04:44:04.265459486
H2927,Cover,Plastic,Assembly,M8,421,5.352,3.406,50.5,2.62,2025-08-23T02:00:00,2025-08-23T05:24:21.547344348
H2928,Valve,Titanium,Drilling,M6,194,1.27,1.652,64.1,2.79,2025-10-12T02:00:00,2025-10-12T03:39:06.718057861
H2929,Shaft,Steel,Cutting,M1,125,1.55,1.458,72.4,3.54,2025-11-01T05:00:00,2025-11-01T06:27:30.085022370
H2930,Shaft,Steel,Drilling,M6,299,1.795,1.362,59.9,2.4,2025-12-01T21:00:00,2025-12-01T22:21:43.671176642
H2931,Shaft,Steel,Cutting,M2,478,5.08,4.683,68.5,2.0,2025-11-24T22:00:00,2025-11-25T02:40:59.580432641
H2932,Shaft,Steel,Drilling,M6,436,2.48,2.198,66.7,2.71,2025-07-15T03:00:00,2025-07-15T05:11:53.875963642
H2933,Valve,Titanium,Turning,M3,450,3.9,5.635,77.9,3.25,2025-08-24T23:00:00,2025-08-25T04:38:05.345946634
H2934,Gear,Steel,Drilling,M5,593,3.265,3.742,66.5,2.03,2025-09-22T21:00:00,2025-09-23T00:44:31.315189186
H2935,Cover,Plastic,Assembly,M7,491,6.192,3.313,60.0,2.17,2025-09-18T21:00:00,2025-09-19T00:18:46.689903919
H2936,Valve,Titanium,Assembly,M7,239,3.168,3.709,67.2,3.0,2025-08-22T22:00:00,2025-08-23T01:42:31.573813064
H2937,Gear,Steel,Assembly,M7,254,3.348,3.108,67.7,2.44,2025-12-28T01:00:00,2025-12-28T04:06:28.905959582
H2938,Bracket,Aluminium,Cutting,M2,230,2.6,2.204,70.7,2.74,2025-07-17T21:00:00,2025-07-17T23:12:15.591520734
H2939,Cover,Plastic,Cutting,M2,150,1.8,1.052,65.9,2.27,2025-12-08T08:00:00,2025-12-08T09:03:08.392310291
H2940,Bracket,Aluminium,Cutting,M2,506,5.36,4.555,55.4,3.29,2025-08-09T05:00:00,2025-08-09T09:33:18.764637958
H2941,Cover,Plastic,Cutting,M2,27,0.57,0.36,56.2,1.63,2025-10-10T08:00:00,2025-10-10T08:21:37.480912361
H2942,Shaft,Steel,Cutting,M1,112,1.42,1.102,63.5,2.24,2025-10-13T22:00:00,2025-10-13T23:06:08.969546587
H2943,Gear,Steel,Assembly,M7,408,5.196,5.345,69.2,2.55,2025-07-13T00:00:00,2025-07-13T05:20:40.668553272
H2944,Cover,Plastic,Assembly,M8,102,1.524,0.849,67.0,0.98,2025-07-22T08:00:00,2025-07-22T08:50:57.033148201
H2945,Valve,Titanium,Turning,M4,28,0.524,0.648,58.5,2.14,2025-12-28T23:00:00,2025-12-28T23:38:52.427568030
H2946,Valve,Titanium,Drilling,M5,391,2.255,3.784,47.7,2.73,2025-08-01T04:00:00,2025-08-01T07:47:03.703698912
H2947,Cover,Plastic,Cutting,M1,276,3.06,1.396,59.7,1.19,2025-09-12T06:00:00,2025-09-12T07:23:44.172044922
H2948,Cover,Plastic,Assembly,M7,428,5.436,3.022,59.5,2.95,2025-09-03T05:00:00,2025-09-03T08:01:19.160911725
H2949,Valve,Titanium,Cutting,M1,335,3.65,4.663,56.2,2.08,2025-09-27T03:00:00,2025-09-27T07:39:45.127292737
H2950,Shaft,Steel,Turning,M4,198,1.884,1.757,71.4,2.92,2025-08-27T01:00:00,2025-08-27T02:45:23.635653923
H2951,Bracket,Aluminium,Drilling,M5,280,1.7,1.488,74.0,2.52,2025-11-01T07:00:00,2025-11-01T08:29:17.025114013
H2952,Shaft,Steel,Drilling,M5,64,0.62,0.716,58.1,2.76,2025-07-24T06:00:00,2025-07-24T06:42:58.471175755
H2953,Bracket,Aluminium,Cutting,M1,207,2.37,1.772,76.5,3.29,2025-08-02T07:00:00,2025-08-02T08:46:19.424921758
H2954,Bracket,Aluminium,Cutting,M1,565,5.95,4.831,65.3,2.09,2025-10-23T03:00:00,2025-10-23T07:49:53.302526032
H2955,Bracket,Aluminium,Assembly,M8,35,0.72,0.444,69.2,0.43,2025-11-22T22:00:00,2025-11-22T22:26:37.173942711
H2956,Gear,Steel,Turning,M3,587,4.996,4.063,61.7,2.36,2026-01-01T23:00:00,2026-01-02T03:03:46.869803641
H2957,Gear,Steel,Cutting,M2,444,4.74,4.743,64.8,1.83,2025-11-01T00:00:00,2025-11-01T04:44:35.193564270
H2958,Valve,Titanium,Drilling,M5,373,2.165,3.19,62.1,2.28,2025-07-14T05:00:00,2025-07-14T08:11:23.931915863
H2959,Shaft,Steel,Cutting,M1,367,3.97,3.839,54.3,3.08,2025-10-17T08:00:00,2025-10-17T11:50:21.805584148
H2960,Gear,Steel,Assembly,M8,223,2.976,2.518,65.8,2.57,2025-11-03T23:00:00,2025-11-04T01:31:06.094932574
H2961,Housing,Aluminium,Turning,M3,225,2.1,1.501,63.2,2.88,2025-09-22T05:00:00,2025-09-22T06:30:04.989933606
H2962,Gear,Steel,Turning,M3,67,0.836,0.635,61.6,3.74,2025-10-18T05:00:00,2025-10-18T05:38:05.302228109
H2963,Housing,Aluminium,Turning,M3,197,1.876,1.204,70.3,3.05,2025-12-25T04:00:00,2025-12-25T05:12:13.863085993
H2964,Gear,Steel,Drilling,M6,131,0.955,0.816,68.1,2.11,2025-08-15T01:00:00,2025-08-15T01:48:57.245788852
H2965,Shaft,Steel,Drilling,M6,88,0.74,0.592,69.1,2.85,2025-12-05T02:00:00,2025-12-05T02:35:30.576714857
H2966,Housing,Aluminium,Turning,M4,204,1.932,1.23,65.5,2.82,2025-08-12T07:00:00,2025-08-12T08:13:46.972826174
H2967,Shaft,Steel,Cutting,M1,369,3.99,3.393,55.8,3.09,2025-10-03T07:00:00,2025-10-03T10:23:34.403762924
H2968,Shaft,Steel,Turning,M4,594,5.052,5.141,69.7,2.81,2025-12-09T00:00:00,2025-12-09T05:08:29.354043604
H2969,Shaft,Steel,Cutting,M1,579,6.09,5.295,72.1,2.38,2025-10-09T00:00:00,2025-10-09T05:17:42.234067161
H2970,Valve,Titanium,Turning,M4,558,4.764,6.786,67.9,2.32,2025-11-28T05:00:00,2025-11-28T11:47:10.220832733
H2971,Gear,Steel,Drilling,M5,368,2.14,2.266,63.2,1.88,2025-10-03T23:00:00,2025-10-04T01:15:59.150636087
H2972,Housing,Aluminium,Assembly,M7,77,1.224,0.945,67.3,3.29,2025-07-16T22:00:00,2025-07-16T22:56:43.093159738
H2973,Shaft,Steel,Turning,M4,285,2.58,2.067,63.7,1.82,2025-11-03T03:00:00,2025-11-03T05:03:59.913226498
H2974,Gear,Steel,Cutting,M2,50,0.8,1.096,80.9,4.17,2025-08-02T07:00:00,2025-08-02T08:05:47.182011131
H2975,Shaft,Steel,Turning,M4,485,4.18,3.835,66.8,2.74,2025-11-18T05:00:00,2025-11-18T08:50:05.573288609
H2976,Bracket,Aluminium,Assembly,M7,480,6.06,4.095,54.0,2.79,2025-11-09T00:00:00,2025-11-09T04:05:42.684920517
H2977,Bracket,Aluminium,Drilling,M5,407,2.335,2.365,73.9,2.37,2025-10-25T02:00:00,2025-10-25T04:21:55.377642227
H2978,Bracket,Aluminium,Drilling,M6,388,2.24,1.612,54.7,2.77,2025-08-01T22:00:00,2025-08-01T23:36:42.262899782
H2979,Cover,Plastic,Drilling,M5,133,0.965,0.682,60.7,3.61,2025-12-26T21:00:00,2025-12-26T21:40:54.836439229
H2980,Gear,Steel,Cutting,M2,78,1.08,1.18,59.0,3.25,2025-11-30T03:00:00,2025-11-30T04:10:47.478878741
H2981,Cover,Plastic,Cutting,M1,268,2.98,1.641,55.6,2.43,2025-10-24T01:00:00,2025-10-24T02:38:25.997948475
H2982,Valve,Titanium,Assembly,M8,545,6.84,8.807,70.1,3.76,2025-09-23T23:00:00,2025-09-24T07:48:24.856088465
H2983,Valve,Titanium,Drilling,M5,177,1.185,1.846,65.8,2.98,2025-10-16T23:00:00,2025-10-17T00:50:45.634522302
H2984,Gear,Steel,Turning,M4,175,1.7,1.578,78.7,1.38,2025-08-23T03:00:00,2025-08-23T04:34:40.824772372
H2985,Bracket,Aluminium,Assembly,M7,512,6.444,5.119,66.4,2.41,2025-08-23T21:00:00,2025-08-24T02:07:08.221384376
H2986,Gear,Steel,Drilling,M6,437,2.485,1.916,42.0,2.44,2025-10-01T03:00:00,2025-10-01T04:54:56.453130464
H2987,Bracket,Aluminium,Assembly,M8,481,6.072,4.102,80.1,1.37,2025-08-07T02:00:00,2025-08-07T06:06:06.013664937
H2988,Gear,Steel,Cutting,M2,187,2.17,2.118,64.1,2.39,2025-09-19T05:00:00,2025-09-19T07:07:04.159809588
H2989,Gear,Steel,Drilling,M5,73,0.665,0.725,63.4,2.19,2025-11-11T04:00:00,2025-11-11T04:43:29.091441767
H2990,Gear,Steel,Assembly,M8,433,5.496,4.954,49.5,1.84,2025-07-12T23:00:00,2025-07-13T03:57:14.742899116
H2991,Shaft,Steel,Cutting,M2,252,2.82,2.918,76.2,3.12,2025-12-21T21:00:00,2025-12-21T23:55:03.760267874
H2992,Housing,Aluminium,Cutting,M2,250,2.8,1.953,66.1,2.98,2025-10-05T01:00:00,2025-10-05T02:57:10.068369051
H2993,Housing,Aluminium,Cutting,M2,250,2.8,2.276,74.5,3.11,2025-11-27T02:00:00,2025-11-27T04:16:35.228101032
H2994,Gear,Steel,Turning,M3,97,1.076,0.968,71.4,2.46,2025-12-31T21:00:00,2025-12-31T21:58:06.158819300
H2995,Gear,Steel,Assembly,M7,69,1.128,1.025,83.6,3.06,2025-12-05T05:00:00,2025-12-05T06:01:31.365550883
H2996,Valve,Titanium,Assembly,M8,406,5.172,7.965,77.0,1.15,2025-08-28T00:00:00,2025-08-28T07:57:54.488923487
H2997,Cover,Plastic,Drilling,M5,494,2.77,1.997,63.1,2.51,2025-09-09T05:00:00,2025-09-09T06:59:49.524860265
H2998,Shaft,Steel,Drilling,M5,411,2.355,2.497,72.2,3.13,2026-01-01T22:00:00,2026-01-02T00:29:48.167855350
H2999,Valve,Titanium,Assembly,M8,383,4.896,6.665,77.0,1.77,2025-10-03T04:00:00,2025-10-03T10:39:54.336779909
H3000,Valve,Titanium,Drilling,M6,199,1.295,1.887,64.2,3.44,2025-07-11T01:00:00,2025-07-11T02:53:13.911304120
