status_id,machine_id,timestamp,temperature,vibration,operating_hours,previous_failures,days_since_maintenance,current_workload,failure_within_24h
1,M1,2025-11-03T20:00:00,66.0,3.09,2976.1,2,61.2,0.7,0
2,M1,2025-11-04T02:00:00,66.8,3.9,5470.5,1,69.5,0.46,0
3,M1,2025-11-04T08:00:00,66.1,3.21,466.2,0,8.6,0.3,0
4,M1,2025-11-04T14:00:00,58.0,2.26,1474.2,0,6.4,0.43,0
5,M1,2025-11-04T20:00:00,69.4,1.8,5541.1,1,59.8,0.64,1
6,M1,2025-11-05T02:00:00,66.8,3.13,5866.1,3,80.0,0.69,1
7,M1,2025-11-05T08:00:00,64.3,1.29,3200.1,1,73.4,0.31,0
8,M1,2025-11-05T14:00:00,63.0,3.69,2656.4,1,72.5,0.46,0
9,M1,2025-11-05T20:00:00,53.4,2.75,5298.3,5,6.5,0.79,0
10,M1,2025-11-06T02:00:00,44.0,2.7,2067.8,1,17.0,0.77,0
11,M1,2025-11-06T08:00:00,58.8,1.85,5304.5,2,32.1,0.67,0
12,M1,2025-11-06T14:00:00,81.0,2.07,4026.4,1,26.3,0.91,0
13,M1,2025-11-06T20:00:00,67.2,3.18,4023.1,1,86.5,0.32,0
14,M1,2025-11-07T02:00:00,61.3,2.09,3880.0,2,45.9,0.93,0
15,M1,2025-11-07T08:00:00,57.6,1.41,3064.8,0,25.2,0.53,0
16,M1,2025-11-07T14:00:00,56.0,3.11,4859.0,1,33.1,0.59,0
17,M1,2025-11-07T20:00:00,67.0,3.0,1687.2,0,38.6,0.68,0
18,M1,2025-11-08T02:00:00,66.3,2.3,3012.6,1,48.3,0.72,0
19,M1,2025-11-08T08:00:00,65.2,3.04,1162.3,0,84.5,0.86,0
20,M1,2025-11-08T14:00:00,59.1,3.95,4242.8,1,44.2,0.76,0
21,M1,2025-11-08T20:00:00,60.4,2.61,5542.2,1,19.9,0.78,0
22,M1,2025-11-09T02:00:00,71.9,2.56,268.7,2,82.1,0.59,0
23,M1,2025-11-09T08:00:00,51.4,1.54,2088.2,2,8.8,0.75,0
24,M1,2025-11-09T14:00:00,67.0,2.41,1425.6,1,66.5,0.51,0
25,M1,2025-11-09T20:00:00,60.8,3.08,5313.8,3,21.3,0.68,0
26,M1,2025-11-10T02:00:00,60.3,2.39,1711.3,0,28.7,0.71,0
27,M1,2025-11-10T08:00:00,70.4,2.94,1848.2,0,62.6,0.3,0
28,M1,2025-11-10T14:00:00,72.0,3.88,5533.6,2,89.7,0.43,1
29,M1,2025-11-10T20:00:00,54.8,1.12,1338.0,0,13.4,0.55,0
30,M1,2025-11-11T02:00:00,67.4,2.8,179.1,5,51.4,0.94,0
31,M1,2025-11-11T08:00:00,58.8,1.42,4819.3,1,75.6,0.67,0
32,M1,2025-11-11T14:00:00,70.7,3.37,2476.8,3,72.4,0.67,1
33,M1,2025-11-11T20:00:00,52.7,1.6,3153.7,0,47.6,0.78,0
34,M1,2025-11-12T02:00:00,59.7,1.46,1880.9,4,26.7,0.62,0
35,M1,2025-11-12T08:00:00,73.2,3.07,3025.7,2,72.3,0.8,1
36,M1,2025-11-12T14:00:00,71.8,3.69,4699.1,0,12.6,0.78,1
37,M1,2025-11-12T20:00:00,68.7,2.84,131.7,2,48.9,0.34,1
38,M1,2025-11-13T02:00:00,60.1,4.2,2385.4,1,64.3,0.71,1
39,M1,2025-11-13T08:00:00,57.7,2.76,488.7,2,81.1,0.59,0
40,M1,2025-11-13T14:00:00,68.2,3.1,3545.2,1,26.1,0.9,0
41,M1,2025-11-13T20:00:00,55.2,1.84,1387.7,0,47.4,0.36,0
42,M1,2025-11-14T02:00:00,47.1,1.82,4587.5,0,32.8,0.78,1
43,M1,2025-11-14T08:00:00,68.1,2.84,585.8,1,17.0,0.44,0
44,M1,2025-11-14T14:00:00,51.1,2.49,2261.8,4,61.4,0.38,0
45,M1,2025-11-14T20:00:00,65.3,0.47,2374.5,0,28.4,0.7,0
46,M1,2025-11-15T02:00:00,70.2,1.56,1359.4,3,83.2,0.33,0
47,M1,2025-11-15T08:00:00,60.0,1.75,164.7,2,14.1,0.84,0
48,M1,2025-11-15T14:00:00,52.2,2.02,4577.0,2,40.2,0.4,0
49,M1,2025-11-15T20:00:00,49.6,2.14,1242.0,0,78.0,0.39,0
50,M1,2025-11-16T02:00:00,67.0,1.46,237.8,0,73.6,0.63,0
51,M1,2025-11-16T08:00:00,56.9,2.42,899.4,2,72.9,0.59,0
52,M1,2025-11-16T14:00:00,76.7,1.49,3968.5,1,88.4,0.96,1
53,M1,2025-11-16T20:00:00,60.8,2.25,5530.8,1,61.3,0.37,0
54,M1,2025-11-17T02:00:00,78.0,2.33,1216.6,2,16.3,0.46,0
55,M1,2025-11-17T08:00:00,54.2,1.9,3137.8,2,17.8,0.31,0
56,M1,2025-11-17T14:00:00,68.2,2.44,4318.6,3,9.1,0.71,0
57,M1,2025-11-17T20:00:00,60.3,2.1,4346.4,1,75.7,0.7,0
58,M1,2025-11-18T02:00:00,56.2,1.69,2595.2,0,54.9,0.78,1
59,M1,2025-11-18T08:00:00,66.3,3.61,2059.2,1,40.1,0.87,0
60,M1,2025-11-18T14:00:00,74.3,2.51,4225.6,3,44.5,0.96,0
61,M1,2025-11-18T20:00:00,52.2,2.61,121.1,2,33.6,0.71,0
62,M1,2025-11-19T02:00:00,72.4,3.61,5060.0,1,49.0,0.51,1
63,M1,2025-11-19T08:00:00,76.4,3.23,428.0,1,43.7,0.63,0
64,M1,2025-11-19T14:00:00,69.5,2.76,399.3,2,5.8,0.38,0
65,M1,2025-11-19T20:00:00,68.6,1.47,1310.3,0,32.6,0.75,0
66,M1,2025-11-20T02:00:00,59.3,1.8,4098.4,1,26.5,0.52,0
67,M1,2025-11-20T08:00:00,74.6,2.3,850.8,1,25.3,0.48,0
68,M1,2025-11-20T14:00:00,67.5,1.66,4509.8,1,71.3,0.91,0
69,M1,2025-11-20T20:00:00,66.8,1.92,4253.2,2,62.0,0.92,0
70,M1,2025-11-21T02:00:00,57.2,3.3,1030.0,2,57.4,0.99,0
71,M1,2025-11-21T08:00:00,71.0,2.19,787.2,2,25.4,0.37,0
72,M1,2025-11-21T14:00:00,74.2,2.81,2940.8,4,27.8,0.93,1
73,M1,2025-11-21T20:00:00,76.0,2.65,4555.4,1,50.8,0.44,0
74,M1,2025-11-22T02:00:00,65.3,2.4,5956.7,4,36.2,0.88,0
75,M1,2025-11-22T08:00:00,73.6,2.55,3689.4,2,47.8,0.51,0
76,M1,2025-11-22T14:00:00,63.3,2.01,118.2,3,21.7,0.99,0
77,M1,2025-11-22T20:00:00,68.5,2.05,5518.6,3,2.6,0.54,0
78,M1,2025-11-23T02:00:00,73.0,3.24,385.5,2,64.3,0.83,0
79,M1,2025-11-23T08:00:00,66.2,1.46,304.6,1,36.7,0.74,0
80,M1,2025-11-23T14:00:00,56.7,2.02,4686.7,1,1.9,0.67,0
81,M1,2025-11-23T20:00:00,54.3,2.05,1611.4,1,18.1,0.3,0
82,M1,2025-11-24T02:00:00,63.5,3.06,1442.1,2,29.6,0.37,0
83,M1,2025-11-24T08:00:00,59.7,3.1,3525.4,0,4.2,0.35,0
84,M1,2025-11-24T14:00:00,60.1,3.19,149.2,0,36.5,0.68,0
85,M1,2025-11-24T20:00:00,60.4,3.95,4543.5,1,76.9,0.78,1
86,M1,2025-11-25T02:00:00,68.2,2.61,320.8,2,14.3,0.5,0
87,M1,2025-11-25T08:00:00,62.9,2.65,5305.1,5,18.9,0.42,0
88,M1,2025-11-25T14:00:00,74.1,3.76,4944.3,2,13.8,0.65,1
89,M1,2025-11-25T20:00:00,77.7,1.64,1559.1,2,86.7,0.3,0
90,M1,2025-11-26T02:00:00,64.9,1.55,5978.5,3,70.6,0.41,0
91,M1,2025-11-26T08:00:00,62.3,1.34,4464.0,2,77.9,0.75,0
92,M1,2025-11-26T14:00:00,70.7,3.22,4897.4,1,3.4,0.8,1
93,M1,2025-11-26T20:00:00,49.8,2.38,1455.8,0,70.4,0.71,0
94,M1,2025-11-27T02:00:00,74.6,3.8,1467.3,0,78.0,0.47,0
95,M1,2025-11-27T08:00:00,65.3,2.45,3663.6,3,43.6,0.57,0
96,M1,2025-11-27T14:00:00,66.9,2.97,319.5,3,80.4,0.76,0
97,M1,2025-11-27T20:00:00,70.1,2.91,1890.0,0,41.7,0.62,0
98,M1,2025-11-28T02:00:00,57.1,2.72,625.1,3,69.1,0.68,0
99,M1,2025-11-28T08:00:00,73.9,1.21,1154.1,3,39.2,0.66,0
100,M1,2025-11-28T14:00:00,68.5,1.66,1855.3,3,82.2,0.97,0
101,M1,2025-11-28T20:00:00,62.5,2.99,3837.2,2,81.7,0.71,1
102,M1,2025-11-29T02:00:00,67.6,2.7,3890.7,1,19.3,0.32,0
103,M1,2025-11-29T08:00:00,58.7,2.69,871.8,1,22.9,0.96,0
104,M1,2025-11-29T14:00:00,58.6,3.08,4398.9,0,51.2,0.93,0
105,M1,2025-11-29T20:00:00,63.3,1.68,1876.0,0,73.4,0.62,0
106,M1,2025-11-30T02:00:00,77.6,0.8,1533.7,2,34.5,0.84,0
107,M1,2025-11-30T08:00:00,73.0,3.17,5176.0,2,42.7,0.85,1
108,M1,2025-11-30T14:00:00,52.8,1.34,1976.0,3,81.5,0.62,0
109,M1,2025-11-30T20:00:00,67.8,2.74,5791.7,1,75.2,0.46,0
110,M1,2025-12-01T02:00:00,68.3,1.55,3536.3,4,18.3,0.76,0
111,M1,2025-12-01T08:00:00,57.1,3.1,5127.8,1,0.7,0.41,0
112,M1,2025-12-01T14:00:00,72.4,1.81,5797.5,0,43.6,0.86,0
113,M1,2025-12-01T20:00:00,59.7,1.15,3771.5,1,73.0,0.69,0
114,M1,2025-12-02T02:00:00,72.0,1.49,4715.8,1,51.7,0.32,0
115,M1,2025-12-02T08:00:00,74.5,1.91,1092.1,3,7.5,0.82,1
116,M1,2025-12-02T14:00:00,59.8,3.34,1325.4,1,80.3,0.86,1
117,M1,2025-12-02T20:00:00,59.4,2.07,140.1,1,53.2,1.0,0
118,M1,2025-12-03T02:00:00,59.1,4.21,5916.5,4,66.7,0.74,1
119,M1,2025-12-03T08:00:00,63.2,1.58,2490.5,0,24.7,0.51,0
120,M1,2025-12-03T14:00:00,65.7,1.61,1971.2,1,89.9,0.51,0
121,M1,2025-12-03T20:00:00,69.7,1.07,2795.2,1,43.5,0.6,0
122,M1,2025-12-04T02:00:00,74.0,3.34,501.2,3,17.1,0.41,0
123,M1,2025-12-04T08:00:00,76.3,2.99,2016.4,2,22.0,0.8,0
124,M1,2025-12-04T14:00:00,50.1,3.15,697.3,0,4.6,0.79,0
125,M1,2025-12-04T20:00:00,82.2,2.25,4402.2,2,68.9,0.87,0
126,M1,2025-12-05T02:00:00,74.7,0.28,4172.9,1,21.8,0.41,0
127,M1,2025-12-05T08:00:00,59.2,2.5,1955.1,1,37.2,0.5,0
128,M1,2025-12-05T14:00:00,65.5,1.8,4262.3,0,31.2,0.38,0
129,M1,2025-12-05T20:00:00,65.8,4.09,2791.3,0,27.9,0.96,1
130,M1,2025-12-06T02:00:00,55.7,2.93,857.1,2,65.4,0.42,0
131,M1,2025-12-06T08:00:00,74.7,3.26,1789.0,0,79.8,0.7,1
132,M1,2025-12-06T14:00:00,60.1,3.62,2904.7,1,40.0,0.75,0
133,M1,2025-12-06T20:00:00,76.2,2.48,4643.3,1,0.5,0.35,0
134,M1,2025-12-07T02:00:00,55.8,1.29,3856.8,0,35.3,0.73,0
135,M1,2025-12-07T08:00:00,70.4,1.41,5036.6,1,54.9,0.47,0
136,M1,2025-12-07T14:00:00,66.1,1.29,5492.6,2,72.2,0.52,0
137,M1,2025-12-07T20:00:00,49.6,4.31,3989.7,1,66.2,0.73,1
138,M1,2025-12-08T02:00:00,67.8,2.85,3818.2,3,25.3,0.56,0
139,M1,2025-12-08T08:00:00,81.9,1.46,1446.6,2,24.9,0.83,1
140,M1,2025-12-08T14:00:00,68.9,4.18,5426.4,2,22.8,0.79,1
141,M1,2025-12-08T20:00:00,67.4,3.02,3459.1,3,29.6,0.85,1
142,M1,2025-12-09T02:00:00,59.5,3.27,3121.4,1,14.5,0.51,0
143,M1,2025-12-09T08:00:00,59.2,1.95,5097.6,1,23.7,0.36,0
144,M1,2025-12-09T14:00:00,67.5,2.82,4484.4,1,59.1,0.96,1
145,M1,2025-12-09T20:00:00,52.3,2.67,4237.6,0,54.0,0.47,0
146,M1,2025-12-10T02:00:00,48.3,3.31,4128.5,0,63.3,0.41,0
147,M1,2025-12-10T08:00:00,84.4,3.3,2381.9,2,63.1,0.44,1
148,M1,2025-12-10T14:00:00,65.3,2.76,5670.1,1,5.4,0.88,0
149,M1,2025-12-10T20:00:00,57.3,3.73,1199.9,2,84.4,0.74,1
150,M1,2025-12-11T02:00:00,57.0,2.41,5608.4,2,24.2,1.0,0
151,M1,2025-12-11T08:00:00,61.0,1.49,2201.3,4,76.7,0.57,0
152,M1,2025-12-11T14:00:00,71.3,3.54,4332.3,2,5.0,0.66,0
153,M1,2025-12-11T20:00:00,78.5,2.97,2990.7,1,82.9,0.7,1
154,M1,2025-12-12T02:00:00,53.3,2.3,1516.7,0,66.0,0.97,0
155,M1,2025-12-12T08:00:00,64.3,2.3,788.1,1,43.9,0.52,0
156,M1,2025-12-12T14:00:00,72.9,2.88,1805.6,0,49.0,0.83,0
157,M1,2025-12-12T20:00:00,58.1,4.09,5016.6,2,26.1,0.52,0
158,M1,2025-12-13T02:00:00,55.5,1.62,3295.2,2,86.4,0.54,1
159,M1,2025-12-13T08:00:00,58.0,0.36,4931.3,0,73.8,0.33,0
160,M1,2025-12-13T14:00:00,68.0,3.53,534.8,3,55.9,0.73,0
161,M1,2025-12-13T20:00:00,64.5,2.99,5973.5,1,12.1,0.8,0
162,M1,2025-12-14T02:00:00,57.3,3.16,2183.0,3,30.3,0.33,0
163,M1,2025-12-14T08:00:00,58.3,1.79,2079.6,3,89.4,0.81,0
164,M1,2025-12-14T14:00:00,58.1,1.5,283.6,2,87.7,0.97,0
165,M1,2025-12-14T20:00:00,67.5,2.15,123.7,1,81.1,0.89,0
166,M1,2025-12-15T02:00:00,65.7,1.98,2227.3,2,30.3,0.42,0
167,M1,2025-12-15T08:00:00,58.8,2.34,3887.0,2,51.7,0.6,0
168,M1,2025-12-15T14:00:00,70.5,1.92,1306.0,4,12.7,0.82,0
169,M1,2025-12-15T20:00:00,68.7,1.1,3626.7,2,70.9,0.35,0
170,M1,2025-12-16T02:00:00,75.5,3.5,3072.4,0,20.2,0.62,0
171,M1,2025-12-16T08:00:00,74.6,3.08,5293.7,1,1.6,0.9,1
172,M1,2025-12-16T14:00:00,53.2,2.16,4188.7,1,45.3,0.83,0
173,M1,2025-12-16T20:00:00,46.5,1.29,2482.3,1,29.9,0.92,0
174,M1,2025-12-17T02:00:00,58.7,3.87,2236.0,2,12.7,0.74,0
175,M1,2025-12-17T08:00:00,62.1,1.99,553.5,1,80.9,0.98,0
176,M1,2025-12-17T14:00:00,83.7,3.2,361.8,0,1.9,0.62,0
177,M1,2025-12-17T20:00:00,54.3,1.84,2752.7,0,20.4,0.99,0
178,M1,2025-12-18T02:00:00,57.6,2.79,5924.1,1,3.8,0.35,0
179,M1,2025-12-18T08:00:00,65.7,2.2,1462.7,3,36.5,0.53,0
180,M1,2025-12-18T14:00:00,75.9,1.92,195.3,0,4.5,0.89,0
181,M1,2025-12-18T20:00:00,50.1,2.98,556.0,3,50.9,0.63,0
182,M1,2025-12-19T02:00:00,63.4,2.56,5455.9,1,36.6,0.78,0
183,M1,2025-12-19T08:00:00,87.1,1.76,981.9,3,68.1,0.96,1
184,M1,2025-12-19T14:00:00,58.2,2.76,694.5,2,23.1,0.82,0
185,M1,2025-12-19T20:00:00,66.0,1.7,3554.8,1,0.6,0.7,0
186,M1,2025-12-20T02:00:00,59.5,3.93,3843.8,1,83.1,0.63,1
187,M1,2025-12-20T08:00:00,84.7,4.12,4390.8,1,68.5,0.53,0
188,M1,2025-12-20T14:00:00,54.9,2.96,2544.8,3,15.9,0.69,0
189,M1,2025-12-20T20:00:00,58.3,2.12,3993.2,2,60.6,0.86,0
190,M1,2025-12-21T02:00:00,74.1,2.6,4523.7,2,74.7,0.38,0
191,M1,2025-12-21T08:00:00,61.7,3.86,2105.5,3,63.5,0.58,1
192,M1,2025-12-21T14:00:00,60.8,1.78,1865.0,0,82.1,0.9,0
193,M1,2025-12-21T20:00:00,61.3,3.19,3458.6,1,82.3,0.78,1
194,M1,2025-12-22T02:00:00,61.2,2.47,2470.8,4,69.7,0.57,0
195,M1,2025-12-22T08:00:00,64.3,2.21,4697.3,2,10.4,0.88,0
196,M1,2025-12-22T14:00:00,72.9,1.23,3728.7,3,72.8,0.42,1
197,M1,2025-12-22T20:00:00,64.5,3.6,413.0,0,48.4,0.34,0
198,M1,2025-12-23T02:00:00,70.4,3.59,1962.5,0,0.7,0.39,0
199,M1,2025-12-23T08:00:00,72.5,4.07,5604.9,1,24.2,0.89,0
200,M1,2025-12-23T14:00:00,82.7,2.85,4674.9,0,30.3,0.83,0
201,M1,2025-12-23T20:00:00,65.2,1.7,4693.6,0,29.4,0.43,0
202,M1,2025-12-24T02:00:00,59.3,1.69,3262.7,1,57.0,0.53,0
203,M1,2025-12-24T08:00:00,70.4,2.86,2452.1,2,7.3,0.35,0
204,M1,2025-12-24T14:00:00,76.6,3.23,5999.6,0,84.8,0.79,1
205,M1,2025-12-24T20:00:00,80.4,1.43,3602.6,0,22.0,0.94,0
206,M1,2025-12-25T02:00:00,62.4,2.32,2935.3,2,80.0,0.72,0
207,M1,2025-12-25T08:00:00,68.4,2.33,5216.3,4,54.5,0.86,0
208,M1,2025-12-25T14:00:00,62.8,1.15,2536.9,1,56.6,0.66,0
209,M1,2025-12-25T20:00:00,60.2,1.98,2359.9,2,77.4,0.92,0
210,M1,2025-12-26T02:00:00,58.4,4.49,506.9,2,5.0,0.35,1
211,M1,2025-12-26T08:00:00,69.2,1.69,1760.3,1,29.0,0.93,0
212,M1,2025-12-26T14:00:00,69.3,1.37,816.2,0,86.9,0.58,0
213,M1,2025-12-26T20:00:00,64.8,1.87,2813.9,1,79.6,0.85,0
214,M1,2025-12-27T02:00:00,73.4,3.6,4416.8,0,76.7,0.64,0
215,M1,2025-12-27T08:00:00,72.0,2.77,2368.4,3,56.0,0.96,0
216,M1,2025-12-27T14:00:00,66.7,2.96,821.0,1,54.6,0.33,0
217,M1,2025-12-27T20:00:00,69.5,3.18,3543.4,2,1.3,0.37,0
218,M1,2025-12-28T02:00:00,67.3,3.12,4976.9,3,45.8,0.84,1
219,M1,2025-12-28T08:00:00,60.0,2.76,4816.3,2,26.8,0.91,0
220,M1,2025-12-28T14:00:00,62.2,2.6,3077.9,3,79.2,0.85,0
221,M1,2025-12-28T20:00:00,69.3,3.62,2531.4,0,19.0,0.89,0
222,M1,2025-12-29T02:00:00,67.2,4.25,517.6,1,62.4,0.94,0
223,M1,2025-12-29T08:00:00,60.0,1.31,4682.3,2,6.4,0.79,0
224,M1,2025-12-29T14:00:00,76.5,3.02,409.8,2,82.1,0.88,0
225,M1,2025-12-29T20:00:00,71.1,2.96,3019.8,2,7.4,0.56,0
226,M1,2025-12-30T02:00:00,59.1,1.73,1318.5,2,52.3,0.55,0
227,M1,2025-12-30T08:00:00,64.5,2.02,5391.4,1,23.4,0.98,1
228,M1,2025-12-30T14:00:00,71.0,1.48,4683.7,1,44.0,0.89,0
229,M1,2025-12-30T20:00:00,71.4,2.27,3773.0,2,13.6,0.97,0
230,M1,2025-12-31T02:00:00,69.3,1.81,1054.8,1,43.1,0.85,0
231,M1,2025-12-31T08:00:00,64.5,2.73,5965.0,1,35.0,0.53,0
232,M1,2025-12-31T14:00:00,71.6,2.47,2840.6,1,4.9,0.56,0
233,M1,2025-12-31T20:00:00,62.9,3.62,3019.5,2,89.8,0.37,0
234,M1,2026-01-01T02:00:00,65.8,1.65,1085.1,1,66.7,0.76,0
235,M1,2026-01-01T08:00:00,53.4,1.33,3283.3,2,53.2,0.71,0
236,M1,2026-01-01T14:00:00,61.1,1.46,556.6,2,2.4,0.51,0
237,M1,2026-01-01T20:00:00,70.7,2.51,885.5,1,9.8,0.79,0
238,M1,2026-01-02T02:00:00,69.3,1.62,357.2,0,38.8,0.56,0
239,M1,2026-01-02T08:00:00,88.4,2.89,3498.7,3,57.3,0.95,1
240,M1,2026-01-02T14:00:00,67.8,3.92,3679.9,1,5.9,0.96,0
241,M1,2026-01-02T20:00:00,46.1,2.68,1740.2,1,44.8,0.96,0
242,M1,2026-01-03T02:00:00,82.6,3.32,3709.0,3,6.8,0.98,0
243,M1,2026-01-03T08:00:00,72.9,3.25,3256.2,2,62.4,0.42,1
244,M1,2026-01-03T14:00:00,60.1,2.11,5082.8,4,72.8,0.83,0
245,M1,2026-01-03T20:00:00,61.5,3.2,2281.3,3,70.2,0.53,1
246,M1,2026-01-04T02:00:00,70.4,1.96,2021.0,1,83.0,0.89,0
247,M1,2026-01-04T08:00:00,71.7,1.62,2345.5,1,89.4,0.31,0
248,M1,2026-01-04T14:00:00,62.2,2.63,3900.4,1,53.2,0.82,0
249,M1,2026-01-04T20:00:00,61.7,1.86,2078.7,2,46.8,0.96,0
250,M1,2026-01-05T02:00:00,70.2,3.29,4030.6,1,37.0,0.95,0
251,M2,2025-11-03T20:00:00,60.8,2.8,3327.3,3,10.3,0.96,0
252,M2,2025-11-04T02:00:00,74.6,2.07,2900.8,2,36.7,0.84,0
253,M2,2025-11-04T08:00:00,63.1,2.65,2842.6,0,2.4,0.68,0
254,M2,2025-11-04T14:00:00,68.4,1.45,5915.1,2,74.7,0.88,0
255,M2,2025-11-04T20:00:00,66.2,3.03,2711.4,2,89.1,0.43,1
256,M2,2025-11-05T02:00:00,61.2,1.33,1043.5,0,62.5,0.83,0
257,M2,2025-11-05T08:00:00,53.4,2.35,3762.8,1,80.9,0.69,0
258,M2,2025-11-05T14:00:00,68.7,0.54,5394.2,2,88.6,0.88,1
259,M2,2025-11-05T20:00:00,80.4,3.0,560.6,1,81.7,0.84,0
260,M2,2025-11-06T02:00:00,56.2,2.28,2130.7,4,55.7,0.66,0
261,M2,2025-11-06T08:00:00,67.9,1.08,2413.5,4,32.0,0.8,0
262,M2,2025-11-06T14:00:00,65.9,2.3,482.0,3,89.0,0.74,0
263,M2,2025-11-06T20:00:00,70.9,1.72,4095.8,1,28.5,0.71,0
264,M2,2025-11-07T02:00:00,55.9,1.94,4082.6,2,63.9,0.72,0
265,M2,2025-11-07T08:00:00,66.2,2.05,4940.4,2,9.7,0.42,0
266,M2,2025-11-07T14:00:00,61.2,3.09,4791.1,3,8.0,0.46,0
267,M2,2025-11-07T20:00:00,62.2,3.18,4033.7,1,25.7,0.56,0
268,M2,2025-11-08T02:00:00,68.9,2.55,4065.6,1,18.1,0.4,1
269,M2,2025-11-08T08:00:00,73.8,2.92,779.3,0,11.2,0.49,0
270,M2,2025-11-08T14:00:00,63.5,2.2,5978.1,1,44.6,0.46,0
271,M2,2025-11-08T20:00:00,66.2,2.85,5574.7,1,42.7,0.51,0
272,M2,2025-11-09T02:00:00,65.7,2.27,2007.0,1,32.8,0.77,0
273,M2,2025-11-09T08:00:00,80.7,3.09,5150.5,2,55.7,0.74,1
274,M2,2025-11-09T14:00:00,64.2,2.47,665.3,1,4.9,0.86,0
275,M2,2025-11-09T20:00:00,51.4,2.89,129.2,3,31.6,0.89,1
276,M2,2025-11-10T02:00:00,68.8,2.24,3618.4,0,51.8,0.56,0
277,M2,2025-11-10T08:00:00,62.4,1.79,3372.0,1,71.4,0.92,0
278,M2,2025-11-10T14:00:00,67.7,1.91,3948.7,0,87.9,0.71,0
279,M2,2025-11-10T20:00:00,75.9,3.49,5703.1,3,68.2,0.37,1
280,M2,2025-11-11T02:00:00,53.5,2.16,5738.4,0,24.2,0.93,0
281,M2,2025-11-11T08:00:00,74.0,3.58,5291.1,1,47.2,0.38,0
282,M2,2025-11-11T14:00:00,74.1,1.54,2683.3,1,85.2,0.59,0
283,M2,2025-11-11T20:00:00,65.1,4.44,4797.4,0,54.7,0.64,0
284,M2,2025-11-12T02:00:00,70.2,1.55,5203.1,1,57.9,0.82,0
285,M2,2025-11-12T08:00:00,65.2,3.45,1376.5,1,73.0,0.56,0
286,M2,2025-11-12T14:00:00,70.8,2.62,4973.1,1,66.0,0.84,0
287,M2,2025-11-12T20:00:00,75.9,3.28,1805.6,4,78.2,0.48,0
288,M2,2025-11-13T02:00:00,70.2,1.4,5122.3,1,60.2,1.0,1
289,M2,2025-11-13T08:00:00,73.2,2.78,2522.6,5,6.0,0.85,0
290,M2,2025-11-13T14:00:00,73.1,1.32,4529.7,0,39.1,0.68,0
291,M2,2025-11-13T20:00:00,65.1,3.04,4652.2,2,13.8,0.44,0
292,M2,2025-11-14T02:00:00,75.1,1.97,3735.7,0,32.2,0.9,0
293,M2,2025-11-14T08:00:00,58.1,1.6,5590.1,1,51.3,0.55,0
294,M2,2025-11-14T14:00:00,64.1,2.32,1214.0,2,76.7,0.87,1
295,M2,2025-11-14T20:00:00,67.2,1.06,776.6,2,65.2,0.51,0
296,M2,2025-11-15T02:00:00,62.4,3.64,3285.2,2,80.7,0.98,1
297,M2,2025-11-15T08:00:00,77.2,3.34,640.2,4,37.5,0.44,1
298,M2,2025-11-15T14:00:00,73.5,2.15,5800.2,1,26.9,0.36,0
299,M2,2025-11-15T20:00:00,60.9,3.2,2823.8,1,69.3,0.31,0
300,M2,2025-11-16T02:00:00,62.7,2.14,5647.0,3,3.3,0.88,0
301,M2,2025-11-16T08:00:00,59.0,0.7,4549.4,1,82.9,0.38,0
302,M2,2025-11-16T14:00:00,73.4,2.0,5496.4,2,7.4,0.55,0
303,M2,2025-11-16T20:00:00,66.3,2.64,5856.3,1,47.5,0.42,0
304,M2,2025-11-17T02:00:00,71.2,1.07,1531.1,0,34.5,0.61,0
305,M2,2025-11-17T08:00:00,62.7,3.16,1489.0,3,74.8,0.42,0
306,M2,2025-11-17T14:00:00,61.7,3.03,919.0,1,73.4,0.71,1
307,M2,2025-11-17T20:00:00,64.6,1.89,3285.4,2,41.8,0.83,0
308,M2,2025-11-18T02:00:00,74.3,1.67,2833.5,1,22.1,0.87,0
309,M2,2025-11-18T08:00:00,65.6,2.09,108.6,3,19.3,0.79,0
310,M2,2025-11-18T14:00:00,61.8,2.04,1353.9,1,56.5,0.81,0
311,M2,2025-11-18T20:00:00,62.5,2.72,2517.6,0,25.2,0.42,0
312,M2,2025-11-19T02:00:00,70.8,2.06,3129.4,1,29.0,0.39,0
313,M2,2025-11-19T08:00:00,55.7,1.99,2863.8,1,44.9,0.59,0
314,M2,2025-11-19T14:00:00,69.4,1.54,1242.5,1,68.4,0.98,0
315,M2,2025-11-19T20:00:00,63.4,2.73,1407.3,2,50.1,0.38,1
316,M2,2025-11-20T02:00:00,46.2,1.99,2079.7,1,8.8,0.44,0
317,M2,2025-11-20T08:00:00,61.9,1.89,1939.5,2,85.4,0.89,0
318,M2,2025-11-20T14:00:00,64.2,1.84,607.9,1,74.6,0.7,0
319,M2,2025-11-20T20:00:00,74.1,3.35,4702.4,0,66.0,0.68,1
320,M2,2025-11-21T02:00:00,61.7,2.54,2885.9,0,5.1,0.74,0
321,M2,2025-11-21T08:00:00,62.0,2.13,4324.2,1,36.9,0.68,0
322,M2,2025-11-21T14:00:00,52.2,1.84,5009.9,2,81.9,0.92,0
323,M2,2025-11-21T20:00:00,62.5,4.26,4355.7,1,57.6,0.96,0
324,M2,2025-11-22T02:00:00,73.5,2.76,1196.6,2,70.5,0.66,0
325,M2,2025-11-22T08:00:00,67.2,3.07,5695.4,3,73.8,0.5,0
326,M2,2025-11-22T14:00:00,71.5,2.46,3292.4,4,19.8,0.36,0
327,M2,2025-11-22T20:00:00,72.6,3.14,319.3,0,80.6,0.79,1
328,M2,2025-11-23T02:00:00,56.5,2.18,4860.8,4,29.0,0.6,0
329,M2,2025-11-23T08:00:00,69.0,2.99,4876.6,0,36.5,0.75,0
330,M2,2025-11-23T14:00:00,68.1,3.53,5442.9,2,16.8,0.56,1
331,M2,2025-11-23T20:00:00,72.2,3.4,5027.7,0,27.9,0.84,1
332,M2,2025-11-24T02:00:00,69.2,2.39,1200.0,0,28.1,0.91,1
333,M2,2025-11-24T08:00:00,69.7,3.48,3232.0,1,4.3,0.66,0
334,M2,2025-11-24T14:00:00,63.1,1.78,5894.2,4,59.1,0.85,0
335,M2,2025-11-24T20:00:00,71.5,3.33,3564.1,0,69.7,0.53,0
336,M2,2025-11-25T02:00:00,56.0,2.02,5758.6,0,65.8,0.9,1
337,M2,2025-11-25T08:00:00,51.1,2.72,5036.9,1,23.1,0.63,1
338,M2,2025-11-25T14:00:00,64.4,2.21,4707.1,2,54.2,0.85,0
339,M2,2025-11-25T20:00:00,64.6,2.99,3674.8,5,8.3,0.35,0
340,M2,2025-11-26T02:00:00,51.0,1.94,797.7,0,69.6,0.89,0
341,M2,2025-11-26T08:00:00,72.1,2.53,3913.7,1,54.0,0.4,0
342,M2,2025-11-26T14:00:00,65.2,2.96,4684.5,1,53.7,0.74,0
343,M2,2025-11-26T20:00:00,73.3,3.13,5552.4,0,50.9,0.94,0
344,M2,2025-11-27T02:00:00,70.4,3.6,3650.9,2,23.9,0.59,0
345,M2,2025-11-27T08:00:00,63.6,1.32,719.4,1,68.4,0.92,0
346,M2,2025-11-27T14:00:00,62.5,2.57,1646.3,3,25.7,0.92,0
347,M2,2025-11-27T20:00:00,76.9,1.74,5925.7,2,75.8,0.83,0
348,M2,2025-11-28T02:00:00,80.5,1.21,3886.3,1,30.5,0.53,0
349,M2,2025-11-28T08:00:00,75.8,2.16,4377.0,1,7.3,0.44,1
350,M2,2025-11-28T14:00:00,77.4,3.07,2424.7,1,63.2,0.98,1
351,M2,2025-11-28T20:00:00,60.7,2.47,996.4,0,60.3,0.73,0
352,M2,2025-11-29T02:00:00,69.1,3.87,2062.2,3,58.2,0.91,1
353,M2,2025-11-29T08:00:00,64.4,2.82,1629.5,1,43.2,0.82,0
354,M2,2025-11-29T14:00:00,58.5,3.73,4889.9,2,33.0,0.64,1
355,M2,2025-11-29T20:00:00,67.5,1.96,2443.4,0,46.7,0.63,0
356,M2,2025-11-30T02:00:00,69.1,2.3,3473.4,2,77.9,0.55,0
357,M2,2025-11-30T08:00:00,61.8,1.81,5609.9,2,17.8,0.68,0
358,M2,2025-11-30T14:00:00,52.3,2.23,222.8,2,69.9,0.4,0
359,M2,2025-11-30T20:00:00,52.3,3.0,2498.6,2,10.5,0.38,0
360,M2,2025-12-01T02:00:00,67.1,1.2,1868.6,0,11.1,0.82,0
361,M2,2025-12-01T08:00:00,67.0,2.3,1770.5,2,43.9,0.89,1
362,M2,2025-12-01T14:00:00,50.4,1.74,4761.4,1,76.4,0.41,0
363,M2,2025-12-01T20:00:00,64.8,1.54,2821.9,3,17.1,0.7,0
364,M2,2025-12-02T02:00:00,57.6,1.8,2201.6,1,12.7,0.52,0
365,M2,2025-12-02T08:00:00,70.7,3.35,618.1,1,74.1,0.64,0
366,M2,2025-12-02T14:00:00,79.3,1.76,4625.9,3,44.7,0.87,0
367,M2,2025-12-02T20:00:00,50.5,3.63,1557.0,1,38.0,0.41,0
368,M2,2025-12-03T02:00:00,68.6,2.43,1216.9,1,76.7,0.42,0
369,M2,2025-12-03T08:00:00,62.0,1.76,3532.3,2,20.0,0.58,0
370,M2,2025-12-03T14:00:00,65.4,2.22,2525.9,2,1.0,0.89,0
371,M2,2025-12-03T20:00:00,70.8,2.28,3308.2,2,78.1,0.73,1
372,M2,2025-12-04T02:00:00,79.6,2.69,5696.5,2,71.4,0.64,0
373,M2,2025-12-04T08:00:00,66.7,3.01,3813.9,3,3.2,0.76,0
374,M2,2025-12-04T14:00:00,63.1,3.71,2885.4,3,6.7,0.84,0
375,M2,2025-12-04T20:00:00,62.0,2.09,5884.6,2,37.3,0.45,0
376,M2,2025-12-05T02:00:00,76.8,2.49,2773.1,2,40.1,0.67,0
377,M2,2025-12-05T08:00:00,69.7,1.36,1353.3,3,44.4,0.84,0
378,M2,2025-12-05T14:00:00,69.0,3.14,5022.4,1,29.1,0.69,0
379,M2,2025-12-05T20:00:00,63.7,1.88,1378.8,1,44.8,0.68,0
380,M2,2025-12-06T02:00:00,71.7,2.4,4686.9,3,72.1,0.43,0
381,M2,2025-12-06T08:00:00,62.2,1.63,1091.3,1,17.4,0.34,1
382,M2,2025-12-06T14:00:00,78.5,3.09,369.0,2,39.5,0.64,0
383,M2,2025-12-06T20:00:00,74.5,3.73,5874.5,4,67.9,0.32,1
384,M2,2025-12-07T02:00:00,49.9,2.27,5441.7,1,38.4,0.47,0
385,M2,2025-12-07T08:00:00,62.0,2.65,2557.8,3,18.9,0.78,1
386,M2,2025-12-07T14:00:00,46.9,2.45,1898.9,3,71.1,0.44,0
387,M2,2025-12-07T20:00:00,69.8,2.22,4465.0,2,66.6,0.88,0
388,M2,2025-12-08T02:00:00,52.4,2.67,3762.1,2,73.0,0.64,1
389,M2,2025-12-08T08:00:00,56.0,2.81,1367.1,3,16.8,0.83,0
390,M2,2025-12-08T14:00:00,69.9,3.92,1013.3,2,57.9,0.75,1
391,M2,2025-12-08T20:00:00,66.1,2.42,402.7,2,86.5,0.48,0
392,M2,2025-12-09T02:00:00,60.0,1.87,3263.2,0,32.0,0.46,0
393,M2,2025-12-09T08:00:00,72.4,2.67,3270.4,1,17.6,0.86,1
394,M2,2025-12-09T14:00:00,63.7,2.65,3376.8,2,47.6,0.44,0
395,M2,2025-12-09T20:00:00,50.8,1.94,2308.7,1,28.9,0.96,0
396,M2,2025-12-10T02:00:00,58.5,2.93,3565.8,1,64.9,0.47,0
397,M2,2025-12-10T08:00:00,89.1,2.31,3450.3,0,56.6,0.46,0
398,M2,2025-12-10T14:00:00,61.6,2.82,905.5,1,73.4,0.81,0
399,M2,2025-12-10T20:00:00,70.1,2.32,1437.4,1,87.4,0.85,1
400,M2,2025-12-11T02:00:00,70.4,2.2,915.5,1,5.4,0.38,0
401,M2,2025-12-11T08:00:00,66.5,3.28,2346.6,1,46.6,0.59,0
402,M2,2025-12-11T14:00:00,47.3,3.5,261.2,4,79.4,0.61,0
403,M2,2025-12-11T20:00:00,63.9,3.71,1382.4,1,21.3,0.86,0
404,M2,2025-12-12T02:00:00,63.0,3.38,5525.1,2,33.1,0.51,0
405,M2,2025-12-12T08:00:00,58.8,2.65,2227.0,2,44.0,0.71,0
406,M2,2025-12-12T14:00:00,69.5,2.03,2422.6,1,1.9,0.89,0
407,M2,2025-12-12T20:00:00,73.2,2.49,4492.2,3,22.2,0.95,1
408,M2,2025-12-13T02:00:00,59.4,1.88,4298.3,2,34.3,0.43,0
409,M2,2025-12-13T08:00:00,51.5,2.47,5282.5,0,19.7,0.59,0
410,M2,2025-12-13T14:00:00,73.8,3.59,4356.0,4,65.0,0.39,0
411,M2,2025-12-13T20:00:00,63.4,2.92,2830.3,1,17.9,0.86,0
412,M2,2025-12-14T02:00:00,58.7,3.72,2473.1,2,87.8,0.95,1
413,M2,2025-12-14T08:00:00,70.9,1.93,5580.0,1,73.6,0.66,1
414,M2,2025-12-14T14:00:00,63.0,2.26,2944.2,1,28.6,0.77,0
415,M2,2025-12-14T20:00:00,74.4,2.94,4977.8,4,41.9,0.43,1
416,M2,2025-12-15T02:00:00,69.9,3.94,4786.8,2,13.8,0.44,1
417,M2,2025-12-15T08:00:00,53.0,2.53,4564.2,1,78.5,0.96,0
418,M2,2025-12-15T14:00:00,59.3,2.53,4848.3,0,48.2,0.81,0
419,M2,2025-12-15T20:00:00,70.5,1.81,5133.6,1,0.1,0.47,0
420,M2,2025-12-16T02:00:00,68.9,2.64,3553.8,0,63.4,0.5,0
421,M2,2025-12-16T08:00:00,64.5,2.01,5950.4,2,81.6,0.32,1
422,M2,2025-12-16T14:00:00,55.9,1.69,913.9,0,52.7,0.97,0
423,M2,2025-12-16T20:00:00,52.7,2.82,5493.6,0,25.5,0.62,0
424,M2,2025-12-17T02:00:00,59.6,2.85,1350.0,0,6.7,0.3,0
425,M2,2025-12-17T08:00:00,76.7,2.7,645.8,3,47.0,0.39,0
426,M2,2025-12-17T14:00:00,71.4,2.1,278.9,1,75.9,0.43,0
427,M2,2025-12-17T20:00:00,64.0,2.92,4697.6,1,31.0,0.51,0
428,M2,2025-12-18T02:00:00,60.6,1.87,1797.9,1,64.5,0.32,0
429,M2,2025-12-18T08:00:00,66.1,2.71,5167.7,2,59.7,0.4,0
430,M2,2025-12-18T14:00:00,59.5,3.05,3736.0,0,20.0,0.87,0
431,M2,2025-12-18T20:00:00,60.8,1.12,5617.3,3,73.0,0.76,0
432,M2,2025-12-19T02:00:00,52.8,2.7,342.6,0,46.1,0.98,0
433,M2,2025-12-19T08:00:00,62.7,2.11,5430.6,1,45.0,0.58,0
434,M2,2025-12-19T14:00:00,76.4,2.75,1124.5,0,82.5,0.54,0
435,M2,2025-12-19T20:00:00,61.8,3.4,4612.3,3,38.9,0.83,1
436,M2,2025-12-20T02:00:00,67.7,3.19,1277.3,1,44.1,0.88,0
437,M2,2025-12-20T08:00:00,61.8,2.02,5037.8,0,10.5,0.64,0
438,M2,2025-12-20T14:00:00,60.9,3.18,5810.4,5,41.7,0.46,0
439,M2,2025-12-20T20:00:00,73.3,2.13,3777.3,1,69.1,0.35,0
440,M2,2025-12-21T02:00:00,76.0,0.5,5266.4,2,28.9,0.69,0
441,M2,2025-12-21T08:00:00,72.0,2.18,2181.5,1,39.5,0.38,0
442,M2,2025-12-21T14:00:00,57.2,1.37,1523.4,5,49.4,0.54,0
443,M2,2025-12-21T20:00:00,55.0,2.0,4063.0,2,46.0,0.91,0
444,M2,2025-12-22T02:00:00,58.3,1.86,1759.5,1,53.8,0.92,0
445,M2,2025-12-22T08:00:00,64.6,1.92,1759.3,1,36.9,0.89,0
446,M2,2025-12-22T14:00:00,54.2,2.75,1610.5,3,47.9,0.75,1
447,M2,2025-12-22T20:00:00,72.3,2.74,5262.0,1,66.5,0.41,0
448,M2,2025-12-23T02:00:00,59.7,1.41,1699.4,2,57.1,0.58,0
449,M2,2025-12-23T08:00:00,66.4,1.67,1705.7,1,73.5,0.87,0
450,M2,2025-12-23T14:00:00,78.4,1.19,5235.4,0,3.6,0.37,0
451,M2,2025-12-23T20:00:00,58.6,2.18,3217.0,6,76.7,0.93,0
452,M2,2025-12-24T02:00:00,68.6,2.87,2018.6,0,4.2,0.59,1
453,M2,2025-12-24T08:00:00,64.1,2.8,5077.6,1,26.1,0.9,1
454,M2,2025-12-24T14:00:00,57.1,4.02,2183.7,0,43.1,0.39,0
455,M2,2025-12-24T20:00:00,70.2,2.49,187.3,3,78.1,0.4,0
456,M2,2025-12-25T02:00:00,74.3,2.93,882.8,1,25.4,0.58,1
457,M2,2025-12-25T08:00:00,70.0,1.69,3874.9,1,44.3,0.93,0
458,M2,2025-12-25T14:00:00,65.9,2.25,3764.4,1,53.2,0.81,0
459,M2,2025-12-25T20:00:00,74.3,2.47,4665.7,3,60.9,0.73,1
460,M2,2025-12-26T02:00:00,69.7,1.9,618.2,2,44.0,0.87,0
461,M2,2025-12-26T08:00:00,66.4,2.92,5771.0,2,21.2,0.74,0
462,M2,2025-12-26T14:00:00,64.5,2.57,1043.6,2,68.8,0.72,0
463,M2,2025-12-26T20:00:00,56.4,3.49,1299.1,3,72.5,0.61,0
464,M2,2025-12-27T02:00:00,62.4,2.25,5895.5,1,54.4,0.49,0
465,M2,2025-12-27T08:00:00,75.2,2.07,382.0,4,69.3,0.32,0
466,M2,2025-12-27T14:00:00,64.7,1.03,2422.5,3,11.6,0.73,0
467,M2,2025-12-27T20:00:00,70.0,3.42,5742.1,1,33.8,0.4,0
468,M2,2025-12-28T02:00:00,66.7,3.87,2680.7,1,74.4,0.34,0
469,M2,2025-12-28T08:00:00,66.7,3.48,215.6,3,42.4,0.36,0
470,M2,2025-12-28T14:00:00,61.9,2.26,2403.7,0,1.6,0.95,0
471,M2,2025-12-28T20:00:00,63.4,2.74,3796.9,2,50.5,0.44,0
472,M2,2025-12-29T02:00:00,66.0,0.85,3873.8,0,39.1,0.91,0
473,M2,2025-12-29T08:00:00,74.8,3.18,2736.6,0,54.0,0.7,1
474,M2,2025-12-29T14:00:00,67.1,2.39,1593.8,0,37.6,0.63,0
475,M2,2025-12-29T20:00:00,74.1,2.21,4903.2,1,48.9,0.46,0
476,M2,2025-12-30T02:00:00,57.5,2.57,4927.6,2,86.1,0.65,0
477,M2,2025-12-30T08:00:00,66.0,2.4,1451.6,0,72.6,0.51,0
478,M2,2025-12-30T14:00:00,68.5,1.69,4529.8,0,30.5,0.66,0
479,M2,2025-12-30T20:00:00,58.1,2.87,4869.4,1,78.3,0.67,0
480,M2,2025-12-31T02:00:00,66.8,2.08,2053.4,1,66.7,0.5,0
481,M2,2025-12-31T08:00:00,73.6,2.02,3499.4,2,43.4,0.4,0
482,M2,2025-12-31T14:00:00,64.8,1.6,5634.3,0,66.3,0.8,0
483,M2,2025-12-31T20:00:00,59.5,2.23,4478.5,2,17.0,0.94,0
484,M2,2026-01-01T02:00:00,62.6,3.47,3829.9,3,6.4,0.49,0
485,M2,2026-01-01T08:00:00,61.6,3.72,2391.4,3,24.0,0.64,0
486,M2,2026-01-01T14:00:00,73.8,2.94,3027.3,2,84.2,0.47,0
487,M2,2026-01-01T20:00:00,49.3,1.25,1165.4,2,23.8,0.3,1
488,M2,2026-01-02T02:00:00,61.9,2.21,2960.9,4,50.9,0.56,0
489,M2,2026-01-02T08:00:00,57.5,2.2,2021.4,1,50.7,0.55,0
490,M2,2026-01-02T14:00:00,69.0,2.1,4522.8,3,59.6,0.87,0
491,M2,2026-01-02T20:00:00,74.6,1.82,1829.3,0,22.8,0.31,0
492,M2,2026-01-03T02:00:00,78.0,2.82,3730.4,0,60.6,0.43,1
493,M2,2026-01-03T08:00:00,48.7,2.12,2116.3,2,65.0,0.72,0
494,M2,2026-01-03T14:00:00,65.7,3.8,2871.6,1,88.1,0.81,1
495,M2,2026-01-03T20:00:00,62.7,1.34,4140.6,2,31.5,0.95,0
496,M2,2026-01-04T02:00:00,62.0,1.97,5313.9,4,16.4,0.63,0
497,M2,2026-01-04T08:00:00,78.7,3.35,4031.3,2,64.6,0.69,1
498,M2,2026-01-04T14:00:00,55.9,2.84,4760.0,1,45.0,0.97,0
499,M2,2026-01-04T20:00:00,70.4,2.82,139.0,1,79.1,0.77,0
500,M2,2026-01-05T02:00:00,70.5,3.04,4508.0,3,42.0,0.61,1
501,M3,2025-11-03T20:00:00,56.4,2.42,755.7,2,85.1,0.96,0
502,M3,2025-11-04T02:00:00,67.0,1.93,2798.3,5,81.4,0.87,1
503,M3,2025-11-04T08:00:00,72.9,1.22,1036.7,2,85.6,0.55,0
504,M3,2025-11-04T14:00:00,56.6,2.77,1278.2,0,73.2,0.53,0
505,M3,2025-11-04T20:00:00,61.2,2.53,3827.9,1,28.0,0.38,0
506,M3,2025-11-05T02:00:00,51.3,2.42,1418.4,0,72.2,0.61,0
507,M3,2025-11-05T08:00:00,75.8,2.88,1860.7,1,32.3,0.4,0
508,M3,2025-11-05T14:00:00,53.7,3.26,5443.6,0,8.8,0.42,0
509,M3,2025-11-05T20:00:00,72.1,3.03,3893.9,1,8.4,0.8,0
510,M3,2025-11-06T02:00:00,68.6,3.49,4678.0,2,30.3,0.54,1
511,M3,2025-11-06T08:00:00,73.8,1.83,108.4,0,18.3,0.7,0
512,M3,2025-11-06T14:00:00,69.8,2.2,3503.0,6,53.6,0.81,1
513,M3,2025-11-06T20:00:00,54.4,2.9,3184.3,0,36.5,0.41,0
514,M3,2025-11-07T02:00:00,59.9,2.48,2993.8,0,40.1,0.32,0
515,M3,2025-11-07T08:00:00,67.3,2.5,5509.0,1,35.5,0.37,1
516,M3,2025-11-07T14:00:00,62.7,2.66,4699.9,3,17.1,0.58,0
517,M3,2025-11-07T20:00:00,63.4,2.65,4805.0,0,71.2,0.58,1
518,M3,2025-11-08T02:00:00,74.9,1.45,4375.9,1,23.6,0.38,0
519,M3,2025-11-08T08:00:00,60.8,3.29,2251.9,2,1.3,0.88,0
520,M3,2025-11-08T14:00:00,69.3,3.65,1046.6,2,70.3,0.63,0
521,M3,2025-11-08T20:00:00,66.5,0.94,1827.0,0,67.1,0.75,0
522,M3,2025-11-09T02:00:00,51.6,3.14,848.1,0,49.0,0.37,0
523,M3,2025-11-09T08:00:00,63.9,3.71,2716.6,0,44.1,0.47,0
524,M3,2025-11-09T14:00:00,73.5,2.21,1267.9,2,34.1,0.99,0
525,M3,2025-11-09T20:00:00,41.5,2.74,3556.9,1,11.5,0.89,0
526,M3,2025-11-10T02:00:00,76.7,3.4,4663.5,0,55.7,0.65,1
527,M3,2025-11-10T08:00:00,69.2,2.55,4701.1,2,14.7,0.99,0
528,M3,2025-11-10T14:00:00,68.9,3.97,1337.7,1,31.3,0.36,1
529,M3,2025-11-10T20:00:00,64.5,2.24,4365.8,1,66.1,0.58,1
530,M3,2025-11-11T02:00:00,61.2,2.59,5136.8,2,32.7,0.41,0
531,M3,2025-11-11T08:00:00,64.3,2.71,980.4,1,8.1,0.36,0
532,M3,2025-11-11T14:00:00,61.6,1.42,4217.4,1,85.2,0.91,1
533,M3,2025-11-11T20:00:00,74.0,2.81,5758.8,1,65.4,0.8,1
534,M3,2025-11-12T02:00:00,71.3,2.86,1679.4,2,62.3,0.78,0
535,M3,2025-11-12T08:00:00,73.9,2.96,786.6,0,11.4,0.81,0
536,M3,2025-11-12T14:00:00,70.8,2.26,4982.6,0,34.5,0.83,0
537,M3,2025-11-12T20:00:00,58.0,3.22,5684.0,4,43.0,0.48,1
538,M3,2025-11-13T02:00:00,63.9,2.27,2523.2,1,24.5,0.55,0
539,M3,2025-11-13T08:00:00,65.0,3.95,2099.9,3,82.8,0.32,1
540,M3,2025-11-13T14:00:00,61.7,2.77,3739.3,1,77.2,0.79,0
541,M3,2025-11-13T20:00:00,65.2,2.87,3499.7,2,26.2,0.64,0
542,M3,2025-11-14T02:00:00,71.7,1.67,1391.4,1,41.3,0.77,0
543,M3,2025-11-14T08:00:00,60.9,3.36,3546.1,4,55.1,0.67,1
544,M3,2025-11-14T14:00:00,70.9,1.92,1872.8,3,86.1,0.42,0
545,M3,2025-11-14T20:00:00,67.7,1.36,1634.9,2,15.6,0.78,0
546,M3,2025-11-15T02:00:00,63.9,2.74,283.1,5,65.9,0.81,1
547,M3,2025-11-15T08:00:00,70.5,2.18,5211.5,2,86.8,0.32,0
548,M3,2025-11-15T14:00:00,58.7,3.59,2245.8,4,38.4,0.54,1
549,M3,2025-11-15T20:00:00,56.2,2.27,3286.2,2,76.5,0.86,0
550,M3,2025-11-16T02:00:00,68.1,1.69,5191.0,2,49.9,0.59,0
551,M3,2025-11-16T08:00:00,64.5,2.33,1126.8,0,14.1,0.47,0
552,M3,2025-11-16T14:00:00,54.7,2.08,4779.1,1,68.3,0.57,0
553,M3,2025-11-16T20:00:00,76.2,1.4,2298.6,2,14.1,0.84,0
554,M3,2025-11-17T02:00:00,72.7,1.93,3078.5,0,64.7,0.45,0
555,M3,2025-11-17T08:00:00,57.1,0.78,1954.3,1,27.7,0.65,0
556,M3,2025-11-17T14:00:00,70.0,1.21,2467.4,2,13.9,0.91,0
557,M3,2025-11-17T20:00:00,60.5,2.02,3216.2,1,74.3,0.34,0
558,M3,2025-11-18T02:00:00,69.2,3.45,421.6,2,80.3,0.39,0
559,M3,2025-11-18T08:00:00,68.5,3.77,4172.4,0,16.6,0.31,0
560,M3,2025-11-18T14:00:00,61.6,2.41,3535.6,1,27.0,0.97,0
561,M3,2025-11-18T20:00:00,68.7,3.62,4991.2,3,9.7,0.64,0
562,M3,2025-11-19T02:00:00,71.4,2.71,3276.4,2,63.2,0.75,0
563,M3,2025-11-19T08:00:00,60.4,2.57,5670.0,0,61.2,0.53,0
564,M3,2025-11-19T14:00:00,54.9,2.91,951.8,1,24.7,0.68,0
565,M3,2025-11-19T20:00:00,59.9,2.45,2404.4,2,84.6,0.55,0
566,M3,2025-11-20T02:00:00,75.7,2.38,3738.2,4,69.8,0.42,1
567,M3,2025-11-20T08:00:00,63.3,1.74,4399.5,0,0.8,0.77,0
568,M3,2025-11-20T14:00:00,55.0,1.7,827.2,0,40.0,0.37,0
569,M3,2025-11-20T20:00:00,58.0,3.0,3291.0,1,8.1,0.55,0
570,M3,2025-11-21T02:00:00,55.8,3.07,1708.7,2,32.4,0.51,0
571,M3,2025-11-21T08:00:00,84.2,3.42,4219.9,0,4.1,0.85,1
572,M3,2025-11-21T14:00:00,60.7,1.5,4326.2,0,81.2,0.53,0
573,M3,2025-11-21T20:00:00,68.8,1.34,2322.3,4,22.5,0.48,0
574,M3,2025-11-22T02:00:00,61.4,2.41,1304.0,0,18.1,0.5,0
575,M3,2025-11-22T08:00:00,58.8,2.55,5834.4,1,47.6,0.44,0
576,M3,2025-11-22T14:00:00,75.7,1.25,5386.3,1,88.4,0.37,1
577,M3,2025-11-22T20:00:00,69.1,1.61,2659.4,2,0.5,0.57,0
578,M3,2025-11-23T02:00:00,66.9,2.02,1896.6,4,6.6,0.38,1
579,M3,2025-11-23T08:00:00,76.5,2.62,2666.6,2,20.4,0.66,0
580,M3,2025-11-23T14:00:00,61.6,1.42,3776.0,3,68.2,0.92,0
581,M3,2025-11-23T20:00:00,68.8,2.5,5309.5,2,70.9,0.86,0
582,M3,2025-11-24T02:00:00,71.9,2.37,4117.6,1,18.8,0.92,1
583,M3,2025-11-24T08:00:00,70.9,1.43,5833.6,1,5.5,0.52,0
584,M3,2025-11-24T14:00:00,68.9,2.52,680.8,1,0.3,0.63,0
585,M3,2025-11-24T20:00:00,72.4,4.68,5081.8,2,75.2,0.63,1
586,M3,2025-11-25T02:00:00,72.2,2.47,180.8,1,41.7,0.3,0
587,M3,2025-11-25T08:00:00,72.4,1.72,1511.0,2,2.8,0.67,0
588,M3,2025-11-25T14:00:00,73.8,2.29,2740.9,4,26.3,0.72,1
589,M3,2025-11-25T20:00:00,73.0,1.85,4054.6,2,79.6,0.89,0
590,M3,2025-11-26T02:00:00,51.6,2.7,5279.4,2,14.2,0.49,0
591,M3,2025-11-26T08:00:00,69.9,2.23,176.8,0,29.3,0.42,0
592,M3,2025-11-26T14:00:00,56.1,3.77,1292.2,1,24.5,0.79,0
593,M3,2025-11-26T20:00:00,77.9,2.69,5880.5,1,45.0,0.58,1
594,M3,2025-11-27T02:00:00,77.5,1.88,1655.0,0,52.2,0.9,0
595,M3,2025-11-27T08:00:00,67.3,1.8,4317.4,1,52.7,0.98,0
596,M3,2025-11-27T14:00:00,72.0,3.04,303.3,3,27.0,0.45,1
597,M3,2025-11-27T20:00:00,55.3,2.97,3197.6,2,17.3,0.45,0
598,M3,2025-11-28T02:00:00,65.2,2.48,3990.2,0,86.5,0.53,0
599,M3,2025-11-28T08:00:00,46.6,2.91,4429.9,1,63.4,0.71,0
600,M3,2025-11-28T14:00:00,58.0,2.77,2260.8,1,51.8,0.51,0
601,M3,2025-11-28T20:00:00,61.2,1.39,1072.8,3,55.6,0.95,0
602,M3,2025-11-29T02:00:00,70.6,2.07,5395.1,1,48.1,0.97,0
603,M3,2025-11-29T08:00:00,61.7,2.87,1287.9,1,23.7,0.35,0
604,M3,2025-11-29T14:00:00,61.3,3.03,2834.0,3,6.0,0.38,0
605,M3,2025-11-29T20:00:00,79.7,0.95,971.1,2,7.4,0.53,0
606,M3,2025-11-30T02:00:00,59.1,1.39,5495.9,3,5.5,0.49,0
607,M3,2025-11-30T08:00:00,68.2,3.01,3541.5,1,74.6,0.58,1
608,M3,2025-11-30T14:00:00,62.3,2.79,1166.7,0,31.8,0.34,0
609,M3,2025-11-30T20:00:00,63.8,2.42,3878.3,0,34.0,0.79,1
610,M3,2025-12-01T02:00:00,72.8,3.51,3622.1,3,6.1,0.87,1
611,M3,2025-12-01T08:00:00,70.7,2.51,2154.6,2,14.2,0.51,0
612,M3,2025-12-01T14:00:00,67.2,3.35,3150.7,1,71.9,0.57,1
613,M3,2025-12-01T20:00:00,53.3,2.53,4805.0,0,32.8,0.66,1
614,M3,2025-12-02T02:00:00,51.9,2.28,3292.9,2,30.3,0.33,0
615,M3,2025-12-02T08:00:00,68.3,2.58,2699.0,1,15.2,0.6,0
616,M3,2025-12-02T14:00:00,70.3,3.26,2838.3,2,0.1,0.83,0
617,M3,2025-12-02T20:00:00,66.5,2.36,744.4,1,3.3,0.61,0
618,M3,2025-12-03T02:00:00,65.0,0.83,1935.6,1,36.2,0.63,0
619,M3,2025-12-03T08:00:00,57.6,1.45,264.4,2,88.5,0.8,0
620,M3,2025-12-03T14:00:00,59.8,2.33,3544.5,3,38.6,0.91,0
621,M3,2025-12-03T20:00:00,68.3,3.95,5959.8,1,11.9,0.6,0
622,M3,2025-12-04T02:00:00,72.7,1.23,2212.3,1,46.8,0.43,0
623,M3,2025-12-04T08:00:00,68.6,3.37,3106.3,3,5.8,0.44,1
624,M3,2025-12-04T14:00:00,66.0,2.09,1459.8,3,89.0,0.98,0
625,M3,2025-12-04T20:00:00,76.5,1.7,5957.9,1,23.8,0.65,1
626,M3,2025-12-05T02:00:00,56.9,2.51,2575.1,1,70.2,0.93,0
627,M3,2025-12-05T08:00:00,68.1,3.37,3218.8,2,43.7,0.78,1
628,M3,2025-12-05T14:00:00,58.1,3.67,3554.4,1,21.6,0.69,1
629,M3,2025-12-05T20:00:00,76.1,3.47,252.4,1,10.4,0.57,0
630,M3,2025-12-06T02:00:00,62.1,2.9,2526.8,2,17.8,0.65,0
631,M3,2025-12-06T08:00:00,75.5,1.51,4185.4,2,21.3,0.95,0
632,M3,2025-12-06T14:00:00,53.8,3.25,5134.7,0,79.6,0.4,1
633,M3,2025-12-06T20:00:00,58.6,2.61,3709.5,3,73.2,0.46,0
634,M3,2025-12-07T02:00:00,64.9,1.84,3974.4,3,32.0,0.85,0
635,M3,2025-12-07T08:00:00,57.7,2.34,3277.6,0,15.7,0.51,0
636,M3,2025-12-07T14:00:00,63.8,3.37,1767.5,4,58.3,0.99,0
637,M3,2025-12-07T20:00:00,79.5,2.52,1648.3,2,31.5,0.55,0
638,M3,2025-12-08T02:00:00,71.4,3.85,2610.3,2,67.9,0.65,1
639,M3,2025-12-08T08:00:00,61.8,2.9,4874.7,1,32.4,0.55,0
640,M3,2025-12-08T14:00:00,68.6,3.63,465.0,1,28.6,0.48,0
641,M3,2025-12-08T20:00:00,54.6,3.23,805.1,2,2.2,0.62,0
642,M3,2025-12-09T02:00:00,64.3,3.57,1636.5,0,63.3,0.82,0
643,M3,2025-12-09T08:00:00,69.4,2.39,4449.9,2,68.6,0.35,0
644,M3,2025-12-09T14:00:00,57.5,1.54,2951.6,3,6.1,0.54,0
645,M3,2025-12-09T20:00:00,58.4,2.65,1220.4,0,20.8,0.91,0
646,M3,2025-12-10T02:00:00,66.6,2.9,5519.7,4,29.6,0.68,1
647,M3,2025-12-10T08:00:00,66.4,2.21,1349.9,2,30.8,0.31,0
648,M3,2025-12-10T14:00:00,78.9,3.05,4740.9,0,61.6,0.57,0
649,M3,2025-12-10T20:00:00,61.1,3.46,1447.6,2,18.6,0.41,0
650,M3,2025-12-11T02:00:00,71.0,2.54,217.9,1,74.4,0.6,1
651,M3,2025-12-11T08:00:00,60.7,2.43,5280.4,3,36.8,0.79,0
652,M3,2025-12-11T14:00:00,60.5,4.22,4011.4,1,87.1,0.89,1
653,M3,2025-12-11T20:00:00,65.3,0.86,1402.0,2,25.6,0.34,0
654,M3,2025-12-12T02:00:00,62.1,2.13,5723.2,1,47.8,0.57,0
655,M3,2025-12-12T08:00:00,68.3,4.13,1370.4,0,15.7,0.76,0
656,M3,2025-12-12T14:00:00,63.9,3.2,3504.3,2,9.2,0.96,0
657,M3,2025-12-12T20:00:00,58.6,2.58,4632.7,1,80.9,0.59,0
658,M3,2025-12-13T02:00:00,66.2,0.57,152.6,0,82.7,0.69,0
659,M3,2025-12-13T08:00:00,54.6,2.75,5725.1,2,21.3,0.69,0
660,M3,2025-12-13T14:00:00,62.0,0.53,3348.7,0,34.1,0.69,1
661,M3,2025-12-13T20:00:00,66.0,3.07,4347.8,4,38.2,0.36,0
662,M3,2025-12-14T02:00:00,66.1,3.07,3086.6,1,39.9,0.71,0
663,M3,2025-12-14T08:00:00,71.4,2.47,5098.9,0,24.5,0.38,0
664,M3,2025-12-14T14:00:00,62.2,2.13,4886.4,1,48.3,0.81,0
665,M3,2025-12-14T20:00:00,60.6,3.03,3333.5,2,3.0,0.82,0
666,M3,2025-12-15T02:00:00,62.8,2.22,5853.7,1,53.2,0.6,0
667,M3,2025-12-15T08:00:00,70.6,1.68,976.5,1,64.2,0.97,0
668,M3,2025-12-15T14:00:00,47.6,3.43,1332.5,2,17.7,0.59,0
669,M3,2025-12-15T20:00:00,62.2,2.69,918.1,1,19.9,0.52,0
670,M3,2025-12-16T02:00:00,69.6,2.46,4931.5,0,66.9,0.77,1
671,M3,2025-12-16T08:00:00,78.9,2.84,632.1,1,81.0,0.93,0
672,M3,2025-12-16T14:00:00,58.3,4.45,3182.3,3,64.2,0.48,1
673,M3,2025-12-16T20:00:00,61.7,1.79,1039.4,2,76.5,0.62,0
674,M3,2025-12-17T02:00:00,60.5,3.84,5454.4,0,59.7,0.86,1
675,M3,2025-12-17T08:00:00,68.9,1.09,3089.6,1,82.7,0.98,0
676,M3,2025-12-17T14:00:00,64.2,2.34,1041.2,2,54.4,0.69,0
677,M3,2025-12-17T20:00:00,67.2,2.22,3428.5,1,57.7,0.89,0
678,M3,2025-12-18T02:00:00,64.3,1.5,780.5,0,63.6,0.97,0
679,M3,2025-12-18T08:00:00,62.1,2.13,839.6,1,11.7,0.81,0
680,M3,2025-12-18T14:00:00,68.2,2.62,573.4,2,19.7,0.55,0
681,M3,2025-12-18T20:00:00,61.4,3.21,1773.0,0,3.6,0.99,0
682,M3,2025-12-19T02:00:00,69.3,2.53,145.4,3,12.3,0.8,0
683,M3,2025-12-19T08:00:00,73.5,1.99,617.5,3,69.2,0.74,0
684,M3,2025-12-19T14:00:00,64.1,3.59,1811.2,4,62.9,0.5,0
685,M3,2025-12-19T20:00:00,76.0,1.69,5529.4,2,35.9,0.4,1
686,M3,2025-12-20T02:00:00,66.9,1.8,627.4,1,35.7,0.46,0
687,M3,2025-12-20T08:00:00,58.9,1.69,2974.4,6,15.7,0.81,0
688,M3,2025-12-20T14:00:00,56.8,2.67,4996.2,2,41.4,0.32,1
689,M3,2025-12-20T20:00:00,69.0,1.86,5488.0,2,76.3,0.63,0
690,M3,2025-12-21T02:00:00,67.5,2.05,3422.8,2,83.0,0.55,0
691,M3,2025-12-21T08:00:00,58.6,2.04,1969.9,3,55.3,0.37,0
692,M3,2025-12-21T14:00:00,65.8,3.08,4498.1,1,37.8,0.47,0
693,M3,2025-12-21T20:00:00,68.0,1.52,5889.5,3,75.2,0.64,0
694,M3,2025-12-22T02:00:00,57.9,2.28,4590.9,3,69.6,0.9,1
695,M3,2025-12-22T08:00:00,70.8,3.3,5539.7,2,47.3,0.58,0
696,M3,2025-12-22T14:00:00,72.7,2.28,3041.0,2,45.0,0.63,0
697,M3,2025-12-22T20:00:00,60.7,2.23,3006.0,1,51.0,0.78,0
698,M3,2025-12-23T02:00:00,67.8,2.75,5455.7,0,6.6,0.95,1
699,M3,2025-12-23T08:00:00,44.0,0.96,812.2,0,88.0,0.48,0
700,M3,2025-12-23T14:00:00,57.1,1.19,5056.2,1,53.6,0.76,0
701,M3,2025-12-23T20:00:00,64.0,2.54,156.3,2,7.8,0.56,0
702,M3,2025-12-24T02:00:00,59.1,2.06,3910.9,0,63.7,0.81,0
703,M3,2025-12-24T08:00:00,36.8,2.42,1991.2,1,50.9,0.93,0
704,M3,2025-12-24T14:00:00,58.5,2.73,4408.8,1,27.6,0.37,0
705,M3,2025-12-24T20:00:00,49.8,3.32,1682.8,1,38.3,0.41,0
706,M3,2025-12-25T02:00:00,64.3,2.82,1781.7,3,17.7,0.56,0
707,M3,2025-12-25T08:00:00,68.7,0.63,3686.4,0,11.6,0.7,0
708,M3,2025-12-25T14:00:00,56.6,2.27,4259.0,3,7.1,0.56,0
709,M3,2025-12-25T20:00:00,58.0,1.91,1959.1,1,57.8,0.53,0
710,M3,2025-12-26T02:00:00,60.0,1.09,3345.4,3,42.2,0.9,0
711,M3,2025-12-26T08:00:00,64.6,3.13,1946.5,0,29.0,0.79,0
712,M3,2025-12-26T14:00:00,60.7,1.2,363.7,1,45.3,0.4,0
713,M3,2025-12-26T20:00:00,54.6,3.65,5711.3,1,6.1,0.81,1
714,M3,2025-12-27T02:00:00,56.9,4.07,4844.4,2,48.5,0.84,1
715,M3,2025-12-27T08:00:00,65.8,1.25,4504.6,1,6.6,0.75,0
716,M3,2025-12-27T14:00:00,55.9,2.78,272.1,1,30.7,0.47,0
717,M3,2025-12-27T20:00:00,66.8,2.72,1693.2,2,74.7,0.95,0
718,M3,2025-12-28T02:00:00,52.8,2.91,3591.3,2,24.7,0.8,0
719,M3,2025-12-28T08:00:00,75.1,4.82,2373.3,1,77.5,0.71,1
720,M3,2025-12-28T14:00:00,69.3,3.06,754.2,1,48.7,0.8,1
721,M3,2025-12-28T20:00:00,64.0,2.64,3250.7,0,73.6,0.68,0
722,M3,2025-12-29T02:00:00,60.7,2.18,3597.7,1,22.5,0.35,0
723,M3,2025-12-29T08:00:00,53.6,3.13,744.3,1,27.3,0.78,1
724,M3,2025-12-29T14:00:00,73.3,2.41,5109.9,1,34.0,0.98,0
725,M3,2025-12-29T20:00:00,58.0,1.53,947.0,0,4.1,0.88,0
726,M3,2025-12-30T02:00:00,61.0,2.0,3708.5,1,21.9,0.65,0
727,M3,2025-12-30T08:00:00,43.1,2.57,2156.2,0,32.0,0.83,0
728,M3,2025-12-30T14:00:00,71.2,1.37,4966.2,2,54.7,0.44,1
729,M3,2025-12-30T20:00:00,62.9,3.38,4282.4,1,82.5,0.71,1
730,M3,2025-12-31T02:00:00,64.7,1.58,5448.6,1,23.8,0.86,1
731,M3,2025-12-31T08:00:00,79.9,3.76,2074.1,2,67.7,0.39,0
732,M3,2025-12-31T14:00:00,60.6,3.56,1709.6,0,83.8,0.51,1
733,M3,2025-12-31T20:00:00,72.3,1.81,655.5,1,74.9,0.69,0
734,M3,2026-01-01T02:00:00,56.3,2.32,3243.9,2,70.8,0.35,0
735,M3,2026-01-01T08:00:00,58.5,3.43,3018.3,0,32.4,0.94,0
736,M3,2026-01-01T14:00:00,82.6,2.56,3573.9,1,23.5,0.88,0
737,M3,2026-01-01T20:00:00,64.7,2.11,2018.3,0,21.2,0.49,0
738,M3,2026-01-02T02:00:00,58.2,1.82,2797.1,2,41.4,0.94,0
739,M3,2026-01-02T08:00:00,64.8,1.76,4678.8,2,62.9,0.86,0
740,M3,2026-01-02T14:00:00,67.6,3.57,4474.3,2,56.0,0.32,0
741,M3,2026-01-02T20:00:00,68.9,1.26,1774.5,0,5.7,0.87,0
742,M3,2026-01-03T02:00:00,74.0,2.24,3293.5,1,48.8,0.56,0
743,M3,2026-01-03T08:00:00,74.7,1.77,3426.5,1,31.5,0.36,1
744,M3,2026-01-03T14:00:00,61.5,3.38,597.4,2,51.6,0.31,1
745,M3,2026-01-03T20:00:00,49.4,2.15,260.5,5,44.5,0.88,0
746,M3,2026-01-04T02:00:00,66.4,2.54,2215.7,0,5.7,0.63,0
747,M3,2026-01-04T08:00:00,58.0,2.83,4997.5,2,54.4,0.41,0
748,M3,2026-01-04T14:00:00,54.8,2.67,1211.1,2,64.7,0.81,1
749,M3,2026-01-04T20:00:00,68.2,3.38,1699.3,1,81.6,0.57,0
750,M3,2026-01-05T02:00:00,58.5,4.11,913.4,2,47.4,0.74,0
751,M4,2025-11-03T20:00:00,78.2,2.4,3895.9,1,4.0,0.98,0
752,M4,2025-11-04T02:00:00,66.0,2.31,1081.8,0,35.7,0.69,0
753,M4,2025-11-04T08:00:00,66.7,1.68,5943.7,2,45.3,0.41,0
754,M4,2025-11-04T14:00:00,56.9,2.39,1400.0,0,78.6,0.43,0
755,M4,2025-11-04T20:00:00,65.0,2.03,805.8,0,71.0,0.95,0
756,M4,2025-11-05T02:00:00,67.3,3.5,4249.1,3,13.5,0.87,1
757,M4,2025-11-05T08:00:00,69.0,3.27,544.3,3,0.2,0.39,0
758,M4,2025-11-05T14:00:00,63.4,0.75,797.7,1,32.0,0.91,0
759,M4,2025-11-05T20:00:00,68.9,1.11,3056.5,0,0.6,0.96,0
760,M4,2025-11-06T02:00:00,73.5,2.83,966.8,2,15.1,0.81,0
761,M4,2025-11-06T08:00:00,69.8,2.9,5678.1,0,23.9,0.53,1
762,M4,2025-11-06T14:00:00,63.3,3.6,3686.3,1,78.5,0.66,1
763,M4,2025-11-06T20:00:00,64.1,3.32,4716.8,2,87.5,0.45,1
764,M4,2025-11-07T02:00:00,66.6,2.54,2710.4,0,67.4,0.83,0
765,M4,2025-11-07T08:00:00,69.2,2.27,4982.0,2,19.7,0.55,0
766,M4,2025-11-07T14:00:00,67.3,3.04,2621.8,2,48.6,0.77,1
767,M4,2025-11-07T20:00:00,69.5,3.94,3508.3,1,13.5,0.87,0
768,M4,2025-11-08T02:00:00,70.1,3.41,910.0,0,44.9,0.66,0
769,M4,2025-11-08T08:00:00,71.6,2.95,1928.6,3,67.4,0.85,0
770,M4,2025-11-08T14:00:00,66.0,2.23,3520.3,2,41.1,0.98,0
771,M4,2025-11-08T20:00:00,62.8,2.64,2939.0,1,12.2,0.47,1
772,M4,2025-11-09T02:00:00,61.9,3.6,5444.7,2,80.8,0.63,0
773,M4,2025-11-09T08:00:00,78.7,1.95,1662.3,0,37.1,0.65,0
774,M4,2025-11-09T14:00:00,71.7,3.65,3197.5,0,29.7,0.6,0
775,M4,2025-11-09T20:00:00,50.8,2.98,1833.7,2,58.2,0.95,0
776,M4,2025-11-10T02:00:00,65.5,2.36,1117.2,3,72.6,0.44,1
777,M4,2025-11-10T08:00:00,69.0,1.03,4317.6,2,34.6,0.87,0
778,M4,2025-11-10T14:00:00,63.4,3.55,5873.3,1,10.8,0.31,0
779,M4,2025-11-10T20:00:00,48.3,1.77,1055.7,2,19.6,0.9,0
780,M4,2025-11-11T02:00:00,77.5,3.92,5206.7,0,81.7,0.65,1
781,M4,2025-11-11T08:00:00,56.8,1.7,4715.2,1,50.7,0.97,0
782,M4,2025-11-11T14:00:00,65.1,2.96,2148.6,0,74.0,0.85,0
783,M4,2025-11-11T20:00:00,51.5,2.92,5801.9,3,13.9,0.32,1
784,M4,2025-11-12T02:00:00,59.8,2.97,419.0,0,59.9,0.96,0
785,M4,2025-11-12T08:00:00,63.3,0.95,4279.0,3,70.5,0.59,0
786,M4,2025-11-12T14:00:00,83.8,1.83,5195.2,4,7.0,0.6,0
787,M4,2025-11-12T20:00:00,67.5,2.13,257.9,3,55.5,0.84,0
788,M4,2025-11-13T02:00:00,70.4,3.06,757.3,2,64.2,0.33,1
789,M4,2025-11-13T08:00:00,67.1,2.07,4243.5,4,1.3,0.74,0
790,M4,2025-11-13T14:00:00,62.3,2.81,5625.5,0,70.9,0.93,0
791,M4,2025-11-13T20:00:00,75.3,4.18,3954.4,1,12.3,0.8,0
792,M4,2025-11-14T02:00:00,68.4,1.56,2684.8,2,82.1,0.94,0
793,M4,2025-11-14T08:00:00,61.5,0.9,279.3,0,43.6,0.34,0
794,M4,2025-11-14T14:00:00,69.6,1.57,4956.3,0,8.0,0.85,0
795,M4,2025-11-14T20:00:00,58.3,4.04,1967.5,2,64.5,0.62,1
796,M4,2025-11-15T02:00:00,58.4,3.11,3880.3,4,2.5,0.38,0
797,M4,2025-11-15T08:00:00,59.9,3.54,2110.2,2,87.4,0.66,1
798,M4,2025-11-15T14:00:00,78.0,1.99,3019.3,5,12.1,0.64,0
799,M4,2025-11-15T20:00:00,69.7,2.3,3760.6,1,35.5,0.93,0
800,M4,2025-11-16T02:00:00,55.7,0.9,2374.6,5,78.9,0.83,0
801,M4,2025-11-16T08:00:00,54.2,2.4,3359.3,2,66.6,0.65,0
802,M4,2025-11-16T14:00:00,63.3,2.4,3877.2,1,29.7,0.56,0
803,M4,2025-11-16T20:00:00,68.1,3.49,4503.0,1,28.1,0.35,0
804,M4,2025-11-17T02:00:00,63.1,3.16,3563.2,1,57.6,0.89,0
805,M4,2025-11-17T08:00:00,64.3,3.06,511.1,0,40.7,0.45,1
806,M4,2025-11-17T14:00:00,70.4,3.18,972.5,2,65.8,0.41,0
807,M4,2025-11-17T20:00:00,64.9,2.75,5861.0,1,71.2,0.93,0
808,M4,2025-11-18T02:00:00,66.4,2.39,5664.4,0,28.1,0.4,0
809,M4,2025-11-18T08:00:00,63.2,2.66,372.4,0,3.4,0.32,0
810,M4,2025-11-18T14:00:00,49.0,2.41,1896.4,4,0.0,0.33,0
811,M4,2025-11-18T20:00:00,61.7,1.69,4816.3,4,10.3,0.68,0
812,M4,2025-11-19T02:00:00,62.2,2.38,5143.7,2,17.5,0.52,0
813,M4,2025-11-19T08:00:00,73.2,2.68,1075.6,0,67.8,0.67,0
814,M4,2025-11-19T14:00:00,68.6,1.8,5496.3,1,18.7,0.47,1
815,M4,2025-11-19T20:00:00,60.4,2.12,1656.2,1,28.8,0.64,0
816,M4,2025-11-20T02:00:00,56.0,2.94,1657.3,0,6.5,0.78,0
817,M4,2025-11-20T08:00:00,66.3,2.53,3659.8,0,21.0,0.73,1
818,M4,2025-11-20T14:00:00,65.4,3.14,4392.8,1,6.8,0.56,0
819,M4,2025-11-20T20:00:00,69.1,1.61,2443.3,1,26.8,0.49,0
820,M4,2025-11-21T02:00:00,61.6,2.52,990.7,2,67.6,0.76,0
821,M4,2025-11-21T08:00:00,64.6,1.39,1049.8,1,49.4,0.94,1
822,M4,2025-11-21T14:00:00,64.9,2.8,992.4,2,45.0,0.4,0
823,M4,2025-11-21T20:00:00,69.9,2.59,4197.3,2,69.4,0.84,1
824,M4,2025-11-22T02:00:00,68.8,1.78,5920.7,3,77.9,0.75,0
825,M4,2025-11-22T08:00:00,80.7,3.35,5878.0,1,0.3,0.78,1
826,M4,2025-11-22T14:00:00,57.6,1.85,282.5,2,56.2,0.41,0
827,M4,2025-11-22T20:00:00,63.8,1.86,4370.5,2,3.4,0.67,0
828,M4,2025-11-23T02:00:00,55.6,2.45,3285.8,2,32.5,0.65,0
829,M4,2025-11-23T08:00:00,64.0,2.94,1828.4,1,69.7,0.31,0
830,M4,2025-11-23T14:00:00,63.8,2.47,946.9,4,62.9,0.8,0
831,M4,2025-11-23T20:00:00,66.7,3.45,5878.2,0,86.6,0.48,0
832,M4,2025-11-24T02:00:00,62.3,2.15,3554.8,1,2.9,0.71,0
833,M4,2025-11-24T08:00:00,77.3,2.36,5651.6,3,31.4,0.57,0
834,M4,2025-11-24T14:00:00,66.7,3.17,5767.2,4,67.8,0.47,1
835,M4,2025-11-24T20:00:00,76.4,2.3,286.7,3,35.6,0.81,0
836,M4,2025-11-25T02:00:00,55.1,1.44,3606.8,0,68.2,0.49,0
837,M4,2025-11-25T08:00:00,61.7,2.18,4627.4,0,23.4,0.67,0
838,M4,2025-11-25T14:00:00,79.7,2.56,4782.5,0,7.4,0.47,0
839,M4,2025-11-25T20:00:00,60.2,1.03,4485.7,0,10.6,0.37,0
840,M4,2025-11-26T02:00:00,60.2,2.23,4735.8,2,45.3,0.33,0
841,M4,2025-11-26T08:00:00,55.4,1.92,4175.1,1,84.5,0.33,0
842,M4,2025-11-26T14:00:00,66.5,1.95,2422.4,1,20.3,0.88,0
843,M4,2025-11-26T20:00:00,51.6,2.24,4141.3,1,6.8,0.69,0
844,M4,2025-11-27T02:00:00,61.2,2.62,5246.5,2,7.8,1.0,0
845,M4,2025-11-27T08:00:00,65.2,2.79,333.9,4,6.4,0.94,0
846,M4,2025-11-27T14:00:00,74.6,5.06,5850.6,4,76.3,0.65,1
847,M4,2025-11-27T20:00:00,68.7,2.65,370.6,3,36.6,0.84,1
848,M4,2025-11-28T02:00:00,59.3,1.91,2553.4,2,12.2,0.34,0
849,M4,2025-11-28T08:00:00,62.0,1.37,5861.1,1,23.0,0.77,0
850,M4,2025-11-28T14:00:00,66.5,1.97,2558.2,1,67.3,0.87,0
851,M4,2025-11-28T20:00:00,59.6,3.18,1898.8,3,26.0,0.83,0
852,M4,2025-11-29T02:00:00,65.3,2.72,3060.9,0,25.3,0.76,0
853,M4,2025-11-29T08:00:00,55.8,0.98,2635.2,2,80.0,0.59,0
854,M4,2025-11-29T14:00:00,54.9,3.47,1650.4,2,89.8,0.37,0
855,M4,2025-11-29T20:00:00,63.0,2.65,2706.9,0,75.7,0.86,0
856,M4,2025-11-30T02:00:00,53.4,2.69,773.4,3,72.1,0.81,0
857,M4,2025-11-30T08:00:00,73.6,2.23,680.6,2,66.4,0.63,0
858,M4,2025-11-30T14:00:00,67.3,2.45,1280.1,0,85.7,0.84,0
859,M4,2025-11-30T20:00:00,66.8,2.72,1647.8,0,49.9,0.48,0
860,M4,2025-12-01T02:00:00,70.5,3.61,2578.5,3,59.5,0.39,1
861,M4,2025-12-01T08:00:00,67.0,4.15,859.8,1,82.2,0.49,1
862,M4,2025-12-01T14:00:00,58.2,3.39,2159.8,2,10.7,0.78,0
863,M4,2025-12-01T20:00:00,71.7,2.15,1048.8,1,79.1,0.84,0
864,M4,2025-12-02T02:00:00,70.8,3.1,3955.0,1,9.4,0.51,0
865,M4,2025-12-02T08:00:00,59.6,2.38,4313.8,3,86.1,0.49,0
866,M4,2025-12-02T14:00:00,57.1,2.22,732.4,5,54.7,0.92,0
867,M4,2025-12-02T20:00:00,72.5,2.91,3062.9,2,68.9,0.74,0
868,M4,2025-12-03T02:00:00,65.4,2.68,175.5,1,43.3,0.43,0
869,M4,2025-12-03T08:00:00,49.8,1.72,4570.5,1,84.2,0.44,0
870,M4,2025-12-03T14:00:00,70.8,2.68,1986.3,4,31.9,0.63,1
871,M4,2025-12-03T20:00:00,71.9,2.26,130.6,1,50.6,0.66,0
872,M4,2025-12-04T02:00:00,43.8,2.23,3604.3,1,56.7,0.56,1
873,M4,2025-12-04T08:00:00,59.7,3.18,2063.0,1,24.3,0.88,0
874,M4,2025-12-04T14:00:00,53.2,2.0,411.9,3,39.9,0.81,0
875,M4,2025-12-04T20:00:00,64.3,2.22,4656.3,0,81.3,0.63,0
876,M4,2025-12-05T02:00:00,54.3,2.72,2094.4,1,31.1,0.87,0
877,M4,2025-12-05T08:00:00,76.1,3.86,4031.4,0,50.5,0.88,1
878,M4,2025-12-05T14:00:00,69.9,3.75,2596.2,0,21.4,0.75,0
879,M4,2025-12-05T20:00:00,75.2,3.6,1843.7,0,17.9,0.51,0
880,M4,2025-12-06T02:00:00,78.7,1.64,5277.1,2,76.1,0.49,0
881,M4,2025-12-06T08:00:00,57.6,2.37,5260.7,1,20.9,0.91,0
882,M4,2025-12-06T14:00:00,68.3,3.52,1312.2,1,86.3,0.83,1
883,M4,2025-12-06T20:00:00,73.1,2.98,1723.4,3,84.1,0.59,0
884,M4,2025-12-07T02:00:00,61.3,2.87,1929.8,0,39.4,0.42,0
885,M4,2025-12-07T08:00:00,69.5,1.83,2774.7,1,18.4,0.69,0
886,M4,2025-12-07T14:00:00,58.6,2.49,841.1,1,36.3,0.38,0
887,M4,2025-12-07T20:00:00,57.9,3.68,1454.6,2,51.4,0.68,0
888,M4,2025-12-08T02:00:00,61.8,2.8,2354.5,1,80.4,0.77,0
889,M4,2025-12-08T08:00:00,61.8,2.3,5132.7,2,85.7,0.83,0
890,M4,2025-12-08T14:00:00,78.2,1.4,2399.0,2,14.9,0.79,0
891,M4,2025-12-08T20:00:00,66.3,2.53,3757.7,0,31.1,0.92,0
892,M4,2025-12-09T02:00:00,66.6,3.3,1155.1,3,74.0,0.65,0
893,M4,2025-12-09T08:00:00,58.0,2.62,767.8,1,38.5,0.76,0
894,M4,2025-12-09T14:00:00,63.8,1.81,869.4,2,19.5,0.6,0
895,M4,2025-12-09T20:00:00,69.6,1.98,4230.5,0,39.8,0.44,0
896,M4,2025-12-10T02:00:00,70.1,3.49,1247.8,0,75.9,0.44,1
897,M4,2025-12-10T08:00:00,62.0,3.59,1678.2,1,50.2,0.53,0
898,M4,2025-12-10T14:00:00,58.4,1.91,4053.1,2,28.3,0.65,0
899,M4,2025-12-10T20:00:00,65.6,3.71,869.8,1,71.1,0.46,0
900,M4,2025-12-11T02:00:00,63.2,1.44,3149.9,2,36.7,0.56,0
901,M4,2025-12-11T08:00:00,80.2,2.53,5035.1,0,47.7,0.62,1
902,M4,2025-12-11T14:00:00,63.1,1.33,5451.8,2,9.8,0.9,1
903,M4,2025-12-11T20:00:00,58.0,3.5,621.9,0,40.7,0.51,0
904,M4,2025-12-12T02:00:00,51.9,2.89,1636.8,0,23.4,0.9,0
905,M4,2025-12-12T08:00:00,72.2,2.67,1518.4,0,44.6,0.33,1
906,M4,2025-12-12T14:00:00,75.4,2.09,3402.7,2,63.5,0.56,1
907,M4,2025-12-12T20:00:00,56.7,2.41,2828.5,2,9.5,0.43,0
908,M4,2025-12-13T02:00:00,59.2,2.89,546.2,2,42.6,0.8,0
909,M4,2025-12-13T08:00:00,70.0,3.53,3137.4,3,45.5,0.68,0
910,M4,2025-12-13T14:00:00,71.6,2.17,1985.2,3,17.1,0.44,1
911,M4,2025-12-13T20:00:00,74.0,1.59,705.1,2,68.2,0.51,0
912,M4,2025-12-14T02:00:00,74.7,3.19,2919.1,1,52.3,0.54,0
913,M4,2025-12-14T08:00:00,49.6,2.81,1065.5,1,63.4,0.93,0
914,M4,2025-12-14T14:00:00,72.5,3.77,3939.2,3,32.6,0.95,1
915,M4,2025-12-14T20:00:00,71.5,3.54,5796.0,5,66.9,0.69,1
916,M4,2025-12-15T02:00:00,63.3,2.53,2627.8,3,76.8,0.84,0
917,M4,2025-12-15T08:00:00,79.3,1.82,4161.1,1,79.9,0.96,1
918,M4,2025-12-15T14:00:00,59.8,2.71,1086.5,1,10.3,0.96,0
919,M4,2025-12-15T20:00:00,63.1,3.97,3511.2,1,34.9,0.68,0
920,M4,2025-12-16T02:00:00,62.5,2.25,5260.7,2,54.4,0.93,1
921,M4,2025-12-16T08:00:00,75.4,2.27,4877.0,0,32.7,0.47,0
922,M4,2025-12-16T14:00:00,67.0,1.52,5187.9,2,2.5,0.6,0
923,M4,2025-12-16T20:00:00,71.9,2.11,1803.1,2,16.3,1.0,0
924,M4,2025-12-17T02:00:00,85.0,2.65,3067.3,0,60.0,0.37,0
925,M4,2025-12-17T08:00:00,72.8,1.98,3065.4,4,48.1,0.91,1
926,M4,2025-12-17T14:00:00,43.9,2.38,4457.0,1,11.7,0.33,0
927,M4,2025-12-17T20:00:00,58.2,2.82,5705.2,6,38.9,0.32,0
928,M4,2025-12-18T02:00:00,63.2,2.13,2484.5,3,32.6,0.58,0
929,M4,2025-12-18T08:00:00,62.5,0.6,1252.2,4,71.0,0.33,0
930,M4,2025-12-18T14:00:00,55.0,2.8,4131.6,2,30.9,0.58,0
931,M4,2025-12-18T20:00:00,65.6,2.29,4183.1,1,70.7,0.91,0
932,M4,2025-12-19T02:00:00,67.8,2.53,2555.9,1,30.8,0.87,0
933,M4,2025-12-19T08:00:00,65.3,3.87,2731.7,0,49.5,0.65,0
934,M4,2025-12-19T14:00:00,75.9,0.88,5831.6,1,26.2,0.77,0
935,M4,2025-12-19T20:00:00,56.5,3.87,1956.2,0,32.3,0.41,1
936,M4,2025-12-20T02:00:00,72.0,3.69,4885.0,3,82.7,0.65,1
937,M4,2025-12-20T08:00:00,62.2,2.74,4992.3,1,11.9,0.92,0
938,M4,2025-12-20T14:00:00,62.3,2.4,4352.3,1,60.5,0.54,0
939,M4,2025-12-20T20:00:00,61.9,2.8,4156.0,1,2.1,0.85,0
940,M4,2025-12-21T02:00:00,59.1,2.51,1980.2,1,15.4,0.41,0
941,M4,2025-12-21T08:00:00,59.1,2.61,5952.6,2,88.9,0.92,0
942,M4,2025-12-21T14:00:00,77.6,1.07,1149.9,1,80.0,0.43,0
943,M4,2025-12-21T20:00:00,66.1,1.53,1408.5,3,39.8,0.77,0
944,M4,2025-12-22T02:00:00,59.0,3.74,5158.1,1,68.0,0.77,1
945,M4,2025-12-22T08:00:00,59.2,3.35,5960.2,0,74.6,0.67,0
946,M4,2025-12-22T14:00:00,77.2,1.96,5140.1,1,28.8,0.76,0
947,M4,2025-12-22T20:00:00,60.1,1.66,4649.0,0,30.3,0.71,0
948,M4,2025-12-23T02:00:00,66.9,3.1,4755.4,1,66.9,0.41,0
949,M4,2025-12-23T08:00:00,79.0,2.42,4589.9,1,38.8,0.75,0
950,M4,2025-12-23T14:00:00,73.8,3.11,2075.7,1,68.5,0.8,0
951,M4,2025-12-23T20:00:00,55.5,2.2,1816.0,1,15.8,0.84,0
952,M4,2025-12-24T02:00:00,70.7,3.8,2813.1,3,72.4,0.66,0
953,M4,2025-12-24T08:00:00,58.2,3.53,4905.2,0,79.9,0.87,0
954,M4,2025-12-24T14:00:00,61.9,2.76,1097.9,1,53.8,0.61,0
955,M4,2025-12-24T20:00:00,69.3,3.15,4233.9,1,63.8,0.8,0
956,M4,2025-12-25T02:00:00,56.2,4.49,426.5,2,49.1,0.76,1
957,M4,2025-12-25T08:00:00,67.5,2.01,493.4,0,73.6,0.87,0
958,M4,2025-12-25T14:00:00,61.2,3.08,4887.5,1,69.8,0.36,0
959,M4,2025-12-25T20:00:00,67.7,2.54,3718.8,0,61.2,0.77,0
960,M4,2025-12-26T02:00:00,63.0,2.85,3065.2,1,25.3,0.62,0
961,M4,2025-12-26T08:00:00,68.5,3.16,1698.6,0,32.2,0.58,0
962,M4,2025-12-26T14:00:00,75.3,4.64,4188.7,0,39.3,0.36,1
963,M4,2025-12-26T20:00:00,41.8,1.96,3346.3,1,86.2,0.44,0
964,M4,2025-12-27T02:00:00,64.9,0.74,5446.1,1,69.0,0.51,1
965,M4,2025-12-27T08:00:00,70.2,1.83,2234.4,3,2.0,0.92,0
966,M4,2025-12-27T14:00:00,68.5,4.59,1452.9,1,59.3,0.56,0
967,M4,2025-12-27T20:00:00,72.9,2.53,4869.5,1,60.3,0.74,0
968,M4,2025-12-28T02:00:00,61.7,2.83,1839.4,0,32.9,0.91,0
969,M4,2025-12-28T08:00:00,66.3,2.71,2587.5,3,17.6,0.98,0
970,M4,2025-12-28T14:00:00,73.7,1.94,574.6,2,21.6,0.45,0
971,M4,2025-12-28T20:00:00,58.9,1.99,5526.8,3,62.1,0.79,0
972,M4,2025-12-29T02:00:00,55.8,1.97,1024.4,2,46.0,0.83,0
973,M4,2025-12-29T08:00:00,73.2,1.72,197.3,0,23.6,0.84,0
974,M4,2025-12-29T14:00:00,65.0,2.14,2854.4,2,22.9,0.79,0
975,M4,2025-12-29T20:00:00,64.5,2.7,183.3,3,4.7,0.42,1
976,M4,2025-12-30T02:00:00,83.8,2.16,741.1,5,85.9,0.61,1
977,M4,2025-12-30T08:00:00,69.7,3.24,5926.6,2,76.1,0.38,0
978,M4,2025-12-30T14:00:00,77.6,2.49,5649.3,4,7.6,0.78,0
979,M4,2025-12-30T20:00:00,73.4,2.87,4385.7,0,19.4,0.47,0
980,M4,2025-12-31T02:00:00,64.5,3.62,2467.6,1,42.8,0.96,1
981,M4,2025-12-31T08:00:00,63.9,3.02,2136.9,4,55.6,0.54,0
982,M4,2025-12-31T14:00:00,72.5,2.81,2428.1,1,0.0,0.62,0
983,M4,2025-12-31T20:00:00,66.5,1.32,4049.5,1,74.6,0.75,0
984,M4,2026-01-01T02:00:00,75.8,2.88,1664.2,0,37.2,0.93,1
985,M4,2026-01-01T08:00:00,70.0,2.32,5220.6,1,38.7,0.76,0
986,M4,2026-01-01T14:00:00,57.8,2.85,3978.6,1,82.7,0.67,0
987,M4,2026-01-01T20:00:00,66.9,2.76,1061.5,0,23.8,0.65,0
988,M4,2026-01-02T02:00:00,74.1,3.68,784.8,2,29.2,0.95,0
989,M4,2026-01-02T08:00:00,75.2,1.97,2541.2,6,48.5,0.73,0
990,M4,2026-01-02T14:00:00,51.6,2.44,5973.8,1,63.9,0.55,0
991,M4,2026-01-02T20:00:00,64.4,1.83,1945.6,1,61.9,0.58,0
992,M4,2026-01-03T02:00:00,71.3,3.37,1967.4,2,73.6,0.55,1
993,M4,2026-01-03T08:00:00,62.1,2.34,4806.1,3,84.0,0.91,1
994,M4,2026-01-03T14:00:00,60.3,1.54,2981.9,0,30.1,0.99,0
995,M4,2026-01-03T20:00:00,67.3,3.1,1296.3,3,29.6,0.55,0
996,M4,2026-01-04T02:00:00,59.8,1.69,3919.5,1,1.5,0.71,0
997,M4,2026-01-04T08:00:00,50.9,1.92,1450.3,3,84.0,0.54,0
998,M4,2026-01-04T14:00:00,65.6,3.11,5156.0,1,52.6,0.4,0
999,M4,2026-01-04T20:00:00,64.2,1.63,4584.5,1,66.7,0.52,0
1000,M4,2026-01-05T02:00:00,74.0,1.68,4463.5,2,30.0,0.49,0
1001,M5,2025-11-03T20:00:00,83.9,3.96,5258.1,1,14.0,0.82,1
1002,M5,2025-11-04T02:00:00,61.7,3.77,410.1,0,7.1,0.66,0
1003,M5,2025-11-04T08:00:00,68.9,2.12,2655.0,3,89.1,0.74,0
1004,M5,2025-11-04T14:00:00,59.4,2.02,1922.0,3,75.5,0.6,1
1005,M5,2025-11-04T20:00:00,61.8,3.16,4091.9,1,32.9,0.91,0
1006,M5,2025-11-05T02:00:00,52.0,3.49,547.8,1,1.9,0.55,0
1007,M5,2025-11-05T08:00:00,63.4,2.98,2487.9,0,57.9,0.79,0
1008,M5,2025-11-05T14:00:00,61.0,0.98,4281.4,1,41.2,0.44,0
1009,M5,2025-11-05T20:00:00,72.6,3.45,1590.4,4,56.4,0.84,1
1010,M5,2025-11-06T02:00:00,54.0,2.77,686.5,0,37.0,0.86,0
1011,M5,2025-11-06T08:00:00,66.9,3.01,2728.2,2,63.8,0.79,0
1012,M5,2025-11-06T14:00:00,71.7,2.38,3969.6,2,8.8,0.43,0
1013,M5,2025-11-06T20:00:00,57.4,2.19,1689.0,2,64.8,0.63,1
1014,M5,2025-11-07T02:00:00,57.8,3.19,3470.0,0,43.4,0.44,0
1015,M5,2025-11-07T08:00:00,57.4,3.53,2561.1,0,61.8,0.68,0
1016,M5,2025-11-07T14:00:00,67.0,3.68,1522.7,2,65.8,0.97,0
1017,M5,2025-11-07T20:00:00,70.5,2.67,1381.1,2,1.9,0.95,1
1018,M5,2025-11-08T02:00:00,72.4,2.33,3015.4,0,66.3,0.46,0
1019,M5,2025-11-08T08:00:00,70.1,1.98,3886.8,0,62.7,0.6,0
1020,M5,2025-11-08T14:00:00,60.2,2.31,2333.9,2,35.4,0.59,0
1021,M5,2025-11-08T20:00:00,69.7,2.17,3551.3,1,41.4,0.83,0
1022,M5,2025-11-09T02:00:00,60.3,1.7,2841.8,0,57.0,0.67,1
1023,M5,2025-11-09T08:00:00,71.9,2.92,3464.4,0,75.8,0.96,0
1024,M5,2025-11-09T14:00:00,73.8,3.77,5357.9,1,75.1,0.7,0
1025,M5,2025-11-09T20:00:00,58.7,4.04,3078.4,0,55.8,0.75,0
1026,M5,2025-11-10T02:00:00,59.4,1.7,3250.8,3,50.9,0.66,1
1027,M5,2025-11-10T08:00:00,53.6,4.05,2956.7,7,13.6,0.41,0
1028,M5,2025-11-10T14:00:00,55.7,2.52,4819.1,1,11.9,0.79,0
1029,M5,2025-11-10T20:00:00,72.2,0.2,3525.0,4,3.7,0.69,0
1030,M5,2025-11-11T02:00:00,47.3,1.78,2699.2,3,77.3,0.76,0
1031,M5,2025-11-11T08:00:00,73.0,2.44,5766.8,2,71.4,0.51,1
1032,M5,2025-11-11T14:00:00,84.7,1.91,575.1,2,88.6,0.64,1
1033,M5,2025-11-11T20:00:00,73.2,3.66,1245.8,1,4.5,0.52,0
1034,M5,2025-11-12T02:00:00,71.0,3.4,5651.4,3,34.6,0.4,1
1035,M5,2025-11-12T08:00:00,51.1,1.48,2295.5,2,11.0,0.49,0
1036,M5,2025-11-12T14:00:00,55.6,2.16,3507.1,2,65.0,0.45,0
1037,M5,2025-11-12T20:00:00,63.0,4.39,3565.8,1,89.9,0.36,0
1038,M5,2025-11-13T02:00:00,74.8,3.02,765.5,3,15.5,0.85,0
1039,M5,2025-11-13T08:00:00,62.0,3.86,3850.0,2,11.3,0.81,0
1040,M5,2025-11-13T14:00:00,64.6,1.75,501.6,2,3.0,0.81,0
1041,M5,2025-11-13T20:00:00,68.7,4.7,839.2,1,31.3,0.94,0
1042,M5,2025-11-14T02:00:00,66.9,2.57,1833.5,3,83.6,0.87,1
1043,M5,2025-11-14T08:00:00,66.0,3.39,3566.3,1,60.0,0.77,0
1044,M5,2025-11-14T14:00:00,72.2,2.87,2791.0,5,15.6,0.94,0
1045,M5,2025-11-14T20:00:00,61.4,2.85,2781.4,0,35.8,0.72,0
1046,M5,2025-11-15T02:00:00,51.6,2.4,2743.1,0,31.6,0.99,0
1047,M5,2025-11-15T08:00:00,63.1,3.66,236.0,2,63.5,0.36,0
1048,M5,2025-11-15T14:00:00,71.6,2.86,3805.7,1,74.0,0.49,0
1049,M5,2025-11-15T20:00:00,80.3,2.17,5984.2,1,39.3,0.72,1
1050,M5,2025-11-16T02:00:00,67.0,2.69,4197.4,1,19.9,0.51,0
1051,M5,2025-11-16T08:00:00,75.4,2.72,1861.5,2,56.9,0.75,1
1052,M5,2025-11-16T14:00:00,58.2,0.78,4991.8,1,48.4,0.68,0
1053,M5,2025-11-16T20:00:00,63.6,1.72,3688.6,3,12.0,0.99,0
1054,M5,2025-11-17T02:00:00,69.9,3.16,3405.8,0,65.9,0.76,1
1055,M5,2025-11-17T08:00:00,48.8,1.88,1666.6,2,85.9,0.44,0
1056,M5,2025-11-17T14:00:00,78.5,3.18,4335.0,0,20.8,0.48,1
1057,M5,2025-11-17T20:00:00,66.9,3.02,1387.8,0,14.2,0.88,1
1058,M5,2025-11-18T02:00:00,70.4,1.86,339.7,1,49.1,0.79,0
1059,M5,2025-11-18T08:00:00,58.4,1.69,1075.3,2,28.3,0.56,0
1060,M5,2025-11-18T14:00:00,49.0,1.68,5657.0,0,10.2,0.67,0
1061,M5,2025-11-18T20:00:00,42.3,3.1,2888.0,4,86.1,0.69,0
1062,M5,2025-11-19T02:00:00,65.8,2.71,3393.2,2,17.6,0.9,0
1063,M5,2025-11-19T08:00:00,78.4,1.92,5973.1,1,86.5,0.76,0
1064,M5,2025-11-19T14:00:00,78.3,3.95,2405.3,3,36.0,0.89,0
1065,M5,2025-11-19T20:00:00,70.4,2.14,238.2,0,75.2,0.62,0
1066,M5,2025-11-20T02:00:00,67.6,2.94,2236.7,2,81.0,0.41,0
1067,M5,2025-11-20T08:00:00,53.0,1.86,1155.1,4,55.6,0.57,0
1068,M5,2025-11-20T14:00:00,62.8,3.58,3159.3,1,88.0,0.55,0
1069,M5,2025-11-20T20:00:00,72.2,2.44,4261.3,2,54.4,0.84,0
1070,M5,2025-11-21T02:00:00,64.1,4.02,4829.6,2,74.0,0.32,0
1071,M5,2025-11-21T08:00:00,77.2,1.34,1925.8,3,82.1,0.82,0
1072,M5,2025-11-21T14:00:00,94.5,1.14,2198.3,1,15.6,0.96,0
1073,M5,2025-11-21T20:00:00,68.7,2.07,922.7,1,31.3,0.97,0
1074,M5,2025-11-22T02:00:00,74.5,1.45,2049.3,4,52.7,0.34,0
1075,M5,2025-11-22T08:00:00,63.2,2.51,1470.1,0,31.1,0.9,0
1076,M5,2025-11-22T14:00:00,71.1,3.69,5096.6,0,66.7,0.36,0
1077,M5,2025-11-22T20:00:00,63.6,1.6,1155.5,1,89.6,0.64,0
1078,M5,2025-11-23T02:00:00,73.9,0.82,5289.4,1,53.0,0.79,0
1079,M5,2025-11-23T08:00:00,65.1,1.25,2944.3,2,40.7,0.81,0
1080,M5,2025-11-23T14:00:00,61.5,2.38,3296.0,1,5.6,0.66,1
1081,M5,2025-11-23T20:00:00,64.7,1.45,3839.1,4,25.4,0.51,1
1082,M5,2025-11-24T02:00:00,55.4,2.39,3669.3,3,86.3,0.78,0
1083,M5,2025-11-24T08:00:00,64.7,2.01,4831.9,2,84.8,0.74,0
1084,M5,2025-11-24T14:00:00,61.6,3.75,1803.1,2,60.6,0.65,0
1085,M5,2025-11-24T20:00:00,63.0,1.82,1163.3,1,56.5,0.68,0
1086,M5,2025-11-25T02:00:00,72.1,2.4,5293.1,2,54.1,0.59,0
1087,M5,2025-11-25T08:00:00,75.8,2.7,1896.2,2,83.1,0.55,1
1088,M5,2025-11-25T14:00:00,62.4,1.41,3417.7,1,14.8,0.58,0
1089,M5,2025-11-25T20:00:00,65.3,2.54,4427.9,2,18.1,0.72,1
1090,M5,2025-11-26T02:00:00,56.9,2.98,3530.6,2,80.2,0.56,0
1091,M5,2025-11-26T08:00:00,68.8,1.96,3173.7,4,5.2,0.71,1
1092,M5,2025-11-26T14:00:00,70.5,2.44,4768.6,2,11.4,0.47,0
1093,M5,2025-11-26T20:00:00,61.2,2.3,1058.8,0,15.6,0.83,0
1094,M5,2025-11-27T02:00:00,60.4,1.87,1560.3,2,15.7,0.46,0
1095,M5,2025-11-27T08:00:00,63.0,1.63,2833.8,1,36.3,0.52,0
1096,M5,2025-11-27T14:00:00,81.5,3.05,4597.3,0,18.2,0.37,1
1097,M5,2025-11-27T20:00:00,71.5,2.63,2031.6,1,5.9,0.45,0
1098,M5,2025-11-28T02:00:00,79.2,1.79,1151.2,2,63.5,0.76,0
1099,M5,2025-11-28T08:00:00,70.9,2.42,5568.8,0,42.6,0.76,0
1100,M5,2025-11-28T14:00:00,53.9,1.06,3973.2,3,69.5,0.33,0
1101,M5,2025-11-28T20:00:00,57.3,2.4,505.7,1,23.1,0.77,0
1102,M5,2025-11-29T02:00:00,69.4,2.64,5818.5,3,36.7,0.41,0
1103,M5,2025-11-29T08:00:00,57.2,3.73,5582.9,2,1.5,0.75,0
1104,M5,2025-11-29T14:00:00,65.1,2.35,954.5,0,56.5,0.64,0
1105,M5,2025-11-29T20:00:00,65.2,4.55,2690.8,0,52.0,0.95,1
1106,M5,2025-11-30T02:00:00,62.1,1.28,2106.0,2,78.4,0.75,0
1107,M5,2025-11-30T08:00:00,64.4,2.81,5401.1,0,33.8,0.95,0
1108,M5,2025-11-30T14:00:00,61.9,2.99,4175.5,1,19.7,0.69,0
1109,M5,2025-11-30T20:00:00,60.7,3.24,3416.0,0,20.1,0.94,0
1110,M5,2025-12-01T02:00:00,74.2,1.97,3832.1,4,47.7,0.58,0
1111,M5,2025-12-01T08:00:00,79.2,1.59,5806.0,0,57.0,0.86,0
1112,M5,2025-12-01T14:00:00,72.6,2.41,1696.2,2,70.8,0.73,0
1113,M5,2025-12-01T20:00:00,61.6,1.41,2742.6,1,73.6,0.95,0
1114,M5,2025-12-02T02:00:00,63.4,2.95,1232.4,0,6.5,0.61,0
1115,M5,2025-12-02T08:00:00,73.3,3.24,1222.1,1,48.4,0.49,1
1116,M5,2025-12-02T14:00:00,54.6,2.31,1559.3,3,55.3,0.35,0
1117,M5,2025-12-02T20:00:00,67.0,2.25,1687.7,2,68.3,0.53,0
1118,M5,2025-12-03T02:00:00,58.9,2.71,1606.0,2,28.4,0.76,1
1119,M5,2025-12-03T08:00:00,59.6,2.32,3181.8,1,47.9,0.68,0
1120,M5,2025-12-03T14:00:00,57.5,1.84,2548.1,1,84.1,0.6,0
1121,M5,2025-12-03T20:00:00,51.5,2.2,5526.4,2,41.1,0.59,0
1122,M5,2025-12-04T02:00:00,67.5,2.54,2293.9,2,1.8,0.78,0
1123,M5,2025-12-04T08:00:00,67.0,1.21,4009.5,0,25.9,0.98,0
1124,M5,2025-12-04T14:00:00,77.9,2.82,1312.8,4,28.9,0.92,1
1125,M5,2025-12-04T20:00:00,65.5,2.0,5766.3,2,59.4,0.32,0
1126,M5,2025-12-05T02:00:00,61.5,2.73,5813.9,3,38.3,0.51,0
1127,M5,2025-12-05T08:00:00,82.0,2.72,2306.8,2,23.0,0.77,0
1128,M5,2025-12-05T14:00:00,39.0,2.72,5520.4,0,37.3,0.49,0
1129,M5,2025-12-05T20:00:00,72.4,3.26,5013.7,1,69.5,0.99,0
1130,M5,2025-12-06T02:00:00,70.7,2.13,804.1,1,34.8,0.79,0
1131,M5,2025-12-06T08:00:00,61.7,2.35,457.4,1,16.5,0.45,0
1132,M5,2025-12-06T14:00:00,60.9,1.38,1125.4,1,17.0,0.98,0
1133,M5,2025-12-06T20:00:00,75.7,2.65,3308.5,0,5.6,0.46,0
1134,M5,2025-12-07T02:00:00,64.5,2.92,1856.2,3,78.0,0.97,0
1135,M5,2025-12-07T08:00:00,72.7,2.23,1452.2,0,27.0,0.55,0
1136,M5,2025-12-07T14:00:00,63.5,2.17,5833.9,0,1.3,0.77,0
1137,M5,2025-12-07T20:00:00,53.7,1.17,1037.4,3,6.3,0.54,0
1138,M5,2025-12-08T02:00:00,56.6,4.18,5710.0,1,75.0,0.53,0
1139,M5,2025-12-08T08:00:00,63.3,2.59,5572.2,0,49.0,0.68,0
1140,M5,2025-12-08T14:00:00,55.5,2.97,1826.4,0,69.2,0.74,0
1141,M5,2025-12-08T20:00:00,57.8,2.72,5789.8,1,15.6,0.96,0
1142,M5,2025-12-09T02:00:00,77.8,2.25,2368.0,1,47.2,0.78,0
1143,M5,2025-12-09T08:00:00,70.3,3.56,665.5,1,30.6,0.54,0
1144,M5,2025-12-09T14:00:00,54.5,2.24,2993.8,1,31.6,0.3,1
1145,M5,2025-12-09T20:00:00,89.9,2.49,1904.9,1,12.9,0.92,0
1146,M5,2025-12-10T02:00:00,75.9,2.41,3571.5,0,64.2,0.82,0
1147,M5,2025-12-10T08:00:00,86.4,3.68,2064.7,1,29.5,0.58,0
1148,M5,2025-12-10T14:00:00,78.1,3.43,4383.9,1,9.3,0.62,0
1149,M5,2025-12-10T20:00:00,62.6,2.84,2561.4,3,11.0,0.95,0
1150,M5,2025-12-11T02:00:00,59.2,2.92,1639.3,3,71.1,0.93,0
1151,M5,2025-12-11T08:00:00,67.3,1.81,3167.7,0,50.4,0.69,1
1152,M5,2025-12-11T14:00:00,55.5,2.83,3620.0,2,15.4,0.69,0
1153,M5,2025-12-11T20:00:00,60.2,4.64,5444.3,1,21.5,0.69,0
1154,M5,2025-12-12T02:00:00,54.1,3.27,3323.4,1,87.5,0.62,0
1155,M5,2025-12-12T08:00:00,71.7,2.94,5460.3,0,67.3,0.31,1
1156,M5,2025-12-12T14:00:00,72.9,1.48,2255.1,1,21.6,0.39,0
1157,M5,2025-12-12T20:00:00,52.4,2.09,5455.4,1,15.1,0.31,0
1158,M5,2025-12-13T02:00:00,56.3,1.98,2505.7,2,25.1,0.7,0
1159,M5,2025-12-13T08:00:00,65.5,1.28,2965.0,1,71.4,0.81,0
1160,M5,2025-12-13T14:00:00,66.6,3.22,1111.0,1,29.1,0.82,0
1161,M5,2025-12-13T20:00:00,78.5,2.33,2168.1,0,71.5,0.35,0
1162,M5,2025-12-14T02:00:00,57.3,2.43,504.2,1,68.2,0.81,0
1163,M5,2025-12-14T08:00:00,55.7,1.88,1521.0,2,53.5,0.42,0
1164,M5,2025-12-14T14:00:00,67.7,3.26,3873.7,3,89.4,0.51,1
1165,M5,2025-12-14T20:00:00,57.4,0.62,4596.5,0,49.3,0.5,0
1166,M5,2025-12-15T02:00:00,65.1,2.61,2020.1,3,89.5,0.55,1
1167,M5,2025-12-15T08:00:00,83.9,3.32,5664.0,4,60.0,0.98,1
1168,M5,2025-12-15T14:00:00,64.3,2.47,4249.6,0,27.2,0.78,0
1169,M5,2025-12-15T20:00:00,67.7,1.7,2974.0,2,38.3,0.61,0
1170,M5,2025-12-16T02:00:00,63.7,2.1,5086.5,1,34.3,0.92,0
1171,M5,2025-12-16T08:00:00,53.0,2.95,3580.2,2,37.2,0.43,0
1172,M5,2025-12-16T14:00:00,68.5,1.61,4419.4,1,77.8,0.67,0
1173,M5,2025-12-16T20:00:00,60.4,4.53,2166.7,2,42.8,0.59,1
1174,M5,2025-12-17T02:00:00,56.4,3.47,911.7,1,46.6,0.81,0
1175,M5,2025-12-17T08:00:00,72.9,2.07,3717.8,1,84.9,0.9,1
1176,M5,2025-12-17T14:00:00,56.7,0.78,1098.9,2,4.0,0.68,0
1177,M5,2025-12-17T20:00:00,60.5,1.91,1590.2,1,54.9,0.5,0
1178,M5,2025-12-18T02:00:00,66.9,2.56,5519.7,1,4.4,0.8,0
1179,M5,2025-12-18T08:00:00,69.9,2.97,973.0,1,38.7,0.6,0
1180,M5,2025-12-18T14:00:00,64.2,1.89,1007.8,0,68.6,0.31,0
1181,M5,2025-12-18T20:00:00,63.0,3.12,4654.0,3,65.5,0.71,0
1182,M5,2025-12-19T02:00:00,61.1,3.7,2486.1,0,36.9,0.63,0
1183,M5,2025-12-19T08:00:00,61.6,2.28,5810.7,0,53.7,0.51,0
1184,M5,2025-12-19T14:00:00,85.8,1.81,1368.5,1,34.1,0.91,1
1185,M5,2025-12-19T20:00:00,71.4,3.15,1992.3,0,9.2,0.98,0
1186,M5,2025-12-20T02:00:00,64.9,1.59,709.7,0,17.8,0.83,0
1187,M5,2025-12-20T08:00:00,67.0,2.05,2538.2,0,56.7,0.48,0
1188,M5,2025-12-20T14:00:00,80.3,2.63,4722.4,1,57.6,0.79,1
1189,M5,2025-12-20T20:00:00,58.0,0.96,2869.6,1,51.1,0.31,0
1190,M5,2025-12-21T02:00:00,63.9,1.93,578.7,1,33.6,0.84,0
1191,M5,2025-12-21T08:00:00,70.0,2.5,5134.3,0,49.5,0.32,1
1192,M5,2025-12-21T14:00:00,83.0,4.41,342.5,3,30.4,0.81,1
1193,M5,2025-12-21T20:00:00,65.4,1.85,3941.5,1,54.7,0.72,0
1194,M5,2025-12-22T02:00:00,55.6,0.86,5079.8,1,6.7,0.41,0
1195,M5,2025-12-22T08:00:00,61.5,4.43,5468.7,2,24.3,0.62,1
1196,M5,2025-12-22T14:00:00,65.8,2.39,2687.6,0,60.0,0.61,0
1197,M5,2025-12-22T20:00:00,52.4,3.11,3067.8,1,73.1,0.87,0
1198,M5,2025-12-23T02:00:00,71.8,1.26,1096.5,1,40.7,0.98,0
1199,M5,2025-12-23T08:00:00,55.5,2.54,5315.2,0,81.7,0.34,0
1200,M5,2025-12-23T14:00:00,60.0,2.54,490.8,0,53.0,0.7,0
1201,M5,2025-12-23T20:00:00,61.7,2.22,5883.0,1,87.6,0.96,0
1202,M5,2025-12-24T02:00:00,74.3,4.24,5575.1,1,88.7,0.89,1
1203,M5,2025-12-24T08:00:00,86.8,2.58,1876.4,1,15.3,0.82,0
1204,M5,2025-12-24T14:00:00,65.2,2.14,1482.5,0,84.2,0.59,0
1205,M5,2025-12-24T20:00:00,77.5,1.61,246.7,1,77.1,0.59,0
1206,M5,2025-12-25T02:00:00,69.6,1.48,4165.8,1,47.5,0.58,0
1207,M5,2025-12-25T08:00:00,63.7,3.8,5795.7,1,4.3,0.88,0
1208,M5,2025-12-25T14:00:00,54.4,3.53,165.9,2,75.4,0.75,0
1209,M5,2025-12-25T20:00:00,51.8,1.84,5047.4,1,37.4,0.37,0
1210,M5,2025-12-26T02:00:00,66.2,2.48,3285.4,0,18.4,0.79,0
1211,M5,2025-12-26T08:00:00,77.1,2.52,1886.5,3,42.3,0.77,0
1212,M5,2025-12-26T14:00:00,50.8,1.98,1538.7,0,6.7,0.33,0
1213,M5,2025-12-26T20:00:00,64.9,1.86,970.8,0,30.9,0.88,0
1214,M5,2025-12-27T02:00:00,58.2,2.26,2300.8,1,62.8,0.64,1
1215,M5,2025-12-27T08:00:00,67.1,2.57,4199.1,3,64.3,0.41,0
1216,M5,2025-12-27T14:00:00,68.4,2.31,427.6,2,9.6,0.56,0
1217,M5,2025-12-27T20:00:00,68.8,2.09,2609.6,1,12.3,0.31,0
1218,M5,2025-12-28T02:00:00,55.6,2.46,3222.1,1,60.5,0.87,0
1219,M5,2025-12-28T08:00:00,64.2,1.98,4002.2,2,84.6,0.75,1
1220,M5,2025-12-28T14:00:00,65.5,3.08,5210.4,0,29.4,0.46,0
1221,M5,2025-12-28T20:00:00,64.0,2.49,3157.9,2,9.6,0.32,0
1222,M5,2025-12-29T02:00:00,82.2,2.84,2780.4,1,47.1,0.38,0
1223,M5,2025-12-29T08:00:00,55.4,3.33,4353.9,2,80.2,0.92,0
1224,M5,2025-12-29T14:00:00,50.2,2.2,3123.7,1,70.5,0.87,0
1225,M5,2025-12-29T20:00:00,63.5,2.1,5498.6,0,28.0,0.77,0
1226,M5,2025-12-30T02:00:00,63.6,4.77,605.9,2,34.3,0.55,1
1227,M5,2025-12-30T08:00:00,64.0,2.77,2784.9,3,11.1,0.59,0
1228,M5,2025-12-30T14:00:00,68.4,1.18,2403.0,2,64.0,0.87,0
1229,M5,2025-12-30T20:00:00,47.2,2.41,235.6,4,3.8,0.39,0
1230,M5,2025-12-31T02:00:00,61.1,3.35,1194.7,1,21.2,0.86,0
1231,M5,2025-12-31T08:00:00,71.2,3.06,4925.7,1,75.1,0.71,1
1232,M5,2025-12-31T14:00:00,64.7,1.12,4802.7,2,80.1,0.4,0
1233,M5,2025-12-31T20:00:00,77.5,2.2,3299.1,2,15.6,0.41,0
1234,M5,2026-01-01T02:00:00,72.4,1.48,2403.0,2,13.0,0.73,0
1235,M5,2026-01-01T08:00:00,61.9,3.44,812.6,1,21.7,0.98,0
1236,M5,2026-01-01T14:00:00,81.2,2.73,5292.3,2,78.8,0.93,1
1237,M5,2026-01-01T20:00:00,73.7,2.38,1308.8,1,44.8,0.92,0
1238,M5,2026-01-02T02:00:00,63.3,3.22,3250.8,2,24.8,0.54,0
1239,M5,2026-01-02T08:00:00,54.3,3.26,5840.1,2,56.6,0.75,0
1240,M5,2026-01-02T14:00:00,68.5,3.74,3098.0,2,27.1,0.67,0
1241,M5,2026-01-02T20:00:00,66.3,2.85,5433.8,4,6.9,0.42,1
1242,M5,2026-01-03T02:00:00,67.3,1.98,599.8,1,81.1,0.49,0
1243,M5,2026-01-03T08:00:00,64.6,3.15,3111.1,0,66.9,0.32,0
1244,M5,2026-01-03T14:00:00,54.3,3.53,2734.8,0,25.5,0.73,0
1245,M5,2026-01-03T20:00:00,60.2,1.83,4480.1,3,52.7,0.85,0
1246,M5,2026-01-04T02:00:00,71.1,2.6,1917.8,1,84.2,0.54,0
1247,M5,2026-01-04T08:00:00,65.0,3.37,4357.6,1,8.7,0.87,0
1248,M5,2026-01-04T14:00:00,66.6,3.07,5398.2,0,89.8,0.3,0
1249,M5,2026-01-04T20:00:00,59.9,2.74,2094.8,2,54.0,0.75,0
1250,M5,2026-01-05T02:00:00,69.2,3.68,1169.4,0,75.9,0.58,0
1251,M6,2025-11-03T20:00:00,51.5,4.09,160.6,0,73.1,0.39,0
1252,M6,2025-11-04T02:00:00,48.6,2.58,397.1,1,56.3,0.89,0
1253,M6,2025-11-04T08:00:00,69.1,2.66,4791.5,1,7.2,0.85,0
1254,M6,2025-11-04T14:00:00,61.3,3.67,4637.5,4,84.0,0.35,0
1255,M6,2025-11-04T20:00:00,72.9,0.98,2286.4,1,45.5,0.4,0
1256,M6,2025-11-05T02:00:00,51.0,3.08,3526.6,3,45.2,0.63,1
1257,M6,2025-11-05T08:00:00,64.1,3.65,5861.0,0,65.7,0.5,0
1258,M6,2025-11-05T14:00:00,60.4,2.25,229.5,1,1.3,0.98,0
1259,M6,2025-11-05T20:00:00,66.2,1.62,1029.5,1,33.4,0.47,0
1260,M6,2025-11-06T02:00:00,73.4,3.26,2920.4,1,77.0,0.97,1
1261,M6,2025-11-06T08:00:00,54.5,1.88,2661.4,2,16.1,0.56,0
1262,M6,2025-11-06T14:00:00,53.7,1.34,3338.0,1,39.5,0.31,0
1263,M6,2025-11-06T20:00:00,62.6,2.05,2342.9,1,63.3,0.64,0
1264,M6,2025-11-07T02:00:00,59.2,1.51,2239.3,0,57.9,0.93,0
1265,M6,2025-11-07T08:00:00,68.5,2.13,3451.4,4,84.4,0.79,1
1266,M6,2025-11-07T14:00:00,71.9,0.49,3180.5,0,56.5,0.62,0
1267,M6,2025-11-07T20:00:00,67.8,2.5,1985.2,3,53.3,0.95,0
1268,M6,2025-11-08T02:00:00,54.8,1.79,5284.8,1,47.1,0.43,0
1269,M6,2025-11-08T08:00:00,54.4,3.39,3721.4,5,14.2,0.33,0
1270,M6,2025-11-08T14:00:00,57.7,1.81,5128.8,2,57.6,0.32,0
1271,M6,2025-11-08T20:00:00,61.1,2.44,3636.9,2,73.3,0.43,0
1272,M6,2025-11-09T02:00:00,60.6,3.1,5416.4,0,66.4,0.91,0
1273,M6,2025-11-09T08:00:00,63.8,2.06,3043.8,2,89.6,0.62,0
1274,M6,2025-11-09T14:00:00,51.3,2.17,1768.2,1,14.8,0.48,0
1275,M6,2025-11-09T20:00:00,57.2,2.73,4717.6,3,40.4,0.49,0
1276,M6,2025-11-10T02:00:00,68.0,3.5,1048.6,3,49.6,0.58,0
1277,M6,2025-11-10T08:00:00,66.7,2.88,1516.5,1,11.2,0.88,0
1278,M6,2025-11-10T14:00:00,46.9,2.88,373.8,0,68.5,0.46,0
1279,M6,2025-11-10T20:00:00,62.6,2.86,5252.4,3,8.6,0.72,1
1280,M6,2025-11-11T02:00:00,69.7,0.61,4083.7,0,12.4,0.55,0
1281,M6,2025-11-11T08:00:00,70.4,2.93,3983.0,2,57.4,0.59,1
1282,M6,2025-11-11T14:00:00,62.3,2.53,1093.1,1,66.0,0.33,0
1283,M6,2025-11-11T20:00:00,72.7,2.63,886.8,4,49.2,0.76,0
1284,M6,2025-11-12T02:00:00,70.1,2.94,3682.0,1,41.7,0.43,0
1285,M6,2025-11-12T08:00:00,50.3,1.62,470.9,0,28.8,0.85,0
1286,M6,2025-11-12T14:00:00,55.1,2.8,5954.0,3,46.2,0.9,1
1287,M6,2025-11-12T20:00:00,64.9,1.7,5097.4,2,41.9,0.97,0
1288,M6,2025-11-13T02:00:00,74.3,3.56,1659.9,0,86.2,0.69,0
1289,M6,2025-11-13T08:00:00,77.0,3.72,2880.9,1,40.8,0.88,0
1290,M6,2025-11-13T14:00:00,56.1,2.1,212.2,1,55.4,0.96,0
1291,M6,2025-11-13T20:00:00,56.1,3.37,3056.9,1,27.3,0.87,0
1292,M6,2025-11-14T02:00:00,74.3,1.5,1868.5,3,61.3,0.6,0
1293,M6,2025-11-14T08:00:00,61.9,2.96,2071.1,1,0.1,0.84,0
1294,M6,2025-11-14T14:00:00,64.8,3.65,2119.2,3,16.5,0.89,1
1295,M6,2025-11-14T20:00:00,56.6,2.52,4667.0,2,70.7,0.37,0
1296,M6,2025-11-15T02:00:00,52.1,3.62,2340.0,2,39.0,0.59,0
1297,M6,2025-11-15T08:00:00,57.0,2.55,1964.7,1,52.7,0.74,0
1298,M6,2025-11-15T14:00:00,75.2,1.88,678.4,4,83.6,0.77,0
1299,M6,2025-11-15T20:00:00,57.9,1.46,4820.2,0,48.7,0.35,0
1300,M6,2025-11-16T02:00:00,80.6,2.53,5345.4,4,78.1,0.83,0
1301,M6,2025-11-16T08:00:00,63.5,2.7,3927.4,2,22.4,0.65,0
1302,M6,2025-11-16T14:00:00,55.9,2.66,962.8,3,25.7,0.31,1
1303,M6,2025-11-16T20:00:00,61.0,2.22,635.9,2,75.5,0.66,0
1304,M6,2025-11-17T02:00:00,56.8,1.95,3396.9,2,77.3,0.75,0
1305,M6,2025-11-17T08:00:00,58.0,2.37,3844.8,1,36.6,0.5,0
1306,M6,2025-11-17T14:00:00,61.8,1.96,568.8,1,47.5,0.38,0
1307,M6,2025-11-17T20:00:00,67.4,1.5,3937.6,1,81.7,0.32,0
1308,M6,2025-11-18T02:00:00,64.2,2.63,2779.2,4,44.1,0.97,1
1309,M6,2025-11-18T08:00:00,58.7,3.62,5725.5,0,52.0,0.89,1
1310,M6,2025-11-18T14:00:00,73.5,2.44,864.7,2,10.9,0.71,1
1311,M6,2025-11-18T20:00:00,64.7,3.7,2546.3,1,27.1,0.87,1
1312,M6,2025-11-19T02:00:00,69.3,2.99,1559.6,2,39.2,0.31,0
1313,M6,2025-11-19T08:00:00,57.7,1.83,622.5,4,37.5,0.57,0
1314,M6,2025-11-19T14:00:00,74.1,2.07,2924.5,3,52.5,0.6,1
1315,M6,2025-11-19T20:00:00,61.4,3.07,2214.8,1,32.7,0.47,0
1316,M6,2025-11-20T02:00:00,66.8,2.9,5951.8,1,74.6,0.83,0
1317,M6,2025-11-20T08:00:00,50.9,2.92,834.7,3,0.7,0.53,0
1318,M6,2025-11-20T14:00:00,76.9,1.96,471.6,1,29.9,0.89,0
1319,M6,2025-11-20T20:00:00,67.0,2.78,5209.9,0,8.8,0.74,0
1320,M6,2025-11-21T02:00:00,57.6,2.15,4435.7,1,2.2,0.48,0
1321,M6,2025-11-21T08:00:00,63.6,2.0,5167.6,0,73.7,0.9,0
1322,M6,2025-11-21T14:00:00,51.1,3.24,204.8,2,80.9,0.81,0
1323,M6,2025-11-21T20:00:00,58.5,2.51,5909.4,3,82.1,0.78,0
1324,M6,2025-11-22T02:00:00,59.7,2.27,444.5,1,19.8,0.41,0
1325,M6,2025-11-22T08:00:00,68.7,1.19,2208.7,6,27.2,0.62,0
1326,M6,2025-11-22T14:00:00,69.2,2.75,3802.8,1,29.1,0.69,1
1327,M6,2025-11-22T20:00:00,68.7,0.41,622.2,1,50.6,0.47,0
1328,M6,2025-11-23T02:00:00,56.9,2.35,3489.2,0,49.7,0.59,1
1329,M6,2025-11-23T08:00:00,75.2,2.89,5571.3,2,67.7,0.68,0
1330,M6,2025-11-23T14:00:00,57.3,2.48,4908.0,1,61.5,0.67,0
1331,M6,2025-11-23T20:00:00,63.9,2.17,1330.5,1,60.7,0.85,0
1332,M6,2025-11-24T02:00:00,65.8,2.59,5935.2,1,2.4,0.87,0
1333,M6,2025-11-24T08:00:00,63.4,3.59,4243.9,0,80.9,0.48,1
1334,M6,2025-11-24T14:00:00,53.2,3.19,2398.4,3,35.8,0.66,0
1335,M6,2025-11-24T20:00:00,60.7,1.84,632.3,0,22.5,0.76,0
1336,M6,2025-11-25T02:00:00,64.1,4.15,2145.3,0,59.0,0.75,1
1337,M6,2025-11-25T08:00:00,55.9,3.33,5941.2,3,34.2,0.96,0
1338,M6,2025-11-25T14:00:00,58.0,4.24,5839.6,0,31.2,0.59,0
1339,M6,2025-11-25T20:00:00,59.6,2.74,1098.5,2,67.4,0.63,0
1340,M6,2025-11-26T02:00:00,74.5,3.98,3670.3,1,48.2,0.66,0
1341,M6,2025-11-26T08:00:00,74.3,3.38,5869.7,0,89.9,0.8,1
1342,M6,2025-11-26T14:00:00,77.6,0.32,5469.4,3,89.9,0.31,0
1343,M6,2025-11-26T20:00:00,50.5,2.93,4441.1,1,21.3,0.37,0
1344,M6,2025-11-27T02:00:00,64.7,1.31,765.0,4,65.8,0.48,0
1345,M6,2025-11-27T08:00:00,66.2,4.14,1905.6,3,62.0,0.3,1
1346,M6,2025-11-27T14:00:00,71.3,2.17,2185.0,0,2.1,0.4,0
1347,M6,2025-11-27T20:00:00,40.6,2.68,599.4,2,26.1,0.44,0
1348,M6,2025-11-28T02:00:00,57.6,3.12,420.6,0,56.7,0.36,0
1349,M6,2025-11-28T08:00:00,73.7,2.95,839.6,1,75.2,0.63,0
1350,M6,2025-11-28T14:00:00,74.5,1.71,3756.8,4,16.4,0.95,0
1351,M6,2025-11-28T20:00:00,56.0,3.66,5777.2,0,53.1,0.65,1
1352,M6,2025-11-29T02:00:00,55.3,3.21,458.8,6,23.1,0.9,0
1353,M6,2025-11-29T08:00:00,70.8,1.56,1903.3,1,47.9,0.55,0
1354,M6,2025-11-29T14:00:00,68.4,3.44,4099.7,2,86.6,0.89,0
1355,M6,2025-11-29T20:00:00,66.4,3.29,3242.7,1,19.3,0.32,0
1356,M6,2025-11-30T02:00:00,64.2,2.74,3248.2,3,41.9,0.4,0
1357,M6,2025-11-30T08:00:00,65.8,2.82,4305.6,1,81.1,0.78,1
1358,M6,2025-11-30T14:00:00,64.1,2.66,5000.5,1,18.2,0.51,0
1359,M6,2025-11-30T20:00:00,77.8,1.01,1645.4,1,33.5,0.77,0
1360,M6,2025-12-01T02:00:00,69.7,3.98,5351.2,1,84.1,0.8,0
1361,M6,2025-12-01T08:00:00,79.4,2.22,4814.7,2,32.0,0.81,0
1362,M6,2025-12-01T14:00:00,55.8,1.75,4426.8,1,55.7,0.68,0
1363,M6,2025-12-01T20:00:00,68.3,1.21,210.4,0,30.3,0.72,0
1364,M6,2025-12-02T02:00:00,70.3,3.63,4400.2,2,36.1,0.62,0
1365,M6,2025-12-02T08:00:00,56.4,3.28,3190.2,1,87.4,0.99,0
1366,M6,2025-12-02T14:00:00,53.3,2.34,191.5,3,43.9,0.65,0
1367,M6,2025-12-02T20:00:00,71.4,2.94,2687.3,0,59.9,0.32,0
1368,M6,2025-12-03T02:00:00,53.9,0.2,3350.2,2,87.3,0.46,0
1369,M6,2025-12-03T08:00:00,82.4,2.93,5120.3,2,76.6,0.51,1
1370,M6,2025-12-03T14:00:00,45.6,2.26,3416.6,1,36.5,0.79,0
1371,M6,2025-12-03T20:00:00,65.5,1.87,257.2,0,10.7,0.67,0
1372,M6,2025-12-04T02:00:00,66.6,2.15,3104.3,3,46.3,0.48,0
1373,M6,2025-12-04T08:00:00,57.6,1.85,4328.0,2,1.9,0.94,0
1374,M6,2025-12-04T14:00:00,65.6,1.3,1917.8,3,83.1,0.42,0
1375,M6,2025-12-04T20:00:00,72.8,1.52,3115.3,1,6.9,0.41,0
1376,M6,2025-12-05T02:00:00,57.8,2.3,2613.7,2,35.7,0.84,0
1377,M6,2025-12-05T08:00:00,83.0,2.17,4766.6,4,17.6,0.87,1
1378,M6,2025-12-05T14:00:00,68.6,3.16,2452.4,1,42.8,0.76,0
1379,M6,2025-12-05T20:00:00,80.0,2.95,1723.9,0,19.4,0.86,0
1380,M6,2025-12-06T02:00:00,63.1,3.37,4126.6,2,67.1,0.92,0
1381,M6,2025-12-06T08:00:00,58.5,1.03,2580.7,1,27.9,0.77,0
1382,M6,2025-12-06T14:00:00,71.9,1.72,1399.9,7,9.5,0.45,0
1383,M6,2025-12-06T20:00:00,64.7,3.47,1439.6,0,21.2,0.33,0
1384,M6,2025-12-07T02:00:00,54.2,2.09,4826.8,2,12.2,0.34,0
1385,M6,2025-12-07T08:00:00,75.1,2.85,4112.0,1,20.6,0.83,0
1386,M6,2025-12-07T14:00:00,67.2,2.4,646.7,1,76.2,0.83,1
1387,M6,2025-12-07T20:00:00,57.7,1.75,5128.7,2,53.1,0.72,0
1388,M6,2025-12-08T02:00:00,75.9,3.16,2628.1,2,85.0,0.7,1
1389,M6,2025-12-08T08:00:00,54.1,2.47,5477.8,1,82.8,0.56,0
1390,M6,2025-12-08T14:00:00,56.8,1.44,5790.0,2,12.1,0.47,0
1391,M6,2025-12-08T20:00:00,71.6,2.21,2519.2,2,74.8,0.49,1
1392,M6,2025-12-09T02:00:00,53.5,1.96,3325.4,0,70.7,0.71,0
1393,M6,2025-12-09T08:00:00,66.1,2.22,4332.9,1,24.4,0.77,0
1394,M6,2025-12-09T14:00:00,60.8,2.53,5883.2,1,42.3,0.8,0
1395,M6,2025-12-09T20:00:00,54.3,3.76,2814.8,2,32.7,0.66,0
1396,M6,2025-12-10T02:00:00,70.3,2.53,2162.3,0,19.8,0.44,0
1397,M6,2025-12-10T08:00:00,60.4,1.98,2383.6,5,20.2,0.65,0
1398,M6,2025-12-10T14:00:00,59.8,2.75,5876.6,0,45.9,0.81,0
1399,M6,2025-12-10T20:00:00,43.7,1.99,5895.7,4,23.0,0.36,0
1400,M6,2025-12-11T02:00:00,72.4,2.26,2821.4,2,56.6,0.66,0
1401,M6,2025-12-11T08:00:00,71.0,0.81,2548.6,2,76.3,0.73,1
1402,M6,2025-12-11T14:00:00,77.1,3.14,987.2,1,56.5,0.68,0
1403,M6,2025-12-11T20:00:00,66.4,2.64,5601.5,1,82.2,0.87,1
1404,M6,2025-12-12T02:00:00,70.9,1.84,4407.3,1,20.8,0.62,0
1405,M6,2025-12-12T08:00:00,64.1,2.58,3757.9,1,47.6,0.56,0
1406,M6,2025-12-12T14:00:00,65.0,2.2,2166.2,1,55.6,0.32,0
1407,M6,2025-12-12T20:00:00,63.4,2.25,5580.6,0,70.0,0.88,1
1408,M6,2025-12-13T02:00:00,73.6,0.23,3256.1,1,2.3,0.61,0
1409,M6,2025-12-13T08:00:00,71.7,2.74,1655.5,0,84.2,0.46,0
1410,M6,2025-12-13T14:00:00,71.5,2.65,1422.9,1,81.7,0.68,1
1411,M6,2025-12-13T20:00:00,65.0,2.36,4105.8,3,39.0,0.58,0
1412,M6,2025-12-14T02:00:00,66.2,1.65,5927.8,1,88.2,0.85,1
1413,M6,2025-12-14T08:00:00,63.5,3.53,3809.7,2,65.8,0.69,1
1414,M6,2025-12-14T14:00:00,68.5,3.95,5032.4,0,40.1,0.33,0
1415,M6,2025-12-14T20:00:00,84.1,2.42,2463.6,1,8.2,0.36,0
1416,M6,2025-12-15T02:00:00,66.4,1.9,4584.3,0,31.8,0.76,0
1417,M6,2025-12-15T08:00:00,56.9,2.46,2829.8,0,24.8,0.95,0
1418,M6,2025-12-15T14:00:00,59.1,0.52,770.6,3,73.7,0.39,0
1419,M6,2025-12-15T20:00:00,62.9,1.5,5862.8,2,48.0,0.73,1
1420,M6,2025-12-16T02:00:00,80.9,2.2,5522.5,3,7.9,0.54,0
1421,M6,2025-12-16T08:00:00,45.7,1.01,4227.4,1,71.5,0.54,0
1422,M6,2025-12-16T14:00:00,74.1,1.01,3969.1,1,37.6,0.57,0
1423,M6,2025-12-16T20:00:00,76.2,1.96,704.6,1,54.2,0.6,0
1424,M6,2025-12-17T02:00:00,71.8,0.8,1164.1,0,69.6,0.39,0
1425,M6,2025-12-17T08:00:00,75.2,2.92,5526.9,2,44.8,0.65,1
1426,M6,2025-12-17T14:00:00,64.0,2.53,932.0,1,79.0,0.46,0
1427,M6,2025-12-17T20:00:00,76.2,2.66,3934.2,0,82.8,0.95,1
1428,M6,2025-12-18T02:00:00,75.1,3.7,5477.5,0,67.6,0.5,0
1429,M6,2025-12-18T08:00:00,61.1,2.9,4057.6,0,21.3,0.63,0
1430,M6,2025-12-18T14:00:00,72.0,2.65,5568.4,0,77.2,0.93,0
1431,M6,2025-12-18T20:00:00,75.6,2.85,4225.8,0,24.7,0.7,0
1432,M6,2025-12-19T02:00:00,71.1,1.92,5149.6,2,43.1,0.64,0
1433,M6,2025-12-19T08:00:00,60.9,1.54,5743.1,3,42.8,0.97,0
1434,M6,2025-12-19T14:00:00,64.9,2.15,2963.9,5,67.6,0.54,0
1435,M6,2025-12-19T20:00:00,66.4,2.82,2954.9,0,54.1,0.78,0
1436,M6,2025-12-20T02:00:00,68.5,3.36,583.5,3,68.0,0.49,0
1437,M6,2025-12-20T08:00:00,73.9,1.28,1170.1,3,79.2,0.61,1
1438,M6,2025-12-20T14:00:00,62.4,2.92,3601.1,2,44.2,0.6,0
1439,M6,2025-12-20T20:00:00,64.5,3.82,1987.0,1,61.6,0.53,0
1440,M6,2025-12-21T02:00:00,54.7,2.48,4237.2,3,18.1,0.61,0
1441,M6,2025-12-21T08:00:00,54.4,1.72,4025.0,2,79.1,0.81,0
1442,M6,2025-12-21T14:00:00,64.8,2.76,184.8,1,20.4,0.49,0
1443,M6,2025-12-21T20:00:00,59.5,3.15,4509.3,3,14.2,0.48,0
1444,M6,2025-12-22T02:00:00,80.6,2.34,2531.0,1,89.5,0.89,1
1445,M6,2025-12-22T08:00:00,62.7,0.98,5621.2,1,88.9,0.76,0
1446,M6,2025-12-22T14:00:00,63.0,3.22,3389.1,2,38.6,0.76,0
1447,M6,2025-12-22T20:00:00,77.6,1.79,1993.8,1,10.8,0.71,0
1448,M6,2025-12-23T02:00:00,75.4,1.94,3022.9,0,54.6,0.5,0
1449,M6,2025-12-23T08:00:00,66.5,2.62,5122.0,2,27.3,0.8,0
1450,M6,2025-12-23T14:00:00,62.4,3.34,774.1,0,57.4,0.74,0
1451,M6,2025-12-23T20:00:00,62.2,2.22,513.4,1,69.1,0.77,0
1452,M6,2025-12-24T02:00:00,65.2,2.4,3075.1,0,5.4,0.65,0
1453,M6,2025-12-24T08:00:00,63.1,3.37,3901.7,0,63.9,0.36,0
1454,M6,2025-12-24T14:00:00,72.7,3.39,4509.7,1,43.8,0.54,1
1455,M6,2025-12-24T20:00:00,74.6,1.63,2874.7,5,63.9,0.84,0
1456,M6,2025-12-25T02:00:00,65.0,2.82,2889.8,2,16.4,0.69,1
1457,M6,2025-12-25T08:00:00,62.7,4.48,3783.4,0,51.7,0.76,0
1458,M6,2025-12-25T14:00:00,61.8,2.5,5984.4,2,47.6,0.91,0
1459,M6,2025-12-25T20:00:00,65.9,3.68,4306.9,0,3.3,0.41,0
1460,M6,2025-12-26T02:00:00,57.3,1.18,4724.9,0,72.3,0.95,0
1461,M6,2025-12-26T08:00:00,62.9,4.94,5224.3,1,60.6,0.87,1
1462,M6,2025-12-26T14:00:00,60.3,4.9,1313.2,1,75.6,0.79,1
1463,M6,2025-12-26T20:00:00,50.7,2.4,1494.0,3,42.7,0.99,0
1464,M6,2025-12-27T02:00:00,58.1,2.55,2586.5,1,66.2,0.78,0
1465,M6,2025-12-27T08:00:00,77.0,2.09,4640.1,0,36.4,0.58,0
1466,M6,2025-12-27T14:00:00,59.9,2.77,2376.8,3,76.6,0.82,1
1467,M6,2025-12-27T20:00:00,72.7,1.45,4029.3,2,16.4,0.99,0
1468,M6,2025-12-28T02:00:00,61.5,2.65,1164.5,0,73.4,0.37,0
1469,M6,2025-12-28T08:00:00,60.0,2.84,2512.3,1,41.9,0.71,1
1470,M6,2025-12-28T14:00:00,74.8,2.52,1678.0,2,88.8,0.43,0
1471,M6,2025-12-28T20:00:00,78.1,1.09,2978.4,2,1.5,0.96,0
1472,M6,2025-12-29T02:00:00,60.4,2.53,673.5,0,10.1,0.67,0
1473,M6,2025-12-29T08:00:00,58.6,1.51,2643.3,1,8.6,0.31,0
1474,M6,2025-12-29T14:00:00,66.8,1.71,2427.9,1,17.2,0.65,0
1475,M6,2025-12-29T20:00:00,58.3,1.83,417.9,1,16.5,0.91,0
1476,M6,2025-12-30T02:00:00,52.6,2.58,1638.4,1,34.7,0.7,0
1477,M6,2025-12-30T08:00:00,82.1,2.49,3379.6,5,49.0,0.72,0
1478,M6,2025-12-30T14:00:00,76.3,2.82,2976.0,3,39.9,0.59,0
1479,M6,2025-12-30T20:00:00,70.0,3.8,5472.9,2,9.5,0.4,1
1480,M6,2025-12-31T02:00:00,69.2,2.07,3984.9,4,62.5,0.93,0
1481,M6,2025-12-31T08:00:00,77.5,0.2,3072.8,1,40.7,0.48,1
1482,M6,2025-12-31T14:00:00,60.2,1.33,5306.8,4,42.7,0.48,0
1483,M6,2025-12-31T20:00:00,67.8,4.06,1114.7,0,31.6,0.45,0
1484,M6,2026-01-01T02:00:00,55.3,1.47,3892.2,1,35.5,0.5,0
1485,M6,2026-01-01T08:00:00,70.5,2.61,3765.8,2,32.3,0.56,0
1486,M6,2026-01-01T14:00:00,56.7,4.66,4538.2,2,40.5,0.72,0
1487,M6,2026-01-01T20:00:00,62.7,1.76,2328.0,3,1.0,0.83,0
1488,M6,2026-01-02T02:00:00,56.2,2.19,5451.6,1,27.5,0.8,0
1489,M6,2026-01-02T08:00:00,77.4,2.54,2354.5,2,12.5,0.81,0
1490,M6,2026-01-02T14:00:00,72.6,2.98,1426.6,1,84.4,0.75,0
1491,M6,2026-01-02T20:00:00,66.1,3.46,5402.2,2,51.9,0.65,1
1492,M6,2026-01-03T02:00:00,69.7,3.24,2854.6,0,57.5,0.85,0
1493,M6,2026-01-03T08:00:00,51.9,2.52,5251.2,4,74.6,0.89,0
1494,M6,2026-01-03T14:00:00,74.4,2.07,1388.4,0,58.8,0.77,0
1495,M6,2026-01-03T20:00:00,60.4,1.19,1528.0,0,13.3,0.74,0
1496,M6,2026-01-04T02:00:00,67.0,1.42,4902.8,1,65.3,0.99,0
1497,M6,2026-01-04T08:00:00,64.6,2.58,1309.7,0,2.9,0.81,0
1498,M6,2026-01-04T14:00:00,60.2,1.42,5094.9,1,39.9,0.43,0
1499,M6,2026-01-04T20:00:00,67.0,2.36,1388.1,1,85.0,0.75,0
1500,M6,2026-01-05T02:00:00,61.0,2.53,5392.5,0,60.3,0.46,0
1501,M7,2025-11-03T20:00:00,65.4,4.3,2629.3,3,45.7,0.78,1
1502,M7,2025-11-04T02:00:00,68.4,2.85,4376.5,2,41.4,0.42,0
1503,M7,2025-11-04T08:00:00,65.0,3.81,721.0,2,15.3,0.55,1
1504,M7,2025-11-04T14:00:00,59.3,2.52,5959.1,2,22.8,0.89,0
1505,M7,2025-11-04T20:00:00,62.1,2.47,1134.3,4,51.2,0.98,1
1506,M7,2025-11-05T02:00:00,60.4,4.02,2105.4,2,48.4,0.96,1
1507,M7,2025-11-05T08:00:00,70.8,1.91,2669.7,1,40.4,0.78,0
1508,M7,2025-11-05T14:00:00,64.2,1.58,5921.0,4,47.6,0.57,1
1509,M7,2025-11-05T20:00:00,71.2,3.49,3532.2,4,10.1,0.96,1
1510,M7,2025-11-06T02:00:00,75.6,2.8,1058.5,2,60.0,0.81,1
1511,M7,2025-11-06T08:00:00,49.0,1.93,5486.2,2,61.2,0.96,0
1512,M7,2025-11-06T14:00:00,61.6,3.73,2047.0,2,71.8,0.48,0
1513,M7,2025-11-06T20:00:00,63.0,3.26,3118.2,1,72.7,0.58,0
1514,M7,2025-11-07T02:00:00,70.0,3.09,1719.3,1,26.2,0.54,0
1515,M7,2025-11-07T08:00:00,60.2,4.09,3202.9,2,81.1,0.66,0
1516,M7,2025-11-07T14:00:00,58.2,1.63,4458.0,0,87.3,0.7,0
1517,M7,2025-11-07T20:00:00,61.1,1.97,501.8,2,14.3,0.37,0
1518,M7,2025-11-08T02:00:00,68.6,2.75,5752.4,0,17.8,0.46,0
1519,M7,2025-11-08T08:00:00,49.8,2.88,4915.5,0,82.5,0.94,0
1520,M7,2025-11-08T14:00:00,73.1,3.61,2204.8,1,44.6,0.88,0
1521,M7,2025-11-08T20:00:00,64.5,2.27,5863.4,0,29.7,0.41,0
1522,M7,2025-11-09T02:00:00,59.9,2.54,3711.8,1,77.8,0.8,1
1523,M7,2025-11-09T08:00:00,77.5,3.18,101.5,1,51.3,0.52,1
1524,M7,2025-11-09T14:00:00,54.2,1.86,2546.9,2,11.5,0.92,0
1525,M7,2025-11-09T20:00:00,78.9,3.2,4957.9,0,86.7,0.51,1
1526,M7,2025-11-10T02:00:00,63.8,2.87,2171.6,1,18.2,0.64,0
1527,M7,2025-11-10T08:00:00,74.2,2.86,2182.7,1,30.6,0.34,0
1528,M7,2025-11-10T14:00:00,70.8,2.15,348.9,0,25.6,0.61,0
1529,M7,2025-11-10T20:00:00,73.8,1.58,2174.7,0,77.5,0.81,1
1530,M7,2025-11-11T02:00:00,57.0,3.87,2115.7,1,86.3,0.66,0
1531,M7,2025-11-11T08:00:00,65.1,0.88,5204.6,0,48.6,0.47,0
1532,M7,2025-11-11T14:00:00,73.2,1.52,4551.5,0,74.9,0.73,1
1533,M7,2025-11-11T20:00:00,72.5,2.99,269.7,1,8.0,0.31,0
1534,M7,2025-11-12T02:00:00,61.7,3.3,1380.3,1,79.9,0.84,0
1535,M7,2025-11-12T08:00:00,56.0,1.71,1196.5,1,57.9,0.33,0
1536,M7,2025-11-12T14:00:00,68.6,1.41,5873.8,0,10.6,0.45,0
1537,M7,2025-11-12T20:00:00,70.3,3.0,5232.3,2,83.5,0.68,1
1538,M7,2025-11-13T02:00:00,54.3,2.39,1017.5,1,16.9,0.49,0
1539,M7,2025-11-13T08:00:00,58.6,3.08,2386.2,1,41.4,0.35,0
1540,M7,2025-11-13T14:00:00,68.2,1.16,4951.1,0,14.2,0.3,0
1541,M7,2025-11-13T20:00:00,75.8,2.07,4171.8,0,37.7,0.98,0
1542,M7,2025-11-14T02:00:00,62.6,2.14,1637.3,1,20.4,0.71,0
1543,M7,2025-11-14T08:00:00,66.7,2.8,119.9,2,87.1,0.78,1
1544,M7,2025-11-14T14:00:00,54.3,2.57,4146.9,3,56.3,0.61,0
1545,M7,2025-11-14T20:00:00,64.6,2.29,3819.3,0,74.7,0.54,0
1546,M7,2025-11-15T02:00:00,59.6,2.58,4170.8,0,30.4,0.83,0
1547,M7,2025-11-15T08:00:00,66.2,2.1,2337.4,1,5.0,0.32,0
1548,M7,2025-11-15T14:00:00,64.3,3.49,5367.2,0,63.0,0.85,0
1549,M7,2025-11-15T20:00:00,52.3,3.36,2801.0,3,14.4,0.7,0
1550,M7,2025-11-16T02:00:00,59.7,2.53,1444.3,3,15.1,0.79,0
1551,M7,2025-11-16T08:00:00,66.0,1.64,1622.1,1,85.1,0.86,0
1552,M7,2025-11-16T14:00:00,45.6,1.06,4489.4,3,8.2,0.43,0
1553,M7,2025-11-16T20:00:00,66.9,2.66,249.7,1,48.1,0.56,1
1554,M7,2025-11-17T02:00:00,60.7,3.25,3662.5,3,47.1,0.42,0
1555,M7,2025-11-17T08:00:00,65.5,3.28,1304.5,1,57.6,0.79,0
1556,M7,2025-11-17T14:00:00,71.0,2.23,4554.7,2,20.0,0.73,0
1557,M7,2025-11-17T20:00:00,66.1,2.2,654.7,2,8.1,0.65,0
1558,M7,2025-11-18T02:00:00,62.1,3.64,1801.1,1,57.8,0.75,0
1559,M7,2025-11-18T08:00:00,70.8,3.22,166.6,0,19.8,0.98,0
1560,M7,2025-11-18T14:00:00,63.3,3.49,4046.0,2,87.9,0.83,1
1561,M7,2025-11-18T20:00:00,63.7,2.22,5475.8,1,27.9,0.56,0
1562,M7,2025-11-19T02:00:00,68.0,2.96,2876.4,2,41.7,0.86,0
1563,M7,2025-11-19T08:00:00,62.1,3.42,145.0,2,10.3,0.66,0
1564,M7,2025-11-19T14:00:00,76.5,1.11,1790.8,2,75.1,0.73,0
1565,M7,2025-11-19T20:00:00,52.0,1.57,3886.6,1,48.7,0.48,0
1566,M7,2025-11-20T02:00:00,67.7,2.05,285.1,2,62.9,0.83,0
1567,M7,2025-11-20T08:00:00,50.4,3.57,4390.9,0,12.3,0.62,0
1568,M7,2025-11-20T14:00:00,64.8,1.26,3884.1,1,32.2,0.35,0
1569,M7,2025-11-20T20:00:00,46.1,3.3,1360.7,1,49.1,0.99,0
1570,M7,2025-11-21T02:00:00,68.3,2.21,5246.3,1,55.3,0.81,1
1571,M7,2025-11-21T08:00:00,50.1,1.95,4154.7,0,14.5,0.82,0
1572,M7,2025-11-21T14:00:00,73.7,3.7,1453.0,4,19.4,0.39,1
1573,M7,2025-11-21T20:00:00,70.1,2.41,5312.3,1,47.5,0.45,0
1574,M7,2025-11-22T02:00:00,70.8,3.29,1820.4,1,42.2,0.53,0
1575,M7,2025-11-22T08:00:00,64.4,2.66,5954.8,1,72.0,0.69,0
1576,M7,2025-11-22T14:00:00,59.7,2.92,1086.8,1,42.3,0.98,0
1577,M7,2025-11-22T20:00:00,57.4,2.82,5674.6,2,18.8,0.61,0
1578,M7,2025-11-23T02:00:00,74.7,1.7,3357.6,1,54.9,0.49,0
1579,M7,2025-11-23T08:00:00,81.5,1.99,5139.5,0,73.8,0.9,0
1580,M7,2025-11-23T14:00:00,73.0,1.44,514.5,0,17.7,0.61,0
1581,M7,2025-11-23T20:00:00,70.1,2.61,5988.6,0,4.2,0.49,0
1582,M7,2025-11-24T02:00:00,46.5,3.01,3543.5,0,61.7,0.45,0
1583,M7,2025-11-24T08:00:00,68.9,2.73,3799.9,0,54.2,0.61,0
1584,M7,2025-11-24T14:00:00,61.6,3.87,1622.3,1,49.0,0.9,0
1585,M7,2025-11-24T20:00:00,53.6,2.85,5518.1,2,46.8,0.77,1
1586,M7,2025-11-25T02:00:00,67.7,2.67,5714.6,1,21.6,0.49,1
1587,M7,2025-11-25T08:00:00,65.0,1.49,1026.0,0,48.1,0.79,0
1588,M7,2025-11-25T14:00:00,71.4,1.7,3482.1,1,13.0,0.95,1
1589,M7,2025-11-25T20:00:00,67.6,2.9,5362.7,4,31.0,0.87,0
1590,M7,2025-11-26T02:00:00,65.4,1.73,3886.9,2,13.9,0.51,0
1591,M7,2025-11-26T08:00:00,74.2,2.08,4030.1,3,39.8,0.66,1
1592,M7,2025-11-26T14:00:00,75.0,2.5,1655.5,2,78.7,0.82,0
1593,M7,2025-11-26T20:00:00,79.1,3.31,4226.0,1,11.2,0.98,1
1594,M7,2025-11-27T02:00:00,61.7,2.74,2437.1,2,31.4,0.65,0
1595,M7,2025-11-27T08:00:00,64.2,3.17,2337.1,1,20.2,0.83,0
1596,M7,2025-11-27T14:00:00,61.0,2.95,5789.1,1,59.7,0.55,0
1597,M7,2025-11-27T20:00:00,68.8,2.85,4034.6,0,23.5,0.92,0
1598,M7,2025-11-28T02:00:00,62.9,2.77,3619.7,2,66.8,0.93,1
1599,M7,2025-11-28T08:00:00,65.7,2.47,1461.5,0,18.3,0.44,0
1600,M7,2025-11-28T14:00:00,80.5,1.82,3305.7,0,60.6,0.62,0
1601,M7,2025-11-28T20:00:00,72.0,1.93,1280.3,4,1.8,0.83,0
1602,M7,2025-11-29T02:00:00,57.0,2.07,872.2,0,41.5,0.34,0
1603,M7,2025-11-29T08:00:00,76.6,1.68,5681.6,0,3.2,0.4,0
1604,M7,2025-11-29T14:00:00,68.3,2.57,4185.0,2,67.8,0.84,1
1605,M7,2025-11-29T20:00:00,80.4,1.91,3834.0,1,23.5,0.73,0
1606,M7,2025-11-30T02:00:00,65.4,2.58,4818.6,2,24.9,0.7,1
1607,M7,2025-11-30T08:00:00,68.5,3.14,5535.7,4,43.1,0.82,0
1608,M7,2025-11-30T14:00:00,75.9,4.33,4663.7,1,26.8,0.34,1
1609,M7,2025-11-30T20:00:00,71.3,1.83,5416.9,0,4.6,0.64,0
1610,M7,2025-12-01T02:00:00,82.3,2.94,3211.0,1,13.3,0.32,1
1611,M7,2025-12-01T08:00:00,57.5,2.32,2746.2,2,78.4,0.82,0
1612,M7,2025-12-01T14:00:00,69.8,2.51,3289.0,2,11.5,0.98,0
1613,M7,2025-12-01T20:00:00,57.5,2.53,3602.2,0,16.5,0.97,1
1614,M7,2025-12-02T02:00:00,69.1,1.79,1379.7,0,50.1,0.79,0
1615,M7,2025-12-02T08:00:00,68.0,1.7,3776.2,2,46.0,0.39,0
1616,M7,2025-12-02T14:00:00,55.5,2.54,1911.4,0,51.3,0.89,0
1617,M7,2025-12-02T20:00:00,71.6,1.79,5463.4,1,79.7,0.43,0
1618,M7,2025-12-03T02:00:00,69.9,2.58,5915.1,3,15.6,0.88,1
1619,M7,2025-12-03T08:00:00,71.6,2.28,1777.8,1,21.9,0.38,1
1620,M7,2025-12-03T14:00:00,67.3,2.24,1055.5,0,25.1,0.55,0
1621,M7,2025-12-03T20:00:00,72.8,1.37,1685.6,2,7.4,0.56,0
1622,M7,2025-12-04T02:00:00,57.6,0.2,4333.2,0,80.6,0.45,0
1623,M7,2025-12-04T08:00:00,62.4,2.16,2139.5,0,86.5,0.87,0
1624,M7,2025-12-04T14:00:00,60.7,1.98,5709.0,0,68.2,0.72,0
1625,M7,2025-12-04T20:00:00,69.3,2.11,4701.5,3,67.9,0.72,1
1626,M7,2025-12-05T02:00:00,68.1,3.39,1154.5,2,4.9,0.73,0
1627,M7,2025-12-05T08:00:00,64.6,2.38,484.8,1,65.9,0.93,0
1628,M7,2025-12-05T14:00:00,62.9,3.48,343.0,0,5.5,0.34,0
1629,M7,2025-12-05T20:00:00,58.0,2.31,4287.0,0,57.5,0.83,0
1630,M7,2025-12-06T02:00:00,78.2,3.25,3225.4,3,37.4,0.86,1
1631,M7,2025-12-06T08:00:00,71.6,1.91,662.7,2,86.5,0.83,0
1632,M7,2025-12-06T14:00:00,51.2,2.56,2048.9,0,34.2,0.33,0
1633,M7,2025-12-06T20:00:00,60.2,2.11,2990.4,3,22.2,0.9,1
1634,M7,2025-12-07T02:00:00,68.2,2.62,2840.4,2,74.2,0.9,0
1635,M7,2025-12-07T08:00:00,76.4,3.37,4631.1,4,22.3,0.86,0
1636,M7,2025-12-07T14:00:00,55.7,3.45,1682.9,3,85.5,0.89,0
1637,M7,2025-12-07T20:00:00,51.0,2.64,280.9,0,6.7,0.47,0
1638,M7,2025-12-08T02:00:00,62.2,2.99,932.3,1,8.6,0.77,0
1639,M7,2025-12-08T08:00:00,75.0,1.86,5899.8,1,19.6,0.75,0
1640,M7,2025-12-08T14:00:00,68.7,1.84,5889.2,3,31.6,0.45,0
1641,M7,2025-12-08T20:00:00,62.5,2.47,1177.8,2,4.6,0.91,0
1642,M7,2025-12-09T02:00:00,69.5,3.03,3939.9,1,59.9,0.57,0
1643,M7,2025-12-09T08:00:00,65.3,3.67,1103.7,1,3.2,0.4,0
1644,M7,2025-12-09T14:00:00,56.5,2.58,5714.8,1,18.7,0.72,0
1645,M7,2025-12-09T20:00:00,65.0,2.25,2507.8,4,32.0,0.67,0
1646,M7,2025-12-10T02:00:00,68.5,2.26,1573.1,3,30.2,0.96,0
1647,M7,2025-12-10T08:00:00,61.3,1.87,4020.5,0,23.3,0.52,0
1648,M7,2025-12-10T14:00:00,65.6,3.58,4415.4,2,37.9,0.43,0
1649,M7,2025-12-10T20:00:00,58.6,1.02,3731.9,4,59.4,0.3,0
1650,M7,2025-12-11T02:00:00,38.0,2.89,1637.7,1,79.5,0.83,0
1651,M7,2025-12-11T08:00:00,68.8,2.73,495.5,2,58.5,0.65,0
1652,M7,2025-12-11T14:00:00,63.2,3.29,302.7,3,55.3,0.45,0
1653,M7,2025-12-11T20:00:00,61.3,2.76,4860.8,2,28.4,0.77,0
1654,M7,2025-12-12T02:00:00,47.3,2.57,1011.4,1,10.5,0.38,0
1655,M7,2025-12-12T08:00:00,72.0,2.17,1510.3,1,57.2,0.4,0
1656,M7,2025-12-12T14:00:00,53.0,1.74,186.5,1,48.0,0.84,0
1657,M7,2025-12-12T20:00:00,73.6,2.96,4560.8,1,45.1,0.71,0
1658,M7,2025-12-13T02:00:00,57.6,1.64,989.4,2,12.9,0.82,0
1659,M7,2025-12-13T08:00:00,48.0,3.05,2960.6,4,21.1,0.77,0
1660,M7,2025-12-13T14:00:00,64.9,3.94,1474.9,1,83.2,0.88,0
1661,M7,2025-12-13T20:00:00,73.6,2.74,2827.5,2,82.7,0.89,1
1662,M7,2025-12-14T02:00:00,62.4,3.12,5547.6,2,50.7,0.89,0
1663,M7,2025-12-14T08:00:00,63.2,3.3,2884.5,1,74.5,0.73,0
1664,M7,2025-12-14T14:00:00,69.9,1.84,1267.2,1,6.8,0.53,0
1665,M7,2025-12-14T20:00:00,65.5,3.11,5736.0,1,11.8,0.78,0
1666,M7,2025-12-15T02:00:00,72.2,2.08,4679.5,4,69.8,0.92,0
1667,M7,2025-12-15T08:00:00,70.4,1.59,3062.4,2,1.5,0.56,0
1668,M7,2025-12-15T14:00:00,63.7,2.48,4607.6,2,71.2,0.61,0
1669,M7,2025-12-15T20:00:00,66.3,1.29,1890.2,2,66.6,0.48,0
1670,M7,2025-12-16T02:00:00,76.0,1.21,2454.5,1,6.8,0.47,0
1671,M7,2025-12-16T08:00:00,60.9,2.8,3249.3,1,66.7,0.77,0
1672,M7,2025-12-16T14:00:00,68.5,1.88,3585.4,3,83.9,0.49,0
1673,M7,2025-12-16T20:00:00,49.7,4.51,4355.7,3,78.3,0.53,1
1674,M7,2025-12-17T02:00:00,64.6,1.6,2613.0,2,26.7,0.93,0
1675,M7,2025-12-17T08:00:00,74.8,2.31,5481.3,3,59.3,0.86,1
1676,M7,2025-12-17T14:00:00,60.7,2.74,4377.4,3,14.2,0.48,0
1677,M7,2025-12-17T20:00:00,64.6,2.83,5289.8,1,54.0,0.59,0
1678,M7,2025-12-18T02:00:00,67.9,2.84,2888.5,0,89.5,0.33,0
1679,M7,2025-12-18T08:00:00,67.4,1.87,3334.6,0,20.8,0.55,0
1680,M7,2025-12-18T14:00:00,68.1,1.11,4186.8,2,50.3,0.46,0
1681,M7,2025-12-18T20:00:00,58.9,1.69,3584.5,4,77.7,0.43,0
1682,M7,2025-12-19T02:00:00,57.3,3.53,5213.9,4,16.5,0.66,1
1683,M7,2025-12-19T08:00:00,58.2,2.94,1821.7,3,41.5,0.75,0
1684,M7,2025-12-19T14:00:00,61.5,2.69,1493.1,2,86.3,0.82,0
1685,M7,2025-12-19T20:00:00,67.7,2.29,2590.6,3,58.1,0.51,0
1686,M7,2025-12-20T02:00:00,76.7,2.11,715.8,2,7.2,0.59,0
1687,M7,2025-12-20T08:00:00,65.8,2.86,5090.9,1,46.4,0.45,0
1688,M7,2025-12-20T14:00:00,66.1,2.92,100.9,0,4.1,0.48,0
1689,M7,2025-12-20T20:00:00,68.8,2.76,2170.8,3,8.8,0.43,0
1690,M7,2025-12-21T02:00:00,54.8,4.17,3005.5,1,8.6,0.99,1
1691,M7,2025-12-21T08:00:00,46.1,2.16,2606.5,1,78.7,0.39,0
1692,M7,2025-12-21T14:00:00,69.0,0.71,2543.1,1,8.5,0.89,0
1693,M7,2025-12-21T20:00:00,67.8,3.13,3723.5,1,35.5,0.76,0
1694,M7,2025-12-22T02:00:00,75.8,2.21,4565.8,2,39.4,0.84,0
1695,M7,2025-12-22T08:00:00,49.4,1.84,5400.9,1,35.5,0.58,0
1696,M7,2025-12-22T14:00:00,59.2,2.77,825.0,1,70.8,0.55,0
1697,M7,2025-12-22T20:00:00,54.7,1.95,1864.8,0,65.3,0.39,0
1698,M7,2025-12-23T02:00:00,71.4,2.49,5675.0,0,75.1,0.53,0
1699,M7,2025-12-23T08:00:00,53.4,1.8,4112.3,0,64.5,0.41,1
1700,M7,2025-12-23T14:00:00,61.4,2.5,5915.8,5,59.5,0.4,0
1701,M7,2025-12-23T20:00:00,64.2,2.32,5076.4,0,87.7,0.97,0
1702,M7,2025-12-24T02:00:00,61.2,2.04,2678.8,1,26.2,0.55,0
1703,M7,2025-12-24T08:00:00,74.7,1.53,1383.3,1,25.8,0.41,0
1704,M7,2025-12-24T14:00:00,62.2,3.44,3240.7,0,85.9,0.91,0
1705,M7,2025-12-24T20:00:00,73.2,2.92,3366.5,1,13.1,0.8,0
1706,M7,2025-12-25T02:00:00,64.8,2.73,1612.0,1,90.0,0.53,1
1707,M7,2025-12-25T08:00:00,66.6,1.84,5278.9,0,77.0,0.76,0
1708,M7,2025-12-25T14:00:00,62.8,1.35,3178.6,2,45.6,0.72,0
1709,M7,2025-12-25T20:00:00,76.1,1.76,1561.7,0,26.3,0.58,0
1710,M7,2025-12-26T02:00:00,53.7,1.62,566.3,0,29.4,0.63,0
1711,M7,2025-12-26T08:00:00,51.5,3.27,2530.7,1,33.4,0.43,0
1712,M7,2025-12-26T14:00:00,60.2,2.17,5445.0,1,20.7,0.92,0
1713,M7,2025-12-26T20:00:00,75.7,3.22,3305.8,0,18.6,0.37,1
1714,M7,2025-12-27T02:00:00,60.5,4.53,2498.7,0,7.4,0.97,1
1715,M7,2025-12-27T08:00:00,65.4,1.03,1203.9,0,6.5,0.99,0
1716,M7,2025-12-27T14:00:00,70.1,2.27,3607.1,1,43.0,0.58,0
1717,M7,2025-12-27T20:00:00,56.1,2.26,2296.0,0,88.9,0.65,1
1718,M7,2025-12-28T02:00:00,71.6,2.89,2505.5,2,53.8,0.74,0
1719,M7,2025-12-28T08:00:00,66.3,3.34,845.3,2,83.1,0.9,0
1720,M7,2025-12-28T14:00:00,69.8,3.51,5518.1,2,54.9,0.35,0
1721,M7,2025-12-28T20:00:00,59.0,2.25,4482.2,1,37.1,0.69,0
1722,M7,2025-12-29T02:00:00,69.5,3.14,790.0,2,6.8,0.51,0
1723,M7,2025-12-29T08:00:00,70.8,3.28,2999.5,2,4.5,0.39,0
1724,M7,2025-12-29T14:00:00,56.9,2.85,5977.3,1,0.7,0.67,0
1725,M7,2025-12-29T20:00:00,82.8,2.09,4630.9,1,30.4,0.65,1
1726,M7,2025-12-30T02:00:00,52.4,2.23,1302.4,2,47.9,0.79,0
1727,M7,2025-12-30T08:00:00,68.7,2.28,4154.9,0,21.1,0.75,0
1728,M7,2025-12-30T14:00:00,72.1,2.99,4514.5,2,9.5,0.74,0
1729,M7,2025-12-30T20:00:00,79.8,2.98,4941.7,2,14.6,0.99,0
1730,M7,2025-12-31T02:00:00,66.2,2.38,5681.1,0,44.9,0.64,0
1731,M7,2025-12-31T08:00:00,72.1,2.51,5900.4,4,61.0,0.9,1
1732,M7,2025-12-31T14:00:00,61.9,2.15,2573.8,2,3.8,0.8,0
1733,M7,2025-12-31T20:00:00,52.7,3.6,3281.6,1,19.7,0.87,1
1734,M7,2026-01-01T02:00:00,79.7,2.55,5743.3,3,25.0,0.63,1
1735,M7,2026-01-01T08:00:00,60.0,3.03,2385.3,2,4.3,0.68,0
1736,M7,2026-01-01T14:00:00,67.5,1.85,1998.6,2,13.7,0.56,1
1737,M7,2026-01-01T20:00:00,65.6,2.08,811.0,2,86.6,0.74,0
1738,M7,2026-01-02T02:00:00,56.9,1.94,2539.8,1,19.8,0.91,0
1739,M7,2026-01-02T08:00:00,70.5,2.64,702.1,1,68.6,0.3,0
1740,M7,2026-01-02T14:00:00,65.4,2.87,5217.6,2,50.7,0.52,0
1741,M7,2026-01-02T20:00:00,67.1,2.15,3698.8,1,79.2,0.57,0
1742,M7,2026-01-03T02:00:00,58.4,2.87,5171.1,0,71.3,0.73,1
1743,M7,2026-01-03T08:00:00,73.8,1.86,3979.0,1,52.4,0.97,1
1744,M7,2026-01-03T14:00:00,62.4,2.81,3292.5,4,50.4,0.73,1
1745,M7,2026-01-03T20:00:00,77.8,2.69,340.2,1,15.8,0.66,1
1746,M7,2026-01-04T02:00:00,67.8,2.56,5560.8,1,5.9,0.48,1
1747,M7,2026-01-04T08:00:00,59.1,3.34,3308.7,3,39.8,0.74,1
1748,M7,2026-01-04T14:00:00,69.3,2.52,1088.1,2,88.4,0.51,0
1749,M7,2026-01-04T20:00:00,69.8,2.15,1068.1,1,56.2,0.44,1
1750,M7,2026-01-05T02:00:00,63.0,2.94,2628.9,0,5.7,0.81,0
1751,M8,2025-11-03T20:00:00,77.8,2.3,1518.9,3,61.1,0.64,0
1752,M8,2025-11-04T02:00:00,54.4,2.5,1072.8,1,40.2,0.63,0
1753,M8,2025-11-04T08:00:00,61.2,3.24,3834.6,1,19.4,0.85,1
1754,M8,2025-11-04T14:00:00,70.1,2.93,3592.4,2,48.6,0.33,0
1755,M8,2025-11-04T20:00:00,80.2,3.75,2667.1,1,85.5,0.46,1
1756,M8,2025-11-05T02:00:00,79.2,2.93,5384.3,2,85.5,0.77,1
1757,M8,2025-11-05T08:00:00,64.1,1.52,5211.8,3,69.3,0.8,1
1758,M8,2025-11-05T14:00:00,72.6,2.45,5052.9,1,2.0,0.44,0
1759,M8,2025-11-05T20:00:00,54.6,3.3,4941.5,3,37.9,0.49,1
1760,M8,2025-11-06T02:00:00,78.8,2.46,2831.5,0,35.1,0.44,0
1761,M8,2025-11-06T08:00:00,67.5,3.25,2965.8,0,62.5,0.33,0
1762,M8,2025-11-06T14:00:00,61.2,2.17,5401.7,0,59.7,0.63,0
1763,M8,2025-11-06T20:00:00,72.6,2.11,1791.9,3,84.3,0.31,0
1764,M8,2025-11-07T02:00:00,72.7,3.17,5659.8,2,15.3,0.7,0
1765,M8,2025-11-07T08:00:00,57.3,1.81,4223.8,0,4.4,0.57,0
1766,M8,2025-11-07T14:00:00,62.4,1.95,596.2,1,57.4,0.59,0
1767,M8,2025-11-07T20:00:00,70.6,2.5,2299.3,0,25.5,0.58,0
1768,M8,2025-11-08T02:00:00,62.3,3.75,2702.5,2,70.1,0.8,0
1769,M8,2025-11-08T08:00:00,50.0,2.6,421.6,1,19.5,0.41,0
1770,M8,2025-11-08T14:00:00,59.1,3.72,1577.3,1,1.3,0.78,0
1771,M8,2025-11-08T20:00:00,58.4,2.98,4042.0,2,83.9,0.35,0
1772,M8,2025-11-09T02:00:00,56.6,2.22,5043.6,2,50.0,0.43,1
1773,M8,2025-11-09T08:00:00,55.9,3.65,4819.7,1,69.4,0.77,1
1774,M8,2025-11-09T14:00:00,63.1,3.43,4695.5,1,66.2,0.99,1
1775,M8,2025-11-09T20:00:00,55.1,2.83,149.8,1,10.8,0.61,0
1776,M8,2025-11-10T02:00:00,60.4,0.99,1180.4,5,45.5,0.56,0
1777,M8,2025-11-10T08:00:00,57.4,1.97,1556.7,4,67.9,0.54,0
1778,M8,2025-11-10T14:00:00,66.9,1.13,2124.7,3,5.9,0.49,0
1779,M8,2025-11-10T20:00:00,62.6,3.04,5622.9,1,76.7,0.73,1
1780,M8,2025-11-11T02:00:00,66.3,2.58,4635.8,3,82.0,0.39,0
1781,M8,2025-11-11T08:00:00,56.4,3.19,4850.1,1,55.0,0.45,1
1782,M8,2025-11-11T14:00:00,63.0,4.1,5891.8,2,20.2,0.79,0
1783,M8,2025-11-11T20:00:00,77.3,3.32,2202.0,0,70.8,0.52,0
1784,M8,2025-11-12T02:00:00,80.3,2.51,2189.3,1,51.3,0.98,1
1785,M8,2025-11-12T08:00:00,66.9,2.03,3630.4,1,79.0,0.64,0
1786,M8,2025-11-12T14:00:00,64.6,2.25,1158.1,0,25.9,0.69,0
1787,M8,2025-11-12T20:00:00,49.9,3.41,4273.0,1,87.5,0.78,0
1788,M8,2025-11-13T02:00:00,62.1,1.72,4732.4,4,41.1,0.78,0
1789,M8,2025-11-13T08:00:00,63.8,2.75,5785.1,1,19.0,0.35,0
1790,M8,2025-11-13T14:00:00,57.9,2.91,131.1,0,89.6,0.68,1
1791,M8,2025-11-13T20:00:00,59.6,3.84,3331.6,1,12.8,0.45,0
1792,M8,2025-11-14T02:00:00,61.5,2.66,1380.4,1,31.9,0.53,0
1793,M8,2025-11-14T08:00:00,57.6,1.53,2793.7,0,87.3,0.72,0
1794,M8,2025-11-14T14:00:00,72.5,1.13,4416.9,1,48.2,0.49,0
1795,M8,2025-11-14T20:00:00,77.2,2.5,2189.4,0,10.8,0.72,0
1796,M8,2025-11-15T02:00:00,60.8,3.37,3033.6,3,58.8,0.31,1
1797,M8,2025-11-15T08:00:00,56.0,2.57,5560.2,2,83.7,0.36,0
1798,M8,2025-11-15T14:00:00,66.5,2.2,3425.3,0,2.6,0.77,0
1799,M8,2025-11-15T20:00:00,67.7,3.16,3557.7,0,39.6,0.75,0
1800,M8,2025-11-16T02:00:00,58.8,3.67,3059.9,3,78.8,0.72,0
1801,M8,2025-11-16T08:00:00,66.3,2.21,2968.4,1,13.4,0.83,0
1802,M8,2025-11-16T14:00:00,57.0,2.72,3075.8,0,66.0,0.71,0
1803,M8,2025-11-16T20:00:00,69.1,1.39,2595.0,4,13.6,0.45,0
1804,M8,2025-11-17T02:00:00,59.7,2.42,5445.1,1,66.6,0.57,0
1805,M8,2025-11-17T08:00:00,57.7,1.64,151.4,1,65.2,0.66,0
1806,M8,2025-11-17T14:00:00,62.0,2.85,3625.8,2,6.4,0.79,0
1807,M8,2025-11-17T20:00:00,63.2,1.3,3841.5,2,32.2,0.91,0
1808,M8,2025-11-18T02:00:00,55.9,1.99,4807.7,1,48.2,0.7,0
1809,M8,2025-11-18T08:00:00,50.8,1.87,1163.3,1,83.5,0.92,0
1810,M8,2025-11-18T14:00:00,52.1,1.88,1500.2,2,2.9,0.52,0
1811,M8,2025-11-18T20:00:00,59.6,3.52,2676.1,1,27.1,0.42,0
1812,M8,2025-11-19T02:00:00,65.6,2.48,2470.9,2,55.8,0.37,0
1813,M8,2025-11-19T08:00:00,67.5,3.22,5536.7,1,6.4,0.57,1
1814,M8,2025-11-19T14:00:00,53.4,1.56,3380.8,0,26.9,0.7,0
1815,M8,2025-11-19T20:00:00,62.6,3.59,3004.5,1,1.9,0.73,1
1816,M8,2025-11-20T02:00:00,64.1,1.94,4751.7,0,80.7,0.35,0
1817,M8,2025-11-20T08:00:00,56.6,2.38,4043.1,0,81.7,0.4,0
1818,M8,2025-11-20T14:00:00,50.1,2.02,439.6,2,74.6,0.67,0
1819,M8,2025-11-20T20:00:00,53.3,2.26,5460.3,1,30.9,0.46,0
1820,M8,2025-11-21T02:00:00,55.3,2.98,912.7,0,6.2,0.57,0
1821,M8,2025-11-21T08:00:00,62.6,1.68,1487.3,3,50.9,0.34,0
1822,M8,2025-11-21T14:00:00,60.7,2.79,1879.4,1,83.2,0.39,0
1823,M8,2025-11-21T20:00:00,57.9,2.46,740.3,1,16.4,0.71,0
1824,M8,2025-11-22T02:00:00,62.9,2.31,1453.6,0,1.0,0.31,0
1825,M8,2025-11-22T08:00:00,52.5,3.24,2005.6,0,61.3,0.58,0
1826,M8,2025-11-22T14:00:00,58.4,2.47,3795.6,0,62.1,0.56,0
1827,M8,2025-11-22T20:00:00,68.8,1.86,4244.1,0,44.0,0.36,0
1828,M8,2025-11-23T02:00:00,72.9,1.6,3676.0,4,64.9,0.53,0
1829,M8,2025-11-23T08:00:00,43.0,3.02,5495.9,4,36.1,0.9,0
1830,M8,2025-11-23T14:00:00,76.3,1.4,2190.5,2,53.4,0.64,0
1831,M8,2025-11-23T20:00:00,64.8,1.65,5172.1,2,83.3,0.94,0
1832,M8,2025-11-24T02:00:00,58.7,4.14,5365.5,2,18.5,0.78,0
1833,M8,2025-11-24T08:00:00,58.6,3.5,2765.8,1,86.6,0.44,1
1834,M8,2025-11-24T14:00:00,70.5,3.31,1090.8,2,14.0,0.57,0
1835,M8,2025-11-24T20:00:00,73.1,2.58,2382.0,1,55.5,0.63,0
1836,M8,2025-11-25T02:00:00,59.0,2.41,1503.6,1,87.4,0.59,0
1837,M8,2025-11-25T08:00:00,60.5,1.67,1767.2,1,50.3,0.82,0
1838,M8,2025-11-25T14:00:00,63.8,2.41,3051.4,0,35.7,0.81,0
1839,M8,2025-11-25T20:00:00,64.1,2.31,5588.7,3,8.8,0.51,0
1840,M8,2025-11-26T02:00:00,55.0,3.1,2177.9,0,10.7,0.48,0
1841,M8,2025-11-26T08:00:00,65.3,2.88,498.6,5,14.4,0.79,0
1842,M8,2025-11-26T14:00:00,69.5,1.98,5621.3,4,36.2,0.75,0
1843,M8,2025-11-26T20:00:00,69.4,2.77,5466.2,1,60.8,0.71,0
1844,M8,2025-11-27T02:00:00,57.0,2.71,3836.6,2,56.4,0.32,0
1845,M8,2025-11-27T08:00:00,57.5,1.39,5683.1,0,0.4,0.37,0
1846,M8,2025-11-27T14:00:00,44.4,2.6,4483.0,1,21.2,0.92,0
1847,M8,2025-11-27T20:00:00,67.2,0.65,3389.9,0,19.4,0.33,0
1848,M8,2025-11-28T02:00:00,75.9,2.9,2563.6,2,56.3,0.68,0
1849,M8,2025-11-28T08:00:00,69.4,0.78,4525.7,5,77.8,0.94,1
1850,M8,2025-11-28T14:00:00,68.9,2.53,1584.3,1,64.4,0.36,0
1851,M8,2025-11-28T20:00:00,69.8,2.7,670.4,2,40.5,0.62,0
1852,M8,2025-11-29T02:00:00,54.7,2.62,5721.8,1,77.2,0.48,0
1853,M8,2025-11-29T08:00:00,65.5,3.45,5575.6,1,63.5,0.85,0
1854,M8,2025-11-29T14:00:00,68.1,3.21,5847.5,2,9.1,0.36,1
1855,M8,2025-11-29T20:00:00,72.8,2.76,973.3,1,80.7,0.33,0
1856,M8,2025-11-30T02:00:00,74.5,2.26,3607.7,0,78.0,0.71,0
1857,M8,2025-11-30T08:00:00,72.2,1.06,283.0,2,24.3,0.42,0
1858,M8,2025-11-30T14:00:00,61.6,2.19,4603.6,2,22.5,0.71,0
1859,M8,2025-11-30T20:00:00,78.3,3.3,4597.5,1,40.1,0.76,1
1860,M8,2025-12-01T02:00:00,59.5,4.57,4920.9,1,24.3,0.69,0
1861,M8,2025-12-01T08:00:00,55.3,1.9,4091.5,2,46.9,0.36,0
1862,M8,2025-12-01T14:00:00,54.6,2.62,3897.1,1,66.7,0.74,0
1863,M8,2025-12-01T20:00:00,69.1,2.49,3519.4,1,46.2,0.31,0
1864,M8,2025-12-02T02:00:00,63.3,1.13,2369.3,0,13.9,0.77,0
1865,M8,2025-12-02T08:00:00,69.7,2.25,5256.2,1,16.0,0.96,0
1866,M8,2025-12-02T14:00:00,65.4,1.88,131.7,0,49.1,0.43,0
1867,M8,2025-12-02T20:00:00,56.4,1.97,5183.8,1,56.4,0.71,0
1868,M8,2025-12-03T02:00:00,61.6,2.93,2388.4,1,28.7,0.48,0
1869,M8,2025-12-03T08:00:00,58.1,2.87,5206.7,1,2.1,0.34,0
1870,M8,2025-12-03T14:00:00,68.1,3.24,886.5,2,38.4,0.63,1
1871,M8,2025-12-03T20:00:00,50.6,1.17,3896.2,2,12.7,0.98,0
1872,M8,2025-12-04T02:00:00,65.4,2.63,1770.6,1,78.6,0.84,0
1873,M8,2025-12-04T08:00:00,63.1,2.01,5214.5,2,11.7,0.93,0
1874,M8,2025-12-04T14:00:00,70.8,3.07,5700.6,1,1.3,0.65,0
1875,M8,2025-12-04T20:00:00,61.8,1.09,4796.4,5,54.1,0.31,0
1876,M8,2025-12-05T02:00:00,67.1,2.16,161.8,3,64.2,0.34,0
1877,M8,2025-12-05T08:00:00,68.8,2.43,2165.3,1,49.3,0.5,1
1878,M8,2025-12-05T14:00:00,67.5,3.27,3842.0,1,25.5,0.74,0
1879,M8,2025-12-05T20:00:00,67.9,2.24,4766.5,1,62.9,0.42,0
1880,M8,2025-12-06T02:00:00,64.6,2.36,5465.6,2,42.1,0.82,1
1881,M8,2025-12-06T08:00:00,53.0,1.48,1497.1,1,9.5,0.4,0
1882,M8,2025-12-06T14:00:00,57.4,2.11,618.0,0,71.1,0.66,0
1883,M8,2025-12-06T20:00:00,68.3,2.07,5895.6,0,39.5,0.51,1
1884,M8,2025-12-07T02:00:00,61.3,2.84,1990.7,1,41.8,0.89,0
1885,M8,2025-12-07T08:00:00,61.3,3.64,4378.8,1,75.0,0.48,0
1886,M8,2025-12-07T14:00:00,72.8,2.71,5770.6,3,66.6,0.97,0
1887,M8,2025-12-07T20:00:00,66.5,3.62,5365.3,2,11.3,0.47,0
1888,M8,2025-12-08T02:00:00,65.8,2.46,5444.5,0,55.3,0.58,0
1889,M8,2025-12-08T08:00:00,81.8,2.49,2474.7,1,44.1,0.38,0
1890,M8,2025-12-08T14:00:00,71.0,2.71,2569.0,1,63.9,0.97,0
1891,M8,2025-12-08T20:00:00,64.6,2.88,956.5,1,39.9,0.91,1
1892,M8,2025-12-09T02:00:00,54.5,2.44,1640.1,3,6.4,0.61,0
1893,M8,2025-12-09T08:00:00,84.0,2.45,5195.3,0,88.3,0.98,1
1894,M8,2025-12-09T14:00:00,53.9,2.26,2923.2,0,31.9,0.71,0
1895,M8,2025-12-09T20:00:00,58.5,1.9,2860.8,1,46.7,0.94,0
1896,M8,2025-12-10T02:00:00,68.5,2.44,1174.3,1,29.7,0.89,1
1897,M8,2025-12-10T08:00:00,68.2,2.98,259.9,0,16.6,0.65,0
1898,M8,2025-12-10T14:00:00,56.3,2.46,3017.1,2,27.4,0.93,0
1899,M8,2025-12-10T20:00:00,72.0,2.32,4983.1,2,70.2,0.53,0
1900,M8,2025-12-11T02:00:00,83.7,2.35,1971.7,2,19.6,0.34,0
1901,M8,2025-12-11T08:00:00,64.5,2.04,263.0,1,57.8,0.58,0
1902,M8,2025-12-11T14:00:00,77.3,1.98,3142.4,2,81.7,1.0,0
1903,M8,2025-12-11T20:00:00,61.1,2.14,150.0,4,64.2,0.75,0
1904,M8,2025-12-12T02:00:00,63.5,3.49,1861.7,3,41.9,0.7,0
1905,M8,2025-12-12T08:00:00,68.8,2.71,5174.8,0,65.5,0.92,0
1906,M8,2025-12-12T14:00:00,73.4,2.21,3156.3,1,1.7,0.75,0
1907,M8,2025-12-12T20:00:00,57.8,2.82,756.5,1,2.8,0.66,0
1908,M8,2025-12-13T02:00:00,63.6,2.41,3690.5,0,65.2,0.51,0
1909,M8,2025-12-13T08:00:00,76.7,1.73,1244.5,0,11.4,0.38,0
1910,M8,2025-12-13T14:00:00,62.0,4.87,1798.1,0,87.1,0.34,0
1911,M8,2025-12-13T20:00:00,61.6,2.38,4504.9,3,51.5,0.37,0
1912,M8,2025-12-14T02:00:00,75.3,2.51,5204.0,1,18.5,0.63,1
1913,M8,2025-12-14T08:00:00,70.6,2.75,368.6,1,1.8,0.87,0
1914,M8,2025-12-14T14:00:00,67.0,2.0,5364.9,2,48.5,0.47,0
1915,M8,2025-12-14T20:00:00,68.0,2.26,4141.2,3,63.1,0.87,1
1916,M8,2025-12-15T02:00:00,67.1,3.44,4042.6,0,58.8,0.55,0
1917,M8,2025-12-15T08:00:00,61.4,1.37,3443.4,1,37.1,0.62,0
1918,M8,2025-12-15T14:00:00,50.2,2.46,477.8,3,13.8,0.51,0
1919,M8,2025-12-15T20:00:00,76.5,1.75,788.1,1,35.2,0.71,1
1920,M8,2025-12-16T02:00:00,71.7,3.38,2504.2,2,77.4,0.84,1
1921,M8,2025-12-16T08:00:00,77.1,2.7,4732.9,0,60.4,0.51,0
1922,M8,2025-12-16T14:00:00,61.0,2.65,2730.5,2,52.5,0.81,0
1923,M8,2025-12-16T20:00:00,77.1,3.74,1476.2,0,57.1,0.74,0
1924,M8,2025-12-17T02:00:00,70.6,1.88,1425.9,1,16.2,0.38,0
1925,M8,2025-12-17T08:00:00,75.9,1.4,5152.8,0,67.8,0.64,0
1926,M8,2025-12-17T14:00:00,77.4,1.96,1256.2,4,68.7,0.63,1
1927,M8,2025-12-17T20:00:00,73.9,3.78,2171.3,2,80.0,0.8,1
1928,M8,2025-12-18T02:00:00,65.5,2.96,5972.6,2,28.9,0.64,0
1929,M8,2025-12-18T08:00:00,78.2,1.58,1719.3,1,13.1,0.51,0
1930,M8,2025-12-18T14:00:00,64.2,1.35,5700.0,0,64.0,0.36,0
1931,M8,2025-12-18T20:00:00,62.9,1.51,4011.5,3,69.5,0.91,0
1932,M8,2025-12-19T02:00:00,51.8,2.59,2994.5,0,73.1,0.94,0
1933,M8,2025-12-19T08:00:00,77.5,4.23,755.1,4,32.8,0.85,1
1934,M8,2025-12-19T14:00:00,64.3,3.32,3612.3,1,43.6,0.97,0
1935,M8,2025-12-19T20:00:00,51.5,2.98,1519.6,0,6.8,0.35,0
1936,M8,2025-12-20T02:00:00,64.9,2.68,4549.4,1,11.5,0.79,0
1937,M8,2025-12-20T08:00:00,64.4,1.12,4640.8,2,26.8,0.65,0
1938,M8,2025-12-20T14:00:00,76.4,1.39,2320.5,2,39.2,0.39,0
1939,M8,2025-12-20T20:00:00,66.8,1.93,3834.9,1,66.7,0.71,0
1940,M8,2025-12-21T02:00:00,68.3,3.09,1014.2,2,52.2,0.34,0
1941,M8,2025-12-21T08:00:00,50.3,2.28,3961.7,1,52.0,0.92,0
1942,M8,2025-12-21T14:00:00,66.5,2.5,3552.6,3,7.0,0.71,1
1943,M8,2025-12-21T20:00:00,81.6,1.91,546.7,1,36.5,0.95,0
1944,M8,2025-12-22T02:00:00,49.6,2.49,3594.4,1,14.3,0.86,0
1945,M8,2025-12-22T08:00:00,59.3,1.43,3636.7,1,54.8,0.39,0
1946,M8,2025-12-22T14:00:00,53.8,2.34,3522.9,2,71.9,0.3,0
1947,M8,2025-12-22T20:00:00,55.5,2.67,2683.6,0,78.7,0.68,0
1948,M8,2025-12-23T02:00:00,67.2,1.5,306.2,2,77.7,0.73,1
1949,M8,2025-12-23T08:00:00,61.0,3.54,4783.0,1,11.4,0.55,0
1950,M8,2025-12-23T14:00:00,71.2,2.09,4829.5,1,67.1,0.36,1
1951,M8,2025-12-23T20:00:00,64.5,2.13,4524.5,0,82.7,0.85,0
1952,M8,2025-12-24T02:00:00,64.6,2.15,1874.0,2,28.0,0.66,0
1953,M8,2025-12-24T08:00:00,65.1,3.58,5974.5,3,69.2,0.31,1
1954,M8,2025-12-24T14:00:00,61.8,2.07,4315.7,1,59.9,0.67,1
1955,M8,2025-12-24T20:00:00,57.0,2.31,5469.1,1,0.2,0.73,0
1956,M8,2025-12-25T02:00:00,75.1,2.15,374.5,2,81.7,0.7,0
1957,M8,2025-12-25T08:00:00,58.7,2.38,226.7,1,36.7,0.88,0
1958,M8,2025-12-25T14:00:00,72.6,2.02,2510.3,1,45.1,0.53,1
1959,M8,2025-12-25T20:00:00,69.7,0.94,4464.5,0,47.4,0.77,0
1960,M8,2025-12-26T02:00:00,56.9,1.16,3657.2,1,4.1,0.51,0
1961,M8,2025-12-26T08:00:00,73.5,3.04,4093.3,1,53.3,0.74,1
1962,M8,2025-12-26T14:00:00,61.7,3.33,2696.4,0,52.0,0.56,1
1963,M8,2025-12-26T20:00:00,64.5,1.37,2479.7,0,57.2,0.81,0
1964,M8,2025-12-27T02:00:00,74.1,3.46,5673.4,0,27.7,0.78,0
1965,M8,2025-12-27T08:00:00,61.1,2.57,5954.5,0,74.4,0.49,0
1966,M8,2025-12-27T14:00:00,76.3,2.68,3662.1,0,41.6,0.32,0
1967,M8,2025-12-27T20:00:00,56.0,2.42,1545.8,2,18.8,0.53,0
1968,M8,2025-12-28T02:00:00,75.4,3.06,2750.7,2,83.2,0.92,1
1969,M8,2025-12-28T08:00:00,74.0,2.19,3565.3,1,47.8,0.42,0
1970,M8,2025-12-28T14:00:00,60.9,3.17,3273.9,2,20.5,0.37,0
1971,M8,2025-12-28T20:00:00,66.7,1.77,5171.0,3,11.8,0.5,0
1972,M8,2025-12-29T02:00:00,63.6,2.44,5721.7,1,13.2,0.93,0
1973,M8,2025-12-29T08:00:00,73.8,1.95,2824.1,2,6.2,0.59,0
1974,M8,2025-12-29T14:00:00,66.2,0.97,1488.8,2,3.5,0.66,0
1975,M8,2025-12-29T20:00:00,60.7,4.44,225.4,1,75.1,0.97,0
1976,M8,2025-12-30T02:00:00,55.2,1.96,861.4,1,5.3,0.89,0
1977,M8,2025-12-30T08:00:00,68.2,3.93,5237.3,1,41.2,0.69,1
1978,M8,2025-12-30T14:00:00,67.7,3.21,5534.3,0,64.8,0.95,0
1979,M8,2025-12-30T20:00:00,64.9,1.94,185.7,2,36.8,0.33,0
1980,M8,2025-12-31T02:00:00,58.9,1.47,4140.7,1,3.4,0.54,0
1981,M8,2025-12-31T08:00:00,63.3,3.27,637.5,2,29.8,0.53,0
1982,M8,2025-12-31T14:00:00,65.3,4.02,504.1,3,83.9,0.81,1
1983,M8,2025-12-31T20:00:00,66.8,2.54,5048.6,2,69.8,0.57,0
1984,M8,2026-01-01T02:00:00,60.7,3.0,2605.9,1,72.0,0.73,1
1985,M8,2026-01-01T08:00:00,53.6,1.84,1513.0,0,67.5,0.53,0
1986,M8,2026-01-01T14:00:00,59.6,3.11,3648.8,0,40.8,0.55,0
1987,M8,2026-01-01T20:00:00,67.3,1.92,3896.4,0,86.3,1.0,0
1988,M8,2026-01-02T02:00:00,68.7,2.41,1086.3,2,51.8,0.72,0
1989,M8,2026-01-02T08:00:00,60.3,2.8,782.4,0,23.0,0.83,0
1990,M8,2026-01-02T14:00:00,64.6,2.13,5871.8,0,73.1,0.56,1
1991,M8,2026-01-02T20:00:00,65.5,2.35,5405.0,2,5.8,0.96,0
1992,M8,2026-01-03T02:00:00,56.2,3.12,337.0,1,21.4,0.78,0
1993,M8,2026-01-03T08:00:00,71.4,2.28,2057.4,1,77.8,0.8,0
1994,M8,2026-01-03T14:00:00,64.8,2.56,3288.4,1,73.3,0.59,0
1995,M8,2026-01-03T20:00:00,62.5,2.11,3494.5,2,40.0,0.84,0
1996,M8,2026-01-04T02:00:00,63.1,2.23,2303.6,2,84.7,0.49,0
1997,M8,2026-01-04T08:00:00,69.5,2.6,5708.3,1,72.9,0.38,1
1998,M8,2026-01-04T14:00:00,68.7,3.09,4282.3,5,65.3,0.35,1
1999,M8,2026-01-04T20:00:00,66.4,1.15,2850.8,3,85.6,0.32,0
2000,M8,2026-01-05T02:00:00,56.6,2.12,4982.8,1,12.3,0.56,1
